firstName,lastName,team,positionGroup,subPosition,officialId,salary,eventId,fp_season_avg,fp_last3_avg,fp_lag1,fp_ewma_4,shots_season_avg,shots_last3_avg,groundBalls_season_avg,groundBalls_last3_avg,saves_season_avg,saves_last3_avg,faceoffsWon_season_avg,faceoffsWon_last3_avg,assists_season_avg,assists_last3_avg,causedTurnovers_season_avg,causedTurnovers_last3_avg,faceoffPct_season_avg,faceoffPct_last3_avg,touches_season_avg,touches_last3_avg,shotPct_season_avg,shotPct_last3_avg,last_startTime,shotPct_anomaly,opponent,game_id,days_since_last_game,team_faceoff_advantage,team_vacated_touch_share,team_inactive_fp_avg,opp_ssdm_health,opp_def_health,opp_goalie_health,pairing_rating,opponent_rating,player_vs_team_rating,team_def_rating,expected_pace,game_pace,salary_normalized,salary_percentile,PredictedPoints,PredictedTier,BoomProbability,fo_win_prob,expected_fow,expected_fot
Asher,Nolting,CAN,Attack,Attack,002024,38,2025_game_39,36.403225806451616,41.0,33.0,34.44203195029704,4.903225806451613,4.0,1.3870967741935485,0.6666666666666666,0.0,0.0,0.0,0.0,2.3548387096774195,2.6666666666666665,0.16129032258064516,0.3333333333333333,0.0,0.0,31.258064516129032,27.333333333333332,0.29170506912442395,0.25396825396825395,1754101800.0,-0.03773681515617,RED,2025-ev-39,7.0,-0.2670906366103856,0.0,0.0,1.0,0.9789473684210527,1.0,1.0079498755128302,0.827907594514776,1.1214391365295329,1.1312466838654789,22.849999999999998,1.0079498755128302,0.76,0.7777777777777778,22.9827823638916,Boom,47.2,0.0,0.0,0.0
Marcus,Holman,CAN,Attack,Attack,000216,34,2025_game_39,35.774193548387096,40.333333333333336,38.0,31.210339397682183,6.870967741935484,5.0,2.4838709677419355,3.3333333333333335,0.0,0.0,0.0,0.0,0.7741935483870968,0.6666666666666666,0.3548387096774194,0.6666666666666666,0.0,0.0,38.354838709677416,39.0,0.3105606758832564,0.3452380952380952,1754101800.0,0.03467741935483876,RED,2025-ev-39,7.0,-0.2670906366103856,0.0,0.0,1.0,0.9789473684210527,1.0,1.0079498755128302,0.985042494758746,1.1864315317831928,1.1312466838654789,22.849999999999998,1.0079498755128302,0.68,0.6296296296296297,22.74921417236328,Boom,55.9,0.0,0.0,0.0
Coulter,Mackesy,CAN,Attack,Attack,003162,27,2025_game_39,26.5,26.666666666666668,27.0,26.97066634285247,6.833333333333333,5.0,1.5,0.6666666666666666,0.0,0.0,0.0,0.0,0.8333333333333334,1.3333333333333333,0.16666666666666666,0.0,0.0,0.0,34.0,28.666666666666668,0.3045634920634921,0.3841269841269841,1754101800.0,0.079563492063492,RED,2025-ev-39,7.0,-0.2670906366103856,0.0,0.0,1.0,0.9789473684210527,1.0,1.0079498755128302,1.0079498755128302,1.0079498755128302,1.1312466838654789,22.849999999999998,1.0079498755128302,0.54,0.42592592592592593,22.84626579284668,Average,42.2,0.0,0.0,0.0
Will,Manny,CAN,Attack,Attack,000227,22,2025_game_39,30.714285714285715,34.666666666666664,49.0,29.140366407985223,5.428571428571429,6.333333333333333,1.2857142857142858,1.0,0.0,0.0,0.0,0.0,1.3571428571428572,1.0,0.14285714285714285,0.6666666666666666,0.0,0.0,25.5,24.0,0.3075680272108844,0.25595238095238093,1754101800.0,-0.051615646258503456,RED,2025-ev-39,7.0,-0.2670906366103856,0.0,0.0,1.0,0.9789473684210527,1.0,1.0079498755128302,0.9343079883426725,1.2501703882329678,1.1312466838654789,22.849999999999998,1.0079498755128302,0.44,0.2222222222222222,21.409420013427734,Average,35.3,0.0,0.0,0.0
Ryder,Garnsey,RED,Attack,Attack,000373,23,2025_game_39,25.193548387096776,26.0,18.0,19.931701771506876,5.580645161290323,4.666666666666667,1.7741935483870968,2.3333333333333335,0.0,0.0,0.0,0.0,1.032258064516129,1.0,0.16129032258064516,0.0,0.0,0.0,34.645161290322584,29.666666666666668,0.24932272029046224,0.3666666666666667,1754179200.0,0.11734394637620446,CAN,2025-ev-39,7.0,0.2670906366103856,0.0,0.0,1.0,1.0,1.0,1.0079498755128302,1.196870008922754,0.9600367652331709,1.02941886059153,22.849999999999998,1.0079498755128302,0.46,0.2962962962962963,17.169511795043945,Boom,36.0,0.0,0.0,0.0
Chris,Kavanagh,RED,Attack,Attack,003168,43,2025_game_39,39.55555555555556,55.666666666666664,82.0,43.78443573932418,7.888888888888889,9.333333333333334,2.4444444444444446,2.6666666666666665,0.0,0.0,0.0,0.0,1.1111111111111112,1.6666666666666667,0.4444444444444444,0.3333333333333333,0.0,0.0,39.77777777777778,39.666666666666664,0.287012987012987,0.3194805194805195,1754179200.0,0.03246753246753248,CAN,2025-ev-39,7.0,0.2670906366103856,0.0,0.0,1.0,1.0,1.0,1.0079498755128302,0.9486887171061116,1.0079498755128302,1.02941886059153,22.849999999999998,1.0079498755128302,0.86,0.8518518518518519,21.971317291259766,Boom,46.1,0.0,0.0,0.0
Dylan,Molloy,RED,Attack,Attack,001001,36,2025_game_39,30.88888888888889,28.333333333333332,52.0,29.52875074988921,9.11111111111111,9.666666666666666,1.6666666666666667,1.6666666666666667,0.0,0.0,0.0,0.0,0.5555555555555556,0.3333333333333333,0.1111111111111111,0.0,0.0,0.0,31.0,31.0,0.27955747955747956,0.3053030303030303,1754179200.0,0.025745550745550738,CAN,2025-ev-39,7.0,0.2670906366103856,0.0,0.0,1.0,1.0,1.0,1.0079498755128302,0.9437596676806742,0.8056042528567768,1.02941886059153,22.849999999999998,1.0079498755128302,0.72,0.7222222222222222,20.793315887451172,Boom,41.8,0.0,0.0,0.0
Connor,Fields,ARC,Attack,Attack,000262,27,2025_game_40,30.46875,11.333333333333334,12.0,19.265712254053287,6.9375,4.666666666666667,1.46875,0.6666666666666666,0.0,0.0,0.0,0.0,0.75,0.0,0.28125,0.3333333333333333,0.0,0.0,29.59375,27.0,0.3120907738095238,0.2833333333333334,1753578000.0,-0.028757440476190443,CHA,2025-ev-40,7.0,0.06855350495241913,0.0,0.0,0.9815950920245399,0.9705882352941176,1.0,0.8491481445786426,0.8758502997570313,0.7673686463469149,0.8097777391648472,19.25,0.8491481445786426,0.54,0.42592592592592593,13.597173690795898,Boom,39.0,0.0,0.0,0.0
Sam,King,ARC,Attack,Attack,003174,29,2025_game_40,25.77777777777778,26.666666666666668,47.0,27.35944048005651,4.0,5.666666666666667,0.8888888888888888,1.0,0.0,0.0,0.0,0.0,1.1111111111111112,1.0,0.3333333333333333,0.3333333333333333,0.0,0.0,22.11111111111111,33.0,0.2305555555555555,0.2916666666666667,1753578000.0,0.06111111111111117,CHA,2025-ev-40,7.0,0.06855350495241913,0.0,0.0,0.9815950920245399,0.9705882352941176,1.0,0.8491481445786426,0.6850939512622809,0.8558583669855142,0.8097777391648472,19.25,0.8491481445786426,0.58,0.48148148148148145,17.010618209838867,Boom,36.8,0.0,0.0,0.0
Mac,O'Keefe,ARC,Attack,Attack,001814,15,2025_game_40,27.424242424242426,17.0,10.0,18.103418742009136,7.333333333333333,4.666666666666667,1.5454545454545454,1.3333333333333333,0.0,0.0,0.0,0.0,0.45454545454545453,0.6666666666666666,0.21212121212121213,0.0,0.0,0.0,24.727272727272727,23.333333333333332,0.26542699724517904,0.3,1753578000.0,0.03457300275482095,CHA,2025-ev-40,7.0,0.06855350495241913,0.0,0.0,0.9815950920245399,0.9705882352941176,1.0,0.8491481445786426,0.9906728353417498,0.7775569805661007,0.8097777391648472,19.25,0.8491481445786426,0.3,0.14814814814814814,15.963601112365723,Average,35.4,0.0,0.0,0.0
Josh,Zawada,CHA,Attack,Attack,003092,14,2025_game_40,14.142857142857142,16.666666666666668,10.0,14.181743756553034,3.4285714285714284,4.666666666666667,0.8571428571428571,1.0,0.0,0.0,0.0,0.0,0.7142857142857143,0.6666666666666666,0.14285714285714285,0.3333333333333333,0.0,0.0,31.714285714285715,36.0,0.3380952380952381,0.12222222222222223,1754092800.0,-0.21587301587301588,ARC,2025-ev-40,7.0,-0.06855350495241913,0.0,0.0,1.0,1.0,1.0,0.8491481445786426,0.8767192628811271,1.2551471012053061,0.7834691609534079,19.25,0.8491481445786426,0.28,0.09259259259259259,16.49489402770996,Average,37.1,0.0,0.0,0.0
Owen,Hiltz,CHA,Attack,Attack,003166,48,2025_game_40,46.666666666666664,61.0,53.0,50.4309740217498,7.0,7.666666666666667,1.0,1.0,0.0,0.0,0.0,0.0,1.6666666666666667,2.3333333333333335,0.5,0.6666666666666666,0.0,0.0,29.833333333333332,33.333333333333336,0.3604497354497354,0.3685185185185185,1754092800.0,0.008068783068783114,ARC,2025-ev-40,7.0,-0.06855350495241913,0.0,0.0,1.0,1.0,1.0,0.8491481445786426,0.8991546094923238,0.92294316190512,0.7834691609534079,19.25,0.8491481445786426,0.96,0.9629629629629629,17.95194435119629,Average,39.3,0.0,0.0,0.0
Jackson,Eicher,CHA,Attack,Attack,003192,26,2025_game_40,23.22222222222222,36.333333333333336,37.0,25.797627401536623,7.0,9.0,0.4444444444444444,0.0,0.0,0.0,0.0,0.0,0.8888888888888888,1.0,0.0,0.0,0.0,0.0,22.666666666666668,23.666666666666668,0.22641494308160975,0.25252525252525254,1754092800.0,0.026110309443642787,ARC,2025-ev-40,7.0,-0.06855350495241913,0.0,0.0,1.0,1.0,1.0,0.8491481445786426,0.8491481445786426,0.7685671005556296,0.7834691609534079,19.25,0.8491481445786426,0.52,0.37037037037037035,15.486360549926758,Average,35.0,0.0,0.0,0.0
Adam,Charalambides,CHA,Attack,Attack,001846,14,2025_game_40,14.8,15.666666666666666,14.0,14.269173823323147,5.4,5.333333333333333,1.1,0.6666666666666666,0.0,0.0,0.0,0.0,0.2,0.3333333333333333,0.1,0.3333333333333333,0.0,0.0,28.8,32.666666666666664,0.3302777777777778,0.27777777777777773,1754092800.0,-0.05250000000000005,ARC,2025-ev-40,7.0,-0.06855350495241913,0.0,0.0,1.0,1.0,1.0,0.8491481445786426,0.7678042491736842,0.7649983284492275,0.7834691609534079,19.25,0.8491481445786426,0.28,0.09259259259259259,12.333438873291016,Average,35.4,0.0,0.0,0.0
Xander,Dickson,ATL,Attack,Attack,003010,35,2025_game_41,31.4,34.333333333333336,18.0,30.063515995317832,5.5,6.666666666666667,2.2,3.0,0.0,0.0,0.0,0.0,0.4,0.0,0.45,0.3333333333333333,0.0,0.0,18.1,16.0,0.36863095238095234,0.38888888888888884,1754154000.0,0.020257936507936503,WAT,2025-ev-41,7.0,0.2755238095238095,0.0,0.0,0.8,1.0,1.0,0.9947163979349813,0.9947163979349813,0.8949102122677383,0.9836814231400749,22.55,0.9947163979349813,0.7,0.6666666666666666,21.656906127929688,Average,35.6,0.0,0.0,0.0
Jeff,Teat,ATL,Attack,Attack,001809,45,2025_game_41,46.645161290322584,44.0,25.0,43.74758904822722,6.129032258064516,6.0,1.903225806451613,2.3333333333333335,0.0,0.0,0.0,0.0,2.6451612903225805,2.6666666666666665,0.1935483870967742,0.0,0.0,0.0,37.935483870967744,37.666666666666664,0.30674603174603177,0.2841269841269841,1754154000.0,-0.02261904761904765,WAT,2025-ev-41,7.0,0.2755238095238095,0.0,0.0,0.8,1.0,1.0,0.9947163979349813,0.9139330735296123,1.1115233442485082,0.9836814231400749,22.55,0.9947163979349813,0.9,0.8888888888888888,23.073657989501953,Boom,60.6,0.0,0.0,0.0
Connor,Shellenberger,ATL,Attack,Attack,003076,50,2025_game_41,39.27777777777778,48.0,45.0,42.55883323712928,4.666666666666667,3.3333333333333335,1.7777777777777777,0.0,0.0,0.0,0.0,0.0,1.7777777777777777,3.0,0.1111111111111111,0.0,0.0,0.0,35.55555555555556,28.666666666666668,0.40941358024691354,0.4166666666666667,1754154000.0,0.007253086419753141,WAT,2025-ev-41,7.0,0.2755238095238095,0.0,0.0,0.8,1.0,1.0,0.9947163979349813,0.9947163979349813,0.8624627325801183,0.9836814231400749,22.55,0.9947163979349813,1.0,1.0,22.781517028808594,Boom,56.9,0.0,0.0,0.0
CJ,Kirst,WAT,Attack,Attack,003159,2,2025_game_41,22.666666666666668,22.666666666666668,66.0,26.82521791822476,7.333333333333333,7.333333333333333,0.6666666666666666,0.6666666666666666,0.0,0.0,0.0,0.0,0.3333333333333333,0.3333333333333333,0.0,0.0,0.0,0.0,23.666666666666668,23.666666666666668,0.22685185185185186,0.22685185185185186,1754101800.0,0.0,ATL,2025-ev-41,7.0,-0.2755238095238095,0.0,0.0,1.0,1.0,1.0,0.9947163979349813,1.0093172563392991,0.9947163979349813,1.1355643415687966,22.55,0.9947163979349813,0.04,0.037037037037037035,20.113534927368164,Average,34.2,0.0,0.0,0.0
Michael,Sowers,WAT,Attack,Attack,001810,46,2025_game_41,36.125,28.666666666666668,37.0,34.841783962305335,6.9375,8.0,0.875,1.0,0.0,0.0,0.0,0.0,1.96875,1.0,0.03125,0.0,0.0,0.0,33.71875,31.333333333333332,0.25668402777777777,0.24444444444444446,1754101800.0,-0.012239583333333304,ATL,2025-ev-41,7.0,-0.2755238095238095,0.0,0.0,1.0,1.0,1.0,0.9947163979349813,0.8010903250817812,0.7864799201665856,1.1355643415687966,22.55,0.9947163979349813,0.92,0.9259259259259259,21.42441749572754,Boom,44.5,0.0,0.0,0.0
Kieran,McArdle,WAT,Attack,Attack,000240,32,2025_game_41,32.21875,25.666666666666668,19.0,26.625511605732402,6.84375,5.666666666666667,1.375,1.3333333333333333,0.0,0.0,0.0,0.0,1.3125,1.6666666666666667,0.125,0.0,0.0,0.0,31.625,29.333333333333332,0.3077482413419913,0.21428571428571427,1754101800.0,-0.09346252705627703,ATL,2025-ev-41,7.0,-0.2755238095238095,0.0,0.0,1.0,1.0,1.0,0.9947163979349813,1.0664285103442475,0.7844848721250566,1.1355643415687966,22.55,0.9947163979349813,0.64,0.5555555555555556,21.5893611907959,Average,36.2,0.0,0.0,0.0
Asher,Nolting,CAN,Attack,Attack,002024,36,2025_game_42,36.403225806451616,41.0,33.0,34.44203195029704,4.903225806451613,4.0,1.3870967741935485,0.6666666666666666,0.0,0.0,0.0,0.0,2.3548387096774195,2.6666666666666665,0.16129032258064516,0.3333333333333333,0.0,0.0,31.258064516129032,27.333333333333332,0.29170506912442395,0.25396825396825395,1754101800.0,-0.03773681515617,WHP,2025-ev-42,7.0,-0.25655827676507786,0.0,0.0,0.9821428571428572,1.0,1.0,0.9704550223755916,1.2020638833231145,1.0249186036047637,1.032744446366835,22.0,0.9704550223755916,0.72,0.7222222222222222,22.94121742248535,Boom,43.7,0.0,0.0,0.0
Marcus,Holman,CAN,Attack,Attack,000216,32,2025_game_42,35.774193548387096,40.333333333333336,38.0,31.210339397682183,6.870967741935484,5.0,2.4838709677419355,3.3333333333333335,0.0,0.0,0.0,0.0,0.7741935483870968,0.6666666666666666,0.3548387096774194,0.6666666666666666,0.0,0.0,38.354838709677416,39.0,0.3105606758832564,0.3452380952380952,1754101800.0,0.03467741935483876,WHP,2025-ev-42,7.0,-0.25655827676507786,0.0,0.0,0.9821428571428572,1.0,1.0,0.9704550223755916,0.9242724636923315,1.0304460802661577,1.032744446366835,22.0,0.9704550223755916,0.64,0.5555555555555556,22.70764923095703,Boom,55.9,0.0,0.0,0.0
Coulter,Mackesy,CAN,Attack,Attack,003162,23,2025_game_42,26.5,26.666666666666668,27.0,26.97066634285247,6.833333333333333,5.0,1.5,0.6666666666666666,0.0,0.0,0.0,0.0,0.8333333333333334,1.3333333333333333,0.16666666666666666,0.0,0.0,0.0,34.0,28.666666666666668,0.3045634920634921,0.3841269841269841,1754101800.0,0.079563492063492,WHP,2025-ev-42,7.0,-0.25655827676507786,0.0,0.0,0.9821428571428572,1.0,1.0,0.9704550223755916,0.9704550223755916,1.0162312026763272,1.032744446366835,22.0,0.9704550223755916,0.46,0.2962962962962963,20.52911376953125,Average,41.4,0.0,0.0,0.0
Will,Manny,CAN,Attack,Attack,000227,21,2025_game_42,30.714285714285715,34.666666666666664,49.0,29.140366407985223,5.428571428571429,6.333333333333333,1.2857142857142858,1.0,0.0,0.0,0.0,0.0,1.3571428571428572,1.0,0.14285714285714285,0.6666666666666666,0.0,0.0,25.5,24.0,0.3075680272108844,0.25595238095238093,1754101800.0,-0.051615646258503456,WHP,2025-ev-42,7.0,-0.25655827676507786,0.0,0.0,0.9821428571428572,1.0,1.0,0.9704550223755916,1.08646936741567,0.9704550223755916,1.032744446366835,22.0,0.9704550223755916,0.42,0.18518518518518517,20.173076629638672,Boom,35.7,0.0,0.0,0.0
Aidan,Carroll,WHP,Attack,Attack,003165,32,2025_game_42,28.666666666666668,29.333333333333332,36.0,30.19505145174377,5.444444444444445,8.0,0.4444444444444444,0.3333333333333333,0.0,0.0,0.0,0.0,0.7777777777777778,0.3333333333333333,0.1111111111111111,0.0,0.0,0.0,29.444444444444443,30.0,0.39537037037037037,0.2916666666666667,1754179200.0,-0.10370370370370369,CAN,2025-ev-42,7.0,0.25655827676507786,0.0,0.0,1.0,1.0,1.0,0.9704550223755916,1.152347492179457,0.8538499615475166,0.9911253800005979,22.0,0.9704550223755916,0.64,0.5555555555555556,21.01690673828125,Boom,38.6,0.0,0.0,0.0
TJ,Malone,WHP,Attack,Attack,003048,41,2025_game_42,38.0,30.333333333333332,27.0,33.39402262827593,6.909090909090909,5.666666666666667,1.6818181818181819,0.6666666666666666,0.0,0.0,0.0,0.0,1.8181818181818181,2.0,0.18181818181818182,0.0,0.0,0.0,31.863636363636363,27.0,0.2699724517906336,0.18095238095238098,1754179200.0,-0.08902007083825264,CAN,2025-ev-42,7.0,0.25655827676507786,0.0,0.0,1.0,1.0,1.0,0.9704550223755916,0.91339832719188,1.0406853200475092,0.9911253800005979,22.0,0.9704550223755916,0.82,0.8148148148148148,22.86969566345215,Boom,53.5,0.0,0.0,0.0
Rob,Pannell,WHP,Attack,Attack,000414,23,2025_game_42,26.689655172413794,23.333333333333332,13.0,23.67371298518812,6.586206896551724,3.0,2.0,1.6666666666666667,0.0,0.0,0.0,0.0,1.6551724137931034,1.3333333333333333,0.1724137931034483,0.3333333333333333,0.0,0.0,40.275862068965516,38.0,0.19708041001144452,0.35555555555555557,1754179200.0,0.15847514554411105,CAN,2025-ev-42,7.0,0.25655827676507786,0.0,0.0,1.0,1.0,1.0,0.9704550223755916,0.9086526340908024,1.0683921284235447,0.9911253800005979,22.0,0.9704550223755916,0.46,0.2962962962962963,18.85422706604004,Boom,35.5,0.0,0.0,0.0
Matt,Campbell,CAN,Midfield,Midfield,003013,33,2025_game_39,20.612903225806452,26.666666666666668,21.0,25.78650370769448,5.193548387096774,7.333333333333333,0.8387096774193549,0.0,0.0,0.0,0.0,0.0,0.5161290322580645,1.0,0.03225806451612903,0.0,0.0,0.0,24.548387096774192,29.333333333333332,0.2936251920122888,0.26111111111111107,1754101800.0,-0.032514080901177744,RED,2025-ev-39,7.0,-0.2670906366103856,0.0,0.0,1.0,0.9789473684210527,1.0,1.0079498755128302,1.0079498755128302,0.7522161140613159,1.0480900996085085,22.849999999999998,1.0079498755128302,0.66,1.0,14.337693214416504,Average,36.3,0.0,0.0,0.0
Ryan,Drenner,CAN,Midfield,Midfield,000358,26,2025_game_39,19.161290322580644,23.0,7.0,19.41779039733118,3.935483870967742,3.6666666666666665,0.7419354838709677,0.0,0.0,0.0,0.0,0.0,0.3548387096774194,0.3333333333333333,0.06451612903225806,0.3333333333333333,0.0,0.0,23.258064516129032,18.0,0.3662058371735791,0.48333333333333334,1754101800.0,0.11712749615975426,RED,2025-ev-39,7.0,-0.2670906366103856,0.0,0.0,1.0,0.9789473684210527,1.0,1.0079498755128302,1.0079498755128302,0.7812035756552512,1.0480900996085085,22.849999999999998,1.0079498755128302,0.52,0.8918918918918919,16.617658615112305,Boom,41.8,0.0,0.0,0.0
Connor,Kirst,CAN,Midfield,Midfield,001815,15,2025_game_39,13.421052631578947,27.46666666666667,12.5,15.016522623532312,3.1578947368421053,3.0,1.3157894736842106,1.6666666666666667,0.0,0.0,0.5263157894736842,1.0,0.21052631578947367,0.3333333333333333,0.10526315789473684,0.3333333333333333,0.25263157894736843,0.19999999999999998,12.578947368421053,10.666666666666666,0.31491228070175437,0.611111111111111,1754101800.0,0.2961988304093567,RED,2025-ev-39,7.0,-0.2670906366103856,0.0,0.0,1.0,0.9789473684210527,1.0,1.0079498755128302,1.0079498755128302,1.0199492787927449,1.0480900996085085,22.849999999999998,1.0079498755128302,0.3,0.5,9.958921432495117,Average,33.7,0.0,0.0,0.0
Jules,Heningburg,CAN,Midfield,Midfield,000351,10,2025_game_39,10.642857142857142,8.0,0.0,10.533304786277169,3.0714285714285716,2.6666666666666665,0.5,0.0,0.0,0.0,0.0,0.0,0.5714285714285714,0.3333333333333333,0.0,0.0,0.0,0.0,17.357142857142858,11.333333333333334,0.23520408163265305,0.3333333333333333,1754101800.0,0.09812925170068026,RED,2025-ev-39,7.0,-0.2670906366103856,0.0,0.0,1.0,0.9789473684210527,1.0,1.0079498755128302,1.0079498755128302,1.3602008147500562,1.0480900996085085,22.849999999999998,1.0079498755128302,0.2,0.3108108108108108,8.178252220153809,Average,33.1,0.0,0.0,0.0
Andrew,McAdorey,RED,Midfield,Midfield,003160,29,2025_game_39,24.444444444444443,8.799999999999999,16.0,19.134191395328113,4.333333333333333,4.666666666666667,1.6666666666666667,1.3333333333333333,0.0,0.0,0.5555555555555556,1.0,0.6666666666666666,0.3333333333333333,0.3333333333333333,0.0,0.30952380952380953,0.42857142857142855,26.333333333333332,28.0,0.3666666666666667,0.2333333333333333,1754179200.0,-0.1333333333333334,CAN,2025-ev-39,7.0,0.2670906366103856,0.0,0.0,1.0,1.0,1.0,1.0079498755128302,1.0079498755128302,1.0079498755128302,0.9973101394597572,22.849999999999998,1.0079498755128302,0.58,0.9459459459459459,16.584468841552734,Boom,41.8,0.0,0.0,0.0
Aidan,Danenza,RED,Midfield,Midfield,003156,5,2025_game_39,6.4,10.333333333333334,14.0,7.49218680998256,3.6,5.0,0.6,1.0,0.0,0.0,0.0,0.0,0.0,0.0,0.0,0.0,0.0,0.0,17.6,19.666666666666668,0.2633333333333333,0.2722222222222222,1754179200.0,0.00888888888888889,CAN,2025-ev-39,7.0,0.2670906366103856,0.0,0.0,1.0,1.0,1.0,1.0079498755128302,1.0079498755128302,1.0079498755128302,0.9973101394597572,22.849999999999998,1.0079498755128302,0.1,0.12162162162162163,12.807687759399414,Average,31.0,0.0,0.0,0.0
Romar,Dennis,RED,Midfield,Midfield,000305,18,2025_game_39,15.428571428571429,13.0,11.0,16.595514243309058,5.25,6.333333333333333,0.6785714285714286,0.6666666666666666,0.0,0.0,0.0,0.0,0.17857142857142858,0.0,0.21428571428571427,0.3333333333333333,0.0,0.0,20.25,19.0,0.15717120181405897,0.10317460317460318,1754179200.0,-0.05399659863945579,CAN,2025-ev-39,7.0,0.2670906366103856,0.0,0.0,1.0,1.0,1.0,1.0079498755128302,1.0079498755128302,0.9484528342499201,0.9973101394597572,22.849999999999998,1.0079498755128302,0.36,0.6486486486486487,13.281216621398926,Average,24.9,0.0,0.0,0.0
Charlie,Bertrand,RED,Midfield,Midfield,001832,5,2025_game_39,12.296296296296296,4.0,-8.0,10.892904263019762,4.444444444444445,4.0,0.5925925925925926,0.3333333333333333,0.0,0.0,0.0,0.0,0.37037037037037035,0.3333333333333333,0.037037037037037035,0.0,0.0,0.0,21.37037037037037,14.0,0.20141093474426808,0.05555555555555555,1754179200.0,-0.14585537918871253,CAN,2025-ev-39,7.0,0.2670906366103856,0.0,0.0,1.0,1.0,1.0,1.0079498755128302,1.0079498755128302,1.050074286725904,0.9973101394597572,22.849999999999998,1.0079498755128302,0.1,0.12162162162162163,10.236786842346191,Average,36.8,0.0,0.0,0.0
Josh,Balcarcel,RED,Midfield,Midfield,003211,6,2025_game_39,7.0,4.0,7.0,5.299432856365877,2.2222222222222223,2.3333333333333335,0.4444444444444444,0.3333333333333333,0.0,0.0,0.0,0.0,0.1111111111111111,0.0,0.0,0.0,0.0,0.0,15.333333333333334,19.0,0.35185185185185186,0.27777777777777773,1754179200.0,-0.07407407407407413,CAN,2025-ev-39,7.0,0.2670906366103856,0.0,0.0,1.0,1.0,1.0,1.0079498755128302,1.0079498755128302,1.0079498755128302,0.9973101394597572,22.849999999999998,1.0079498755128302,0.12,0.20270270270270271,12.038589477539062,Average,33.8,0.0,0.0,0.0
Bryce,Ford,ARC,Midfield,Midfield,003188,4,2025_game_40,5.5,5.5,11.0,5.975349785492394,1.0,1.0,0.5,0.5,0.0,0.0,0.0,0.0,0.0,0.0,0.0,0.0,0.0,0.0,8.5,8.5,0.5,0.5,1749315600.0,0.0,CHA,2025-ev-40,7.0,0.06855350495241913,0.0,0.0,0.9815950920245399,0.9705882352941176,1.0,0.8491481445786426,0.8491481445786426,0.8491481445786426,0.7762800228547582,19.25,0.8491481445786426,0.08,0.05405405405405406,12.259016036987305,Average,32.0,0.0,0.0,0.0
Grant,Ament,ARC,Midfield,Midfield,000391,11,2025_game_40,19.96551724137931,17.0,-2.0,14.853392368938607,3.8620689655172415,5.0,0.7586206896551724,0.0,0.0,0.0,0.0,0.0,1.3103448275862069,1.6666666666666667,0.034482758620689655,0.3333333333333333,0.0,0.0,29.137931034482758,29.0,0.2854679802955665,0.041666666666666664,1753488000.0,-0.24380131362889987,CHA,2025-ev-40,7.0,0.06855350495241913,0.0,0.0,0.9815950920245399,0.9705882352941176,1.0,0.8491481445786426,0.8491481445786426,0.7095300040537951,0.7762800228547582,19.25,0.8491481445786426,0.22,0.36486486486486486,15.102341651916504,Average,37.3,0.0,0.0,0.0
Tre,Leclaire,ARC,Midfield,Midfield,001821,10,2025_game_40,20.892857142857142,5.666666666666667,-13.0,15.57672578707349,4.071428571428571,4.0,1.2857142857142858,0.6666666666666666,0.0,0.0,0.0,0.0,0.2857142857142857,0.3333333333333333,0.03571428571428571,0.0,0.0,0.0,20.535714285714285,20.666666666666668,0.41309523809523807,0.2222222222222222,1753578000.0,-0.19087301587301586,CHA,2025-ev-40,7.0,0.06855350495241913,0.0,0.0,0.9815950920245399,0.9705882352941176,1.0,0.8491481445786426,0.8491481445786426,0.757846574845315,0.7762800228547582,19.25,0.8491481445786426,0.2,0.3108108108108108,12.014925956726074,Average,34.5,0.0,0.0,0.0
Ryan,Ambler,ARC,Midfield,Midfield,000221,5,2025_game_40,7.90625,5.666666666666667,20.0,6.855779021645765,2.34375,2.3333333333333335,0.625,1.0,0.0,0.0,0.0,0.0,0.375,0.3333333333333333,0.0625,0.0,0.0,0.0,15.1875,12.333333333333334,0.3067708333333333,0.1111111111111111,1753578000.0,-0.19565972222222222,CHA,2025-ev-40,7.0,0.06855350495241913,0.0,0.0,0.9815950920245399,0.9705882352941176,1.0,0.8491481445786426,0.8491481445786426,0.8004815513122777,0.7762800228547582,19.25,0.8491481445786426,0.1,0.12162162162162163,10.285751342773438,Average,33.9,0.0,0.0,0.0
Dyson,Williams,ARC,Midfield,Midfield,003090,12,2025_game_40,11.125,11.333333333333334,17.0,11.936342567334627,2.5625,2.6666666666666665,0.4375,0.0,0.0,0.0,0.0,0.0,0.0625,0.0,0.0,0.0,0.0,0.0,6.5625,6.333333333333333,0.4989583333333333,0.6388888888888888,1753578000.0,0.13993055555555556,CHA,2025-ev-40,7.0,0.06855350495241913,0.0,0.0,0.9815950920245399,0.9705882352941176,1.0,0.8491481445786426,0.8491481445786426,0.8264882924058979,0.7762800228547582,19.25,0.8491481445786426,0.24,0.40540540540540543,10.237553596496582,Average,33.1,0.0,0.0,0.0
JJ,Sillstrop,CHA,Midfield,Midfield,003149,8,2025_game_40,8.444444444444445,-0.3333333333333333,1.0,4.325709248703797,2.3333333333333335,1.6666666666666667,0.3333333333333333,0.6666666666666666,0.0,0.0,0.0,0.0,0.3333333333333333,0.0,0.2222222222222222,0.0,0.0,0.0,15.555555555555555,11.666666666666666,0.15185185185185185,0.0,1754092800.0,-0.15185185185185185,ARC,2025-ev-40,7.0,-0.06855350495241913,0.0,0.0,1.0,1.0,1.0,0.8491481445786426,0.8491481445786426,0.7076234538155356,0.8106791438111244,19.25,0.8491481445786426,0.16,0.2702702702702703,6.611988067626953,Average,34.5,0.0,0.0,0.0
Sergio,Perkovic,CHA,Midfield,Midfield,000333,11,2025_game_40,10.0,9.333333333333334,10.0,9.55763525154124,3.5,4.666666666666667,0.21428571428571427,0.3333333333333333,0.0,0.0,0.0,0.0,0.07142857142857142,0.3333333333333333,0.07142857142857142,0.0,0.0,0.0,16.571428571428573,18.666666666666668,0.20238095238095236,0.16666666666666666,1754092800.0,-0.0357142857142857,ARC,2025-ev-40,7.0,-0.06855350495241913,0.0,0.0,1.0,1.0,1.0,0.8491481445786426,0.8491481445786426,0.5520466660972263,0.8106791438111244,19.25,0.8491481445786426,0.22,0.36486486486486486,11.897759437561035,Average,32.1,0.0,0.0,0.0
Shane,Knobloch,CHA,Midfield,Midfield,003078,22,2025_game_40,11.8,20.666666666666668,29.0,13.800177614430517,4.533333333333333,4.333333333333333,1.0,1.3333333333333333,0.0,0.0,0.0,0.0,0.4,1.0,0.0,0.0,0.0,0.0,20.133333333333333,19.666666666666668,0.22722222222222221,0.17500000000000002,1754092800.0,-0.0522222222222222,ARC,2025-ev-40,7.0,-0.06855350495241913,0.0,0.0,1.0,1.0,1.0,0.8491481445786426,0.8491481445786426,0.8005739922404576,0.8106791438111244,19.25,0.8491481445786426,0.44,0.7702702702702703,11.544777870178223,Average,35.8,0.0,0.0,0.0
Ross,Scott,CHA,Midfield,Midfield,003093,22,2025_game_40,20.555555555555557,21.333333333333332,13.0,21.857976544221405,3.888888888888889,5.0,0.7777777777777778,1.3333333333333333,0.0,0.0,0.0,0.0,0.8888888888888888,0.3333333333333333,0.0,0.0,0.0,0.0,24.88888888888889,28.0,0.32037037037037036,0.42777777777777776,1754092800.0,0.1074074074074074,ARC,2025-ev-40,7.0,-0.06855350495241913,0.0,0.0,1.0,1.0,1.0,0.8491481445786426,0.8491481445786426,0.7539584415925765,0.8106791438111244,19.25,0.8491481445786426,0.44,0.7702702702702703,13.583796501159668,Average,40.4,0.0,0.0,0.0
Jake,Stevens,ATL,Midfield,Midfield,003084,6,2025_game_41,10.0625,13.0,5.0,9.655505777040656,3.6875,2.6666666666666665,0.9375,1.3333333333333333,0.0,0.0,0.0,0.0,0.125,0.0,0.0625,0.0,0.0,0.0,11.9375,9.333333333333334,0.3453869047619047,0.6666666666666666,1754154000.0,0.32127976190476193,WAT,2025-ev-41,7.0,0.2755238095238095,0.0,0.0,0.8,1.0,1.0,0.9947163979349813,0.9947163979349813,1.0047562373551326,0.9634488798209663,22.55,0.9947163979349813,0.12,0.20270270270270271,10.102729797363281,Average,35.6,0.0,0.0,0.0
Hugh,Kelleher,ATL,Midfield,Midfield,003186,5,2025_game_41,6.6,5.0,2.0,6.38631289143996,3.4,3.6666666666666665,1.0,1.3333333333333333,0.0,0.0,0.0,0.0,0.0,0.0,0.0,0.0,0.0,0.0,12.0,13.0,0.21333333333333332,0.13333333333333333,1752877800.0,-0.07999999999999999,WAT,2025-ev-41,7.0,0.2755238095238095,0.0,0.0,0.8,1.0,1.0,0.9947163979349813,0.9947163979349813,1.004764038318163,0.9634488798209663,22.55,0.9947163979349813,0.1,0.12162162162162163,13.616087913513184,Average,35.7,0.0,0.0,0.0
Bryan,Costabile,ATL,Midfield,Midfield,000395,25,2025_game_41,20.333333333333332,23.0,29.0,21.939986267683253,5.633333333333334,4.666666666666667,1.5,1.3333333333333333,0.0,0.0,0.0,0.0,0.6,0.6666666666666666,0.23333333333333334,1.0,0.0,0.0,25.766666666666666,22.666666666666668,0.2593783068783069,0.2333333333333333,1754154000.0,-0.026044973544973565,WAT,2025-ev-41,7.0,0.2755238095238095,0.0,0.0,0.8,1.0,1.0,0.9947163979349813,0.9947163979349813,1.260517664924165,0.9634488798209663,22.55,0.9947163979349813,0.5,0.8648648648648649,13.575197219848633,Average,33.8,0.0,0.0,0.0
Matt,Traynor,ATL,Midfield,Midfield,003164,23,2025_game_41,20.88888888888889,9.0,-4.0,17.177175924661917,5.222222222222222,7.333333333333333,1.5555555555555556,1.3333333333333333,0.0,0.0,0.0,0.0,0.7777777777777778,0.0,0.2222222222222222,0.0,0.0,0.0,19.333333333333332,22.0,0.2296296296296296,0.1111111111111111,1754154000.0,-0.1185185185185185,WAT,2025-ev-41,7.0,0.2755238095238095,0.0,0.0,0.8,1.0,1.0,0.9947163979349813,0.9947163979349813,1.170202712818901,0.9634488798209663,22.55,0.9947163979349813,0.46,0.8243243243243243,14.139375686645508,Average,33.9,0.0,0.0,0.0
Reid,Bowering,ATL,Midfield,Midfield,002006,20,2025_game_41,14.9,21.333333333333332,40.0,17.767385441633532,2.5,4.333333333333333,2.1,2.6666666666666665,0.0,0.0,0.0,0.0,0.4,0.3333333333333333,0.1,0.0,0.0,0.0,10.8,13.0,0.3416666666666667,0.3611111111111111,1754154000.0,0.01944444444444443,WAT,2025-ev-41,7.0,0.2755238095238095,0.0,0.0,0.8,1.0,1.0,0.9947163979349813,0.9947163979349813,1.0443091617821711,0.9634488798209663,22.55,0.9947163979349813,0.4,0.7297297297297297,12.916021347045898,Average,33.7,0.0,0.0,0.0
Connor,Kelly,WAT,Midfield,Midfield,000339,16,2025_game_41,18.964285714285715,17.666666666666668,14.0,16.47983555620671,6.107142857142857,7.333333333333333,0.8928571428571429,0.6666666666666666,0.0,0.0,0.0,0.0,0.32142857142857145,0.6666666666666666,0.10714285714285714,0.3333333333333333,0.0,0.0,23.714285714285715,25.666666666666668,0.2032686559472274,0.07196969696969698,1754101800.0,-0.1312989589775304,ATL,2025-ev-41,7.0,-0.2755238095238095,0.0,0.0,1.0,1.0,1.0,0.9947163979349813,0.9947163979349813,0.9799174157434816,1.0798854937180047,22.55,0.9947163979349813,0.32,0.5675675675675675,17.7437801361084,Average,33.8,0.0,0.0,0.0
Jack,Hannah,WAT,Midfield,Midfield,002028,19,2025_game_41,18.653846153846153,11.333333333333334,-1.0,14.865000082064046,6.038461538461538,6.0,1.5,3.0,0.0,0.0,0.0,0.0,0.5,0.6666666666666666,0.11538461538461539,0.0,0.0,0.0,21.346153846153847,23.333333333333332,0.22889194139194138,0.13333333333333333,1754101800.0,-0.09555860805860805,ATL,2025-ev-41,7.0,-0.2755238095238095,0.0,0.0,1.0,1.0,1.0,0.9947163979349813,0.9947163979349813,1.0503202469833515,1.0798854937180047,22.55,0.9947163979349813,0.38,0.6891891891891891,17.868864059448242,Average,32.4,0.0,0.0,0.0
Thomas,McConvey,WAT,Midfield,Midfield,003027,19,2025_game_41,13.5,7.0,11.0,12.433066507788768,2.5625,1.0,0.625,0.3333333333333333,0.0,0.0,0.0,0.0,0.25,0.3333333333333333,0.125,0.0,0.0,0.0,13.875,15.333333333333334,0.334375,0.16666666666666666,1754101800.0,-0.16770833333333332,ATL,2025-ev-41,7.0,-0.2755238095238095,0.0,0.0,1.0,1.0,1.0,0.9947163979349813,0.9947163979349813,0.8043694328980405,1.0798854937180047,22.55,0.9947163979349813,0.38,0.6891891891891891,9.643343925476074,Average,34.3,0.0,0.0,0.0
Zach,Currier,WAT,Midfield,Midfield,000409,16,2025_game_41,26.48125,20.5,4.0,20.259574643568058,2.9375,2.6666666666666665,4.40625,6.333333333333333,0.0,0.0,2.28125,0.0,0.625,0.0,0.8125,0.6666666666666666,0.2461232137782649,0.16666666666666666,20.96875,19.0,0.2891369047619048,0.38888888888888884,1754101800.0,0.09975198412698405,ATL,2025-ev-41,7.0,-0.2755238095238095,0.0,0.0,1.0,1.0,1.0,0.9947163979349813,0.9947163979349813,1.1577165383848886,1.0798854937180047,22.55,0.9947163979349813,0.32,0.5675675675675675,18.559337615966797,Boom,47.5,0.0,0.0,0.0
Mikie,Schlosser,WAT,Midfield,Midfield,001391,2,2025_game_41,2.4,-0.6666666666666666,-2.0,1.4765289237399897,1.2,1.3333333333333333,0.2,0.3333333333333333,0.0,0.0,0.0,0.0,0.0,0.0,0.0,0.0,0.0,0.0,12.0,11.0,0.4,0.0,1751148000.0,-0.4,ATL,2025-ev-41,7.0,-0.2755238095238095,0.0,0.0,1.0,1.0,1.0,0.9947163979349813,0.9947163979349813,0.9947163979349813,1.0798854937180047,22.55,0.9947163979349813,0.04,0.02702702702702703,9.439409255981445,Average,33.0,0.0,0.0,0.0
Matt,Campbell,CAN,Midfield,Midfield,003013,31,2025_game_42,20.612903225806452,26.666666666666668,21.0,25.78650370769448,5.193548387096774,7.333333333333333,0.8387096774193549,0.0,0.0,0.0,0.0,0.0,0.5161290322580645,1.0,0.03225806451612903,0.0,0.0,0.0,24.548387096774192,29.333333333333332,0.2936251920122888,0.26111111111111107,1754101800.0,-0.032514080901177744,WHP,2025-ev-42,7.0,-0.25655827676507786,0.0,0.0,0.9821428571428572,1.0,1.0,0.9704550223755916,0.9704550223755916,0.9523992603526064,0.846685824736295,22.0,0.9704550223755916,0.62,0.972972972972973,14.791435241699219,Average,34.6,0.0,0.0,0.0
Ryan,Drenner,CAN,Midfield,Midfield,000358,23,2025_game_42,19.161290322580644,23.0,7.0,19.41779039733118,3.935483870967742,3.6666666666666665,0.7419354838709677,0.0,0.0,0.0,0.0,0.0,0.3548387096774194,0.3333333333333333,0.06451612903225806,0.3333333333333333,0.0,0.0,23.258064516129032,18.0,0.3662058371735791,0.48333333333333334,1754101800.0,0.11712749615975426,WHP,2025-ev-42,7.0,-0.25655827676507786,0.0,0.0,0.9821428571428572,1.0,1.0,0.9704550223755916,0.9704550223755916,1.0512355096477835,0.846685824736295,22.0,0.9704550223755916,0.46,0.8243243243243243,16.333778381347656,Boom,42.4,0.0,0.0,0.0
Connor,Kirst,CAN,Midfield,Midfield,001815,15,2025_game_42,13.421052631578947,27.46666666666667,12.5,15.016522623532312,3.1578947368421053,3.0,1.3157894736842106,1.6666666666666667,0.0,0.0,0.5263157894736842,1.0,0.21052631578947367,0.3333333333333333,0.10526315789473684,0.3333333333333333,0.25263157894736843,0.19999999999999998,12.578947368421053,10.666666666666666,0.31491228070175437,0.611111111111111,1754101800.0,0.2961988304093567,WHP,2025-ev-42,7.0,-0.25655827676507786,0.0,0.0,0.9821428571428572,1.0,1.0,0.9704550223755916,0.9704550223755916,0.9695360308771298,0.846685824736295,22.0,0.9704550223755916,0.3,0.5,12.800870895385742,Average,34.0,0.0,0.0,0.0
Jules,Heningburg,CAN,Midfield,Midfield,000351,7,2025_game_42,10.642857142857142,8.0,0.0,10.533304786277169,3.0714285714285716,2.6666666666666665,0.5,0.0,0.0,0.0,0.0,0.0,0.5714285714285714,0.3333333333333333,0.0,0.0,0.0,0.0,17.357142857142858,11.333333333333334,0.23520408163265305,0.3333333333333333,1754101800.0,0.09812925170068026,WHP,2025-ev-42,7.0,-0.25655827676507786,0.0,0.0,0.9821428571428572,1.0,1.0,0.9704550223755916,0.9704550223755916,1.0537299260214357,0.846685824736295,22.0,0.9704550223755916,0.14,0.24324324324324326,13.276471138000488,Average,35.5,0.0,0.0,0.0
Matt,Brandau,WHP,Midfield,Midfield,003081,28,2025_game_42,25.666666666666668,30.333333333333332,-4.0,26.547610567673757,5.777777777777778,6.0,1.5555555555555556,2.0,0.0,0.0,0.0,0.0,0.2222222222222222,0.3333333333333333,0.2222222222222222,0.0,0.0,0.0,23.77777777777778,26.0,0.29753086419753083,0.3386243386243386,1754179200.0,0.041093474426807775,CAN,2025-ev-42,7.0,0.25655827676507786,0.0,0.0,1.0,1.0,1.0,0.9704550223755916,0.9704550223755916,0.9087522160221262,0.9602110751910137,22.0,0.9704550223755916,0.56,0.918918918918919,16.83077621459961,Boom,43.2,0.0,0.0,0.0
Levi,Anderson,WHP,Midfield,Midfield,003094,17,2025_game_42,15.529411764705882,4.333333333333333,7.0,13.242711714929342,4.0588235294117645,4.0,0.5294117647058824,0.6666666666666666,0.0,0.0,0.0,0.0,0.29411764705882354,0.0,0.17647058823529413,0.3333333333333333,0.0,0.0,15.235294117647058,13.0,0.26442577030812325,0.05555555555555555,1754179200.0,-0.2088702147525677,CAN,2025-ev-42,7.0,0.25655827676507786,0.0,0.0,1.0,1.0,1.0,0.9704550223755916,0.9704550223755916,0.7774668076986273,0.9602110751910137,22.0,0.9704550223755916,0.34,0.6216216216216216,7.606103420257568,Average,33.0,0.0,0.0,0.0
Colin,Heacock,WHP,Midfield,Midfield,001009,13,2025_game_42,8.222222222222221,5.666666666666667,0.0,9.767960718808759,2.8518518518518516,3.3333333333333335,0.4444444444444444,0.0,0.0,0.0,0.0,0.0,0.07407407407407407,0.0,0.037037037037037035,0.0,0.0,0.0,12.296296296296296,12.333333333333334,0.23333333333333328,0.16666666666666666,1754179200.0,-0.06666666666666662,CAN,2025-ev-42,7.0,0.25655827676507786,0.0,0.0,1.0,1.0,1.0,0.9704550223755916,0.9704550223755916,0.9606193295812444,0.9602110751910137,22.0,0.9704550223755916,0.26,0.43243243243243246,10.028619766235352,Average,33.2,0.0,0.0,0.0
Brad,Smith,WHP,Midfield,Midfield,000390,16,2025_game_42,15.533333333333333,7.666666666666667,3.0,11.102399048022948,4.333333333333333,6.333333333333333,1.0666666666666667,1.3333333333333333,0.0,0.0,0.0,0.0,0.4,0.0,0.13333333333333333,0.3333333333333333,0.0,0.0,25.4,25.666666666666668,0.30301587301587296,0.1111111111111111,1754179200.0,-0.19190476190476186,CAN,2025-ev-42,7.0,0.25655827676507786,0.0,0.0,1.0,1.0,1.0,0.9704550223755916,0.9704550223755916,1.005560384926272,0.9602110751910137,22.0,0.9704550223755916,0.32,0.5675675675675675,15.36810302734375,Average,35.4,0.0,0.0,0.0
Adam,Poitras,WHP,Midfield,Midfield,003100,14,2025_game_42,15.68421052631579,8.333333333333334,3.0,13.15821800769025,3.6315789473684212,3.0,3.0,4.666666666666667,0.0,0.0,0.0,0.0,0.42105263157894735,0.6666666666666666,0.15789473684210525,0.0,0.0,0.0,20.473684210526315,21.0,0.2263157894736842,0.0,1754179200.0,-0.2263157894736842,CAN,2025-ev-42,7.0,0.25655827676507786,0.0,0.0,1.0,1.0,1.0,0.9704550223755916,0.9704550223755916,1.0555908177230189,0.9602110751910137,22.0,0.9704550223755916,0.28,0.4594594594594595,12.657246589660645,Average,34.1,0.0,0.0,0.0
Jack,Kielty,CAN,Defense,Defensemen,001817,16,2025_game_39,13.45,13.666666666666666,10.0,13.803925245425015,0.15,0.3333333333333333,1.45,0.3333333333333333,0.0,0.0,0.0,0.0,0.0,0.0,1.15,1.3333333333333333,0.0,0.0,7.8,5.666666666666667,0.0,0.0,1754101800.0,0.0,RED,2025-ev-39,7.0,-0.2670906366103856,0.0,0.0,1.0,0.9789473684210527,1.0,1.0079498755128302,1.2588896797936036,0.7199641967948788,1.0452062884891735,22.849999999999998,1.0079498755128302,0.32,0.8307692307692308,9.993141174316406,Average,32.3,0.0,0.0,0.0
Ethan,Rall,CAN,Defense,SSDM,003041,21,2025_game_39,18.35,11.333333333333334,23.0,17.32008018394461,0.5,0.6666666666666666,2.8666666666666667,2.3333333333333335,0.0,0.0,0.3333333333333333,0.0,0.03333333333333333,0.0,1.5333333333333334,1.0,0.21666610822957566,0.3,4.433333333333334,4.666666666666667,0.13333333333333333,0.0,1754101800.0,-0.13333333333333333,RED,2025-ev-39,7.0,-0.2670906366103856,0.0,0.0,1.0,0.9789473684210527,1.0,1.0079498755128302,1.0079498755128302,1.1627814129298215,1.04732428693476,22.849999999999998,1.0079498755128302,0.42,0.9692307692307692,14.630046844482422,Boom,51.1,0.0,0.0,0.0
Garrett,Epple,CAN,Defense,Defensemen,000315,18,2025_game_39,18.967741935483872,10.666666666666666,12.0,13.964413172916862,0.0967741935483871,0.0,2.064516129032258,1.6666666666666667,0.0,0.0,0.0,0.0,0.03225806451612903,0.0,1.6774193548387097,1.0,0.0,0.0,8.419354838709678,8.0,0.0,0.0,1754101800.0,0.0,RED,2025-ev-39,7.0,-0.2670906366103856,0.0,0.0,1.0,0.9789473684210527,1.0,1.0079498755128302,0.952575469710433,1.1676562191669322,1.0452062884891735,22.849999999999998,1.0079498755128302,0.36,0.9230769230769231,14.70635986328125,Boom,49.4,0.0,0.0,0.0
Owen,Grant,CAN,Defense,SSDM,003023,18,2025_game_39,15.153846153846153,6.333333333333333,21.0,13.981136363833858,1.3846153846153846,1.0,1.3846153846153846,0.6666666666666666,0.0,0.0,0.0,0.0,0.07692307692307693,0.0,1.0,0.6666666666666666,0.0,0.0,4.923076923076923,4.0,0.14102564102564102,0.0,1754101800.0,-0.14102564102564102,RED,2025-ev-39,7.0,-0.2670906366103856,0.0,0.0,1.0,0.9789473684210527,1.0,1.0079498755128302,1.0079498755128302,1.0079498755128302,1.04732428693476,22.849999999999998,1.0079498755128302,0.36,0.9230769230769231,9.27358627319336,Boom,43.9,0.0,0.0,0.0
Zach,Goodrich,CAN,Defense,SSDM,001671,3,2025_game_39,4.725806451612903,6.166666666666667,-0.5,4.129966629394505,0.06451612903225806,0.0,0.6129032258064516,0.0,0.0,0.0,0.16129032258064516,0.0,0.06451612903225806,0.0,0.41935483870967744,0.6666666666666666,0.08571428571428572,0.0,5.0,3.0,0.0,0.0,1754101800.0,0.0,RED,2025-ev-39,7.0,-0.2670906366103856,0.0,0.0,1.0,0.9789473684210527,1.0,1.0079498755128302,1.0079498755128302,1.0079498755128302,1.04732428693476,22.849999999999998,1.0079498755128302,0.06,0.15384615384615385,10.292943000793457,Average,33.2,0.0,0.0,0.0
Bryce,Young,CAN,Defense,Defensemen,000337,5,2025_game_39,11.566666666666666,7.666666666666667,0.0,9.630125435807887,0.13333333333333333,0.0,1.4,1.0,0.0,0.0,0.0,0.0,0.0,0.0,1.0333333333333334,0.6666666666666666,0.0,0.0,5.633333333333334,5.333333333333333,0.03333333333333333,0.0,1754101800.0,-0.03333333333333333,RED,2025-ev-39,7.0,-0.2670906366103856,0.0,0.0,1.0,0.9789473684210527,1.0,1.0079498755128302,1.092443786910267,0.9440452724543799,1.0452062884891735,22.849999999999998,1.0079498755128302,0.1,0.4076923076923077,10.610651016235352,Boom,47.4,0.0,0.0,0.0
Ben,Ramsey,CAN,Defense,SSDM,003184,15,2025_game_39,14.0,7.333333333333333,22.0,11.924327576713784,0.5,0.6666666666666666,2.875,2.6666666666666665,0.0,0.0,0.0,0.0,0.375,0.0,0.375,0.0,0.0,0.0,10.125,10.666666666666666,0.1875,0.16666666666666666,1754101800.0,-0.020833333333333343,RED,2025-ev-39,7.0,-0.2670906366103856,0.0,0.0,1.0,0.9789473684210527,1.0,1.0079498755128302,1.0079498755128302,1.0079498755128302,1.04732428693476,22.849999999999998,1.0079498755128302,0.3,0.7615384615384615,12.329178810119629,Average,28.2,0.0,0.0,0.0
Jeff,Trainor,CAN,Defense,SSDM,001826,6,2025_game_39,11.64516129032258,10.333333333333334,0.0,9.563488732656618,1.1935483870967742,1.6666666666666667,1.096774193548387,0.3333333333333333,0.0,0.0,0.0,0.0,0.1935483870967742,0.0,0.5161290322580645,0.0,0.0,0.0,8.258064516129032,9.0,0.21774193548387097,0.5,1754101800.0,0.282258064516129,RED,2025-ev-39,7.0,-0.2670906366103856,0.0,0.0,1.0,0.9789473684210527,1.0,1.0079498755128302,1.0079498755128302,1.1168419673272358,1.04732428693476,22.849999999999998,1.0079498755128302,0.12,0.5076923076923077,11.491886138916016,Boom,43.5,0.0,0.0,0.0
Chris,Conlin,RED,Defense,Defensemen,003109,6,2025_game_39,9.61111111111111,2.6666666666666665,2.0,8.031749009552748,0.0,0.0,2.4444444444444446,3.6666666666666665,0.0,0.0,0.0,0.0,0.0,0.0,0.7222222222222222,0.0,0.0,0.0,8.11111111111111,7.333333333333333,0.0,0.0,1754179200.0,0.0,CAN,2025-ev-39,7.0,0.2670906366103856,0.0,0.0,1.0,1.0,1.0,1.0079498755128302,0.8570111202255029,1.0322261249230622,0.9356893645766249,22.849999999999998,1.0079498755128302,0.12,0.5076923076923077,8.53727912902832,Average,39.7,0.0,0.0,0.0
Ryland,Rees,RED,Defense,SSDM,000416,2,2025_game_39,9.76086956521739,4.0,0.0,8.748497298932794,0.7391304347826086,0.6666666666666666,1.8695652173913044,1.6666666666666667,0.0,0.0,0.0,0.0,0.043478260869565216,0.0,0.4782608695652174,0.3333333333333333,0.0,0.0,3.782608695652174,4.333333333333333,0.13043478260869565,0.0,1754179200.0,-0.13043478260869565,CAN,2025-ev-39,7.0,0.2670906366103856,0.0,0.0,1.0,1.0,1.0,1.0079498755128302,1.0079498755128302,0.9010375975143925,0.9903102260489144,22.849999999999998,1.0079498755128302,0.04,0.046153846153846156,6.215353012084961,Average,28.9,0.0,0.0,0.0
Chris,Fake,RED,Defense,Defensemen,003029,4,2025_game_39,4.4,0.6666666666666666,1.0,3.199126524747226,0.4,0.3333333333333333,1.3,1.6666666666666667,0.0,0.0,0.0,0.0,0.0,0.0,0.3,0.0,0.0,0.0,6.8,4.666666666666667,0.05,0.0,1754179200.0,-0.05,CAN,2025-ev-39,7.0,0.2670906366103856,0.0,0.0,1.0,1.0,1.0,1.0079498755128302,0.8835632519625738,1.0079498755128302,0.9356893645766249,22.849999999999998,1.0079498755128302,0.08,0.27692307692307694,9.938419342041016,Average,29.7,0.0,0.0,0.0
Carter,Rice,RED,Defense,SSDM,003185,3,2025_game_39,2.888888888888889,7.666666666666667,-1.0,4.0581600247402365,0.0,0.0,1.3333333333333333,2.0,0.0,0.0,0.0,0.0,0.0,0.0,0.2222222222222222,0.6666666666666666,0.0,0.0,6.888888888888889,6.333333333333333,0.0,0.0,1754179200.0,0.0,CAN,2025-ev-39,7.0,0.2670906366103856,0.0,0.0,1.0,1.0,1.0,1.0079498755128302,1.0079498755128302,1.0079498755128302,0.9903102260489144,22.849999999999998,1.0079498755128302,0.06,0.15384615384615385,9.546217918395996,Boom,43.5,0.0,0.0,0.0
BJ,Farrare,RED,Defense,SSDM,003059,5,2025_game_39,8.590909090909092,3.6666666666666665,11.0,7.731192789615368,0.18181818181818182,0.3333333333333333,1.0,1.3333333333333333,0.0,0.0,0.0,0.0,0.09090909090909091,0.0,0.7272727272727273,0.3333333333333333,0.0,0.0,3.727272727272727,6.0,0.0,0.0,1754179200.0,0.0,CAN,2025-ev-39,7.0,0.2670906366103856,0.0,0.0,1.0,1.0,1.0,1.0079498755128302,1.0079498755128302,1.0079498755128302,0.9903102260489144,22.849999999999998,1.0079498755128302,0.1,0.4076923076923077,9.176218032836914,Average,34.9,0.0,0.0,0.0
Cole,Kastner,RED,Defense,Defensemen,003105,10,2025_game_39,12.2,14.333333333333334,22.0,12.954222602955566,0.0,0.0,0.8,1.0,0.0,0.0,0.0,0.0,0.0,0.0,1.2,1.3333333333333333,0.0,0.0,4.2,5.0,0.0,0.0,1754179200.0,0.0,CAN,2025-ev-39,7.0,0.2670906366103856,0.0,0.0,1.0,1.0,1.0,1.0079498755128302,0.8694304481762718,1.0079498755128302,0.9356893645766249,22.849999999999998,1.0079498755128302,0.2,0.6384615384615384,12.154781341552734,Average,33.4,0.0,0.0,0.0
Brian,Tevlin,RED,Defense,SSDM,003024,12,2025_game_39,12.371428571428572,18.099999999999998,24.5,14.139187520038687,1.2857142857142858,1.3333333333333333,2.3214285714285716,2.6666666666666665,0.0,0.0,0.10714285714285714,0.3333333333333333,0.10714285714285714,0.6666666666666666,0.8928571428571429,1.0,0.09259259259259259,0.2222222222222222,11.464285714285714,11.666666666666666,0.09642857142857143,0.0,1754179200.0,-0.09642857142857143,CAN,2025-ev-39,7.0,0.2670906366103856,0.0,0.0,1.0,1.0,1.0,1.0079498755128302,1.0079498755128302,1.0505782406290627,0.9903102260489144,22.849999999999998,1.0079498755128302,0.24,0.676923076923077,12.730911254882812,Average,19.7,0.0,0.0,0.0
Jared,Conners,RED,Defense,SSDM,001813,10,2025_game_39,11.233333333333333,2.0,4.0,9.122058359621784,0.9666666666666667,1.0,2.533333333333333,3.0,0.0,0.0,0.0,0.0,0.13333333333333333,0.0,0.6666666666666666,0.0,0.0,0.0,7.333333333333333,7.333333333333333,0.13333333333333333,0.0,1754179200.0,-0.13333333333333333,CAN,2025-ev-39,7.0,0.2670906366103856,0.0,0.0,1.0,1.0,1.0,1.0079498755128302,1.0079498755128302,0.9763312698375656,0.9903102260489144,22.849999999999998,1.0079498755128302,0.2,0.6384615384615384,8.29638385772705,Average,40.4,0.0,0.0,0.0
Patrick,Resch,ARC,Defense,SSDM,000279,2,2025_game_40,6.8,1.3333333333333333,1.0,4.22754352509594,0.24,0.0,1.2,1.0,0.0,0.0,0.0,0.0,0.24,0.3333333333333333,0.28,0.0,0.0,0.0,8.48,9.333333333333334,0.1,0.0,1749337200.0,-0.1,CHA,2025-ev-40,7.0,0.06855350495241913,0.0,0.0,0.9815950920245399,0.9705882352941176,1.0,0.8491481445786426,0.8491481445786426,0.7492483628635083,0.8837048447004757,19.25,0.8491481445786426,0.04,0.046153846153846156,11.318304061889648,Average,36.6,0.0,0.0,0.0
Graeme,Hossack,ARC,Defense,Defensemen,000922,22,2025_game_40,14.856666666666667,19.666666666666668,37.0,18.863653131167467,0.5,1.0,2.933333333333333,2.3333333333333335,0.0,0.0,0.13333333333333333,0.0,0.03333333333333333,0.0,1.0666666666666667,1.6666666666666667,0.7388888888888888,1.0,7.5,7.0,0.05,0.0,1753578000.0,-0.05,CHA,2025-ev-40,7.0,0.06855350495241913,0.0,0.0,0.9815950920245399,0.9705882352941176,1.0,0.8491481445786426,0.9722171310977025,0.7416524629250553,1.0543068503146156,19.25,0.8491481445786426,0.44,0.9846153846153847,11.420267105102539,Boom,42.5,0.0,0.0,0.0
Beau,Pederson,ARC,Defense,SSDM,003087,8,2025_game_40,7.742857142857143,10.0,6.5,10.321371571244175,0.42857142857142855,0.6666666666666666,1.1428571428571428,1.3333333333333333,0.0,0.0,0.09523809523809523,0.0,0.09523809523809523,0.3333333333333333,0.42857142857142855,0.0,0.06349206349206349,0.0,7.142857142857143,7.0,0.23809523809523808,0.6666666666666666,1753578000.0,0.42857142857142855,CHA,2025-ev-40,7.0,0.06855350495241913,0.0,0.0,0.9815950920245399,0.9705882352941176,1.0,0.8491481445786426,0.8491481445786426,0.6362518385475479,0.8837048447004757,19.25,0.8491481445786426,0.16,0.5692307692307692,12.830415725708008,Average,35.8,0.0,0.0,0.0
Mason,Woodward,ARC,Defense,SSDM,003082,16,2025_game_40,17.428571428571427,29.0,23.0,20.00725701487803,1.0476190476190477,2.0,2.2857142857142856,3.3333333333333335,0.0,0.0,0.0,0.0,0.047619047619047616,0.3333333333333333,0.8571428571428571,0.3333333333333333,0.0,0.0,8.619047619047619,9.666666666666666,0.2619047619047619,0.5,1753578000.0,0.23809523809523808,CHA,2025-ev-40,7.0,0.06855350495241913,0.0,0.0,0.9815950920245399,0.9705882352941176,1.0,0.8491481445786426,0.8491481445786426,0.9968597070690987,0.8837048447004757,19.25,0.8491481445786426,0.32,0.8307692307692308,13.941489219665527,Average,39.4,0.0,0.0,0.0
Warren,Jeffrey,ARC,Defense,Defensemen,001661,9,2025_game_40,8.28125,9.666666666666666,10.0,9.961704406075203,0.0,0.0,1.25,0.6666666666666666,0.0,0.0,0.0,0.0,0.03125,0.0,0.75,1.0,0.0,0.0,4.46875,2.6666666666666665,0.0,0.0,1753578000.0,0.0,CHA,2025-ev-40,7.0,0.06855350495241913,0.0,0.0,0.9815950920245399,0.9705882352941176,1.0,0.8491481445786426,0.9573052253244317,0.7219361395228988,1.0543068503146156,19.25,0.8491481445786426,0.18,0.6076923076923076,13.129180908203125,Average,31.1,0.0,0.0,0.0
Brendan,Lavelle,ARC,Defense,Defensemen,003163,8,2025_game_40,10.333333333333334,19.333333333333332,37.0,13.80510801905455,0.0,0.0,3.5555555555555554,3.6666666666666665,0.0,0.0,0.0,0.0,0.1111111111111111,0.3333333333333333,0.6666666666666666,1.3333333333333333,0.0,0.0,8.11111111111111,7.666666666666667,0.0,0.0,1753578000.0,0.0,CHA,2025-ev-40,7.0,0.06855350495241913,0.0,0.0,0.9815950920245399,0.9705882352941176,1.0,0.8491481445786426,0.8818076886008982,0.693927515999751,1.0543068503146156,19.25,0.8491481445786426,0.16,0.5692307692307692,11.704499244689941,Boom,50.3,0.0,0.0,0.0
Cam,Wyers,ARC,Defense,Defensemen,003007,3,2025_game_40,7.1,1.6666666666666667,-6.0,4.300885075433338,0.44,0.3333333333333333,1.28,0.3333333333333333,0.0,0.0,0.0,0.0,0.04,0.0,0.52,0.3333333333333333,0.0,0.0,3.12,2.3333333333333335,0.1,0.0,1753578000.0,-0.1,CHA,2025-ev-40,7.0,0.06855350495241913,0.0,0.0,0.9815950920245399,0.9705882352941176,1.0,0.8491481445786426,0.8491481445786426,1.173558615306751,1.0543068503146156,19.25,0.8491481445786426,0.06,0.15384615384615385,11.95273494720459,Average,24.2,0.0,0.0,0.0
Connor,Maher,ARC,Defense,SSDM,003005,3,2025_game_40,5.963636363636364,7.166666666666667,12.0,4.611453656343786,0.42424242424242425,0.0,1.2424242424242424,1.6666666666666667,0.0,0.0,0.030303030303030304,0.0,0.09090909090909091,0.6666666666666666,0.30303030303030304,0.0,0.1111111111111111,0.0,6.181818181818182,7.666666666666667,0.10606060606060606,0.0,1753578000.0,-0.10606060606060606,CHA,2025-ev-40,7.0,0.06855350495241913,0.0,0.0,0.9815950920245399,0.9705882352941176,1.0,0.8491481445786426,0.8491481445786426,1.0083634216871382,0.8837048447004757,19.25,0.8491481445786426,0.06,0.15384615384615385,11.305702209472656,Average,33.8,0.0,0.0,0.0
Piper,Bond,ARC,Defense,SSDM,003006,5,2025_game_40,5.690909090909091,5.0,-5.0,5.428118524725179,0.6363636363636364,0.3333333333333333,1.6666666666666667,1.3333333333333333,0.0,0.0,0.030303030303030304,0.0,0.12121212121212122,0.0,0.3939393939393939,0.3333333333333333,0.05555555555555555,0.0,11.0,9.0,0.08585858585858586,0.3333333333333333,1753578000.0,0.24747474747474746,CHA,2025-ev-40,7.0,0.06855350495241913,0.0,0.0,0.9815950920245399,0.9705882352941176,1.0,0.8491481445786426,0.8491481445786426,0.4842586064130598,0.8837048447004757,19.25,0.8491481445786426,0.1,0.4076923076923077,11.568700790405273,Average,40.3,0.0,0.0,0.0
Jack,Rowlett,CHA,Defense,Defensemen,000365,5,2025_game_40,12.336666666666668,7.666666666666667,1.0,8.240575178413554,0.2,0.0,1.3,1.0,0.0,0.0,0.06666666666666667,0.0,0.0,0.0,1.0666666666666667,0.6666666666666666,0.022988505747126436,0.0,6.633333333333334,4.333333333333333,0.03333333333333333,0.0,1754092800.0,-0.03333333333333333,ARC,2025-ev-40,7.0,-0.06855350495241913,0.0,0.0,1.0,1.0,1.0,0.8491481445786426,0.8031969596091314,1.2237048443961607,0.8555530256958731,19.25,0.8491481445786426,0.1,0.4076923076923077,11.372879028320312,Average,35.1,0.0,0.0,0.0
Greg,Langermeier,CHA,Defense,SSDM,003206,5,2025_game_40,6.975,12.266666666666666,16.8,8.226069880698374,0.625,0.3333333333333333,1.0,1.0,0.0,0.0,0.125,0.3333333333333333,0.25,0.3333333333333333,0.5,1.0,0.3333333333333333,0.3333333333333333,6.5,6.333333333333333,0.0,0.0,1754092800.0,0.0,ARC,2025-ev-40,7.0,-0.06855350495241913,0.0,0.0,1.0,1.0,1.0,0.8491481445786426,0.8491481445786426,0.8902359580259963,0.7356622646131047,19.25,0.8491481445786426,0.1,0.4076923076923077,9.953356742858887,Boom,44.5,0.0,0.0,0.0
Mark,Glicini,CHA,Defense,SSDM,000275,7,2025_game_40,6.085714285714285,14.433333333333332,11.0,9.255292138591805,0.42857142857142855,0.6666666666666666,0.9047619047619048,1.3333333333333333,0.0,0.0,0.047619047619047616,0.3333333333333333,0.047619047619047616,0.0,0.38095238095238093,0.6666666666666666,0.1111111111111111,0.3333333333333333,5.380952380952381,6.666666666666667,0.09523809523809523,0.3333333333333333,1754092800.0,0.23809523809523808,ARC,2025-ev-40,7.0,-0.06855350495241913,0.0,0.0,1.0,1.0,1.0,0.8491481445786426,0.8491481445786426,0.8816105484961361,0.7356622646131047,19.25,0.8491481445786426,0.14,0.5384615384615384,10.566481590270996,Average,36.0,0.0,0.0,0.0
Levi,Verch,CHA,Defense,SSDM,003171,3,2025_game_40,3.7777777777777777,8.333333333333334,4.0,5.114035982366065,0.2222222222222222,0.0,2.111111111111111,2.6666666666666665,0.0,0.0,0.0,0.0,0.0,0.0,0.3333333333333333,0.6666666666666666,0.0,0.0,5.444444444444445,3.6666666666666665,0.0,0.0,1754092800.0,0.0,ARC,2025-ev-40,7.0,-0.06855350495241913,0.0,0.0,1.0,1.0,1.0,0.8491481445786426,0.8491481445786426,0.8491481445786426,0.7356622646131047,19.25,0.8491481445786426,0.06,0.15384615384615385,9.698469161987305,Average,35.0,0.0,0.0,0.0
Scott,Smith,CHA,Defense,Defensemen,003103,8,2025_game_40,16.5,18.666666666666668,10.0,15.823275220779353,1.1666666666666667,1.0,1.5,2.0,0.0,0.0,0.0,0.0,0.0,0.0,1.0,1.3333333333333333,0.0,0.0,5.166666666666667,6.333333333333333,0.25,0.16666666666666666,1754092800.0,-0.08333333333333334,ARC,2025-ev-40,7.0,-0.06855350495241913,0.0,0.0,1.0,1.0,1.0,0.8491481445786426,0.8491481445786426,0.9220548034566068,0.8555530256958731,19.25,0.8491481445786426,0.16,0.5692307692307692,13.31666088104248,Average,39.4,0.0,0.0,0.0
Jarrod,Neumann,CHA,Defense,Defensemen,000269,5,2025_game_40,6.84375,-2.0,0.0,4.413814778092296,0.59375,0.3333333333333333,1.625,1.0,0.0,0.0,0.0,0.0,0.0,0.0,0.375,0.0,0.0,0.0,5.46875,7.0,0.0625,0.0,1754092800.0,-0.0625,ARC,2025-ev-40,7.0,-0.06855350495241913,0.0,0.0,1.0,1.0,1.0,0.8491481445786426,1.1617442401667426,0.6603193106015655,0.8555530256958731,19.25,0.8491481445786426,0.1,0.4076923076923077,4.591057300567627,Average,35.1,0.0,0.0,0.0
Ray,Dearth,CHA,Defense,SSDM,003212,6,2025_game_40,9.142857142857142,7.833333333333333,12.0,9.512538259797873,0.2857142857142857,0.0,1.2857142857142858,1.3333333333333333,0.0,0.0,0.0,0.0,0.2857142857142857,0.6666666666666666,0.2857142857142857,0.0,0.0,0.0,5.571428571428571,6.0,0.14285714285714285,0.0,1754092800.0,-0.14285714285714285,ARC,2025-ev-40,7.0,-0.06855350495241913,0.0,0.0,1.0,1.0,1.0,0.8491481445786426,0.8491481445786426,0.8856349789160062,0.7356622646131047,19.25,0.8491481445786426,0.12,0.5076923076923077,10.229310989379883,Boom,42.5,0.0,0.0,0.0
Troy,Reh,CHA,Defense,SSDM,000281,15,2025_game_40,12.9375,10.666666666666666,21.0,14.134410418623487,0.5625,0.6666666666666666,2.5625,2.6666666666666665,0.0,0.0,0.0,0.0,0.0,0.0,1.0,1.0,0.0,0.0,8.09375,11.666666666666666,0.078125,0.0,1754092800.0,-0.078125,ARC,2025-ev-40,7.0,-0.06855350495241913,0.0,0.0,1.0,1.0,1.0,0.8491481445786426,0.6701666806733386,0.6017875981144294,0.7356622646131047,19.25,0.8491481445786426,0.3,0.7615384615384615,8.326424598693848,Average,41.6,0.0,0.0,0.0
Brett,Makar,ATL,Defense,Defensemen,003009,13,2025_game_41,11.4,12.333333333333334,3.0,13.542774037401719,0.4,1.0,2.933333333333333,1.6666666666666667,0.0,0.0,0.0,0.0,0.06666666666666667,0.0,0.7666666666666667,1.0,0.0,0.0,8.4,6.333333333333333,0.06666666666666667,0.0,1753497000.0,-0.06666666666666667,WAT,2025-ev-41,7.0,0.2755238095238095,0.0,0.0,0.8,1.0,1.0,0.9947163979349813,0.80041319483981,1.0819722223152428,0.8052339355326763,22.55,0.9947163979349813,0.26,0.7076923076923077,13.563881874084473,Average,38.7,0.0,0.0,0.0
Michael,Rexrode,ATL,Defense,Defensemen,001397,11,2025_game_41,12.919354838709678,33.0,22.0,17.347454512055474,0.1935483870967742,0.3333333333333333,1.5161290322580645,1.3333333333333333,0.0,0.0,0.0,0.0,0.0,0.0,1.032258064516129,2.3333333333333335,0.0,0.0,4.967741935483871,5.333333333333333,0.0967741935483871,0.3333333333333333,1754154000.0,0.23655913978494622,WAT,2025-ev-41,7.0,0.2755238095238095,0.0,0.0,0.8,1.0,1.0,0.9947163979349813,0.8289303316124845,0.7360404607441492,0.8052339355326763,22.55,0.9947163979349813,0.22,0.6615384615384615,12.198212623596191,Average,30.8,0.0,0.0,0.0
Danny,Logan,ATL,Defense,SSDM,001819,4,2025_game_41,5.644827586206896,8.666666666666666,20.0,6.3055547000834595,0.7241379310344828,0.3333333333333333,1.1724137931034482,0.6666666666666666,0.0,0.0,0.13793103448275862,0.0,0.10344827586206896,0.3333333333333333,0.2413793103448276,0.3333333333333333,0.13095238095238096,0.0,7.275862068965517,6.666666666666667,0.20689655172413793,0.3333333333333333,1754154000.0,0.1264367816091954,WAT,2025-ev-41,7.0,0.2755238095238095,0.0,0.0,0.8,1.0,1.0,0.9947163979349813,0.9947163979349813,0.7052946384136426,0.928358843713244,22.55,0.9947163979349813,0.08,0.27692307692307694,9.226312637329102,Average,31.9,0.0,0.0,0.0
Max,Krevsky,ATL,Defense,SSDM,003172,3,2025_game_41,3.9285714285714284,9.333333333333334,10.0,5.6628588665703,0.7142857142857143,0.6666666666666666,0.8571428571428571,1.3333333333333333,0.0,0.0,0.0,0.0,0.2857142857142857,0.6666666666666666,0.2857142857142857,0.3333333333333333,0.0,0.0,8.0,9.333333333333334,0.0,0.0,1754154000.0,0.0,WAT,2025-ev-41,7.0,0.2755238095238095,0.0,0.0,0.8,1.0,1.0,0.9947163979349813,0.9947163979349813,0.9947163979349813,0.928358843713244,22.55,0.9947163979349813,0.06,0.15384615384615385,8.803492546081543,Average,31.3,0.0,0.0,0.0
Michael,Grace,ATL,Defense,SSDM,003178,18,2025_game_41,17.428571428571427,19.333333333333332,14.0,18.5651446723935,0.7142857142857143,0.6666666666666666,2.142857142857143,2.6666666666666665,0.0,0.0,0.0,0.0,0.42857142857142855,0.3333333333333333,0.5714285714285714,1.0,0.0,0.0,6.714285714285714,7.666666666666667,0.35714285714285715,0.16666666666666666,1754154000.0,-0.1904761904761905,WAT,2025-ev-41,7.0,0.2755238095238095,0.0,0.0,0.8,1.0,1.0,0.9947163979349813,0.9947163979349813,0.9240534844204745,0.928358843713244,22.55,0.9947163979349813,0.36,0.9230769230769231,11.914826393127441,Average,31.3,0.0,0.0,0.0
Gavin,Adler,ATL,Defense,Defensemen,003008,16,2025_game_41,17.571428571428573,4.333333333333333,2.0,14.598090615627191,0.03571428571428571,0.0,1.3571428571428572,1.0,0.0,0.0,0.0,0.0,0.03571428571428571,0.0,1.5,0.3333333333333333,0.0,0.0,6.392857142857143,5.333333333333333,0.03571428571428571,0.0,1754154000.0,-0.03571428571428571,WAT,2025-ev-41,7.0,0.2755238095238095,0.0,0.0,0.8,1.0,1.0,0.9947163979349813,0.9313509960870417,1.1124289978712798,0.8052339355326763,22.55,0.9947163979349813,0.32,0.8307692307692308,9.6200590133667,Boom,46.6,0.0,0.0,0.0
Chet,Comizio,ATL,Defense,SSDM,003039,4,2025_game_41,6.648148148148148,8.0,11.0,6.340069792710269,0.5555555555555556,0.3333333333333333,1.4074074074074074,1.3333333333333333,0.0,0.0,0.0,0.0,0.07407407407407407,0.0,0.4074074074074074,0.6666666666666666,0.0,0.0,7.814814814814815,8.333333333333334,0.14814814814814814,0.0,1754154000.0,-0.14814814814814814,WAT,2025-ev-41,7.0,0.2755238095238095,0.0,0.0,0.8,1.0,1.0,0.9947163979349813,0.9947163979349813,0.9017407395702757,0.928358843713244,22.55,0.9947163979349813,0.08,0.27692307692307694,9.3944673538208,Average,39.4,0.0,0.0,0.0
Tyler,Carpenter,ATL,Defense,SSDM,003099,16,2025_game_41,13.75,22.0,34.0,15.092083742317191,0.65,0.0,3.45,4.0,0.0,0.0,0.0,0.0,0.1,0.3333333333333333,0.7,1.6666666666666667,0.0,0.0,8.35,9.0,0.175,0.0,1754154000.0,-0.175,WAT,2025-ev-41,7.0,0.2755238095238095,0.0,0.0,0.8,1.0,1.0,0.9947163979349813,0.9947163979349813,0.7663837702271789,0.928358843713244,22.55,0.9947163979349813,0.32,0.8307692307692308,13.410931587219238,Average,36.8,0.0,0.0,0.0
Jimmy,Freehill,WAT,Defense,Defensemen,003181,9,2025_game_41,11.125,23.666666666666668,19.0,14.091358011004916,0.75,1.0,1.5,1.3333333333333333,0.0,0.0,0.0,0.0,0.0,0.0,0.75,1.6666666666666667,0.0,0.0,7.625,7.0,0.0625,0.16666666666666666,1754101800.0,0.10416666666666666,ATL,2025-ev-41,7.0,-0.2755238095238095,0.0,0.0,1.0,1.0,1.0,0.9947163979349813,0.9947163979349813,0.9947163979349813,0.9767410536326439,22.55,0.9947163979349813,0.18,0.6076923076923076,13.70090103149414,Average,38.9,0.0,0.0,0.0
Dylan,Hess,WAT,Defense,SSDM,003101,4,2025_game_41,5.833333333333333,4.333333333333333,1.0,5.5599245185632595,0.6666666666666666,1.3333333333333333,1.1111111111111112,1.3333333333333333,0.0,0.0,0.0,0.0,0.0,0.0,0.3333333333333333,0.0,0.0,0.0,7.333333333333333,8.333333333333334,0.1111111111111111,0.3333333333333333,1754101800.0,0.2222222222222222,ATL,2025-ev-41,7.0,-0.2755238095238095,0.0,0.0,1.0,1.0,1.0,0.9947163979349813,0.9947163979349813,1.8662774323161078,1.2121251335862537,22.55,0.9947163979349813,0.08,0.27692307692307694,10.50874137878418,Boom,43.6,0.0,0.0,0.0
Charlie,Hayes,WAT,Defense,SSDM,001733,2,2025_game_41,8.194444444444445,-0.16666666666666666,-0.5,4.808617515721242,0.5555555555555556,0.6666666666666666,1.5555555555555556,1.3333333333333333,0.0,0.0,0.0,0.0,0.1111111111111111,0.0,0.4444444444444444,0.0,0.0,0.0,5.666666666666667,7.0,0.16666666666666666,0.0,1753569000.0,-0.16666666666666666,ATL,2025-ev-41,7.0,-0.2755238095238095,0.0,0.0,1.0,1.0,1.0,0.9947163979349813,0.9947163979349813,1.024689020094981,1.2121251335862537,22.55,0.9947163979349813,0.04,0.046153846153846156,10.241117477416992,Boom,44.3,0.0,0.0,0.0
Ben,Wayer,WAT,Defense,SSDM,003179,13,2025_game_41,14.555555555555555,16.0,4.0,16.048601099864094,1.4444444444444444,0.6666666666666666,2.888888888888889,3.6666666666666665,0.0,0.0,0.0,0.0,0.2222222222222222,0.0,0.6666666666666666,1.3333333333333333,0.0,0.0,7.444444444444445,9.0,0.19444444444444445,0.0,1754101800.0,-0.19444444444444445,ATL,2025-ev-41,7.0,-0.2755238095238095,0.0,0.0,1.0,1.0,1.0,0.9947163979349813,0.9947163979349813,0.9769988030608214,1.2121251335862537,22.55,0.9947163979349813,0.26,0.7076923076923077,14.393362045288086,Average,41.7,0.0,0.0,0.0
Eli,Gobrecht,WAT,Defense,Defensemen,000410,2,2025_game_41,8.196428571428571,0.3333333333333333,0.0,6.015103959568184,0.21428571428571427,0.0,1.6428571428571428,0.3333333333333333,0.0,0.0,0.8928571428571429,0.0,0.0,0.0,0.8214285714285714,0.0,0.10897706709401506,0.0,4.071428571428571,2.6666666666666665,0.03571428571428571,0.0,1754101800.0,-0.03571428571428571,ATL,2025-ev-41,7.0,-0.2755238095238095,0.0,0.0,1.0,1.0,1.0,0.9947163979349813,0.9947163979349813,0.5022125883604631,0.9767410536326439,22.55,0.9947163979349813,0.04,0.046153846153846156,10.090569496154785,Average,36.2,0.0,0.0,0.0
Matt,Whitcher,WAT,Defense,SSDM,001707,3,2025_game_41,8.416666666666666,3.3333333333333335,10.0,4.508550498623605,0.9333333333333333,0.3333333333333333,1.5333333333333334,0.0,0.0,0.0,0.0,0.0,0.0,0.0,0.5333333333333333,0.3333333333333333,0.0,0.0,6.8,4.333333333333333,0.18888888888888886,0.0,1754101800.0,-0.18888888888888886,ATL,2025-ev-41,7.0,-0.2755238095238095,0.0,0.0,1.0,1.0,1.0,0.9947163979349813,0.9947163979349813,1.0646420061066484,1.2121251335862537,22.55,0.9947163979349813,0.06,0.15384615384615385,10.519998550415039,Boom,43.3,0.0,0.0,0.0
Ben,Randall,WAT,Defense,Defensemen,001406,17,2025_game_41,16.25,13.666666666666666,20.0,16.447489039956174,0.40625,0.3333333333333333,2.40625,3.3333333333333335,0.0,0.0,0.0,0.0,0.03125,0.0,1.3125,1.3333333333333333,0.0,0.0,9.375,10.333333333333334,0.0625,0.0,1754101800.0,-0.0625,ATL,2025-ev-41,7.0,-0.2755238095238095,0.0,0.0,1.0,1.0,1.0,0.9947163979349813,1.4574429673519438,1.182947347082678,0.9767410536326439,22.55,0.9947163979349813,0.34,0.8923076923076924,13.798624992370605,Boom,49.3,0.0,0.0,0.0
Kenny,Brower,WAT,Defense,Defensemen,003089,16,2025_game_41,15.0,8.333333333333334,1.0,12.270552626621582,0.14285714285714285,0.3333333333333333,1.4285714285714286,1.6666666666666667,0.0,0.0,0.0,0.0,0.14285714285714285,0.3333333333333333,1.1428571428571428,0.3333333333333333,0.0,0.0,5.857142857142857,5.333333333333333,0.0,0.0,1752969600.0,0.0,ATL,2025-ev-41,7.0,-0.2755238095238095,0.0,0.0,1.0,1.0,1.0,0.9947163979349813,0.807044004360131,0.8399827360339842,0.9767410536326439,22.55,0.9947163979349813,0.32,0.8307692307692308,11.729978561401367,Average,33.1,0.0,0.0,0.0
Jack,Kielty,CAN,Defense,Defensemen,001817,14,2025_game_42,13.45,13.666666666666666,10.0,13.803925245425015,0.15,0.3333333333333333,1.45,0.3333333333333333,0.0,0.0,0.0,0.0,0.0,0.0,1.15,1.3333333333333333,0.0,0.0,7.8,5.666666666666667,0.0,0.0,1754101800.0,0.0,WHP,2025-ev-42,7.0,-0.25655827676507786,0.0,0.0,0.9821428571428572,1.0,1.0,0.9704550223755916,0.7299212367446579,1.095176273259762,1.031064733559468,22.0,0.9704550223755916,0.28,0.7384615384615385,13.532318115234375,Average,30.2,0.0,0.0,0.0
Ethan,Rall,CAN,Defense,SSDM,003041,20,2025_game_42,18.35,11.333333333333334,23.0,17.32008018394461,0.5,0.6666666666666666,2.8666666666666667,2.3333333333333335,0.0,0.0,0.3333333333333333,0.0,0.03333333333333333,0.0,1.5333333333333334,1.0,0.21666610822957566,0.3,4.433333333333334,4.666666666666667,0.13333333333333333,0.0,1754101800.0,-0.13333333333333333,WHP,2025-ev-42,7.0,-0.25655827676507786,0.0,0.0,0.9821428571428572,1.0,1.0,0.9704550223755916,0.9704550223755916,1.012176067842541,0.8995363289683284,22.0,0.9704550223755916,0.4,0.9538461538461539,14.638007164001465,Boom,47.6,0.0,0.0,0.0
Garrett,Epple,CAN,Defense,Defensemen,000315,16,2025_game_42,18.967741935483872,10.666666666666666,12.0,13.964413172916862,0.0967741935483871,0.0,2.064516129032258,1.6666666666666667,0.0,0.0,0.0,0.0,0.03225806451612903,0.0,1.6774193548387097,1.0,0.0,0.0,8.419354838709678,8.0,0.0,0.0,1754101800.0,0.0,WHP,2025-ev-42,7.0,-0.25655827676507786,0.0,0.0,0.9821428571428572,1.0,1.0,0.9704550223755916,0.9704550223755916,1.1076244019555126,1.031064733559468,22.0,0.9704550223755916,0.32,0.8307692307692308,14.42025089263916,Boom,49.4,0.0,0.0,0.0
Owen,Grant,CAN,Defense,SSDM,003023,16,2025_game_42,15.153846153846153,6.333333333333333,21.0,13.981136363833858,1.3846153846153846,1.0,1.3846153846153846,0.6666666666666666,0.0,0.0,0.0,0.0,0.07692307692307693,0.0,1.0,0.6666666666666666,0.0,0.0,4.923076923076923,4.0,0.14102564102564102,0.0,1754101800.0,-0.14102564102564102,WHP,2025-ev-42,7.0,-0.25655827676507786,0.0,0.0,0.9821428571428572,1.0,1.0,0.9704550223755916,0.9704550223755916,1.0042344575271713,0.8995363289683284,22.0,0.9704550223755916,0.32,0.8307692307692308,9.249885559082031,Boom,43.3,0.0,0.0,0.0
Zach,Goodrich,CAN,Defense,SSDM,001671,3,2025_game_42,4.725806451612903,6.166666666666667,-0.5,4.129966629394505,0.06451612903225806,0.0,0.6129032258064516,0.0,0.0,0.0,0.16129032258064516,0.0,0.06451612903225806,0.0,0.41935483870967744,0.6666666666666666,0.08571428571428572,0.0,5.0,3.0,0.0,0.0,1754101800.0,0.0,WHP,2025-ev-42,7.0,-0.25655827676507786,0.0,0.0,0.9821428571428572,1.0,1.0,0.9704550223755916,0.9704550223755916,0.9704550223755916,0.8995363289683284,22.0,0.9704550223755916,0.06,0.15384615384615385,9.878742218017578,Average,29.2,0.0,0.0,0.0
Bryce,Young,CAN,Defense,Defensemen,000337,5,2025_game_42,11.566666666666666,7.666666666666667,0.0,9.630125435807887,0.13333333333333333,0.0,1.4,1.0,0.0,0.0,0.0,0.0,0.0,0.0,1.0333333333333334,0.6666666666666666,0.0,0.0,5.633333333333334,5.333333333333333,0.03333333333333333,0.0,1754101800.0,-0.03333333333333333,WHP,2025-ev-42,7.0,-0.25655827676507786,0.0,0.0,0.9821428571428572,1.0,1.0,0.9704550223755916,1.1685313880193569,0.8372621680798061,1.031064733559468,22.0,0.9704550223755916,0.1,0.4076923076923077,9.09182071685791,Average,41.7,0.0,0.0,0.0
Ben,Ramsey,CAN,Defense,SSDM,003184,13,2025_game_42,14.0,7.333333333333333,22.0,11.924327576713784,0.5,0.6666666666666666,2.875,2.6666666666666665,0.0,0.0,0.0,0.0,0.375,0.0,0.375,0.0,0.0,0.0,10.125,10.666666666666666,0.1875,0.16666666666666666,1754101800.0,-0.020833333333333343,WHP,2025-ev-42,7.0,-0.25655827676507786,0.0,0.0,0.9821428571428572,1.0,1.0,0.9704550223755916,0.9704550223755916,0.9704550223755916,0.8995363289683284,22.0,0.9704550223755916,0.26,0.7076923076923077,12.686080932617188,Average,28.9,0.0,0.0,0.0
Jeff,Trainor,CAN,Defense,SSDM,001826,5,2025_game_42,11.64516129032258,10.333333333333334,0.0,9.563488732656618,1.1935483870967742,1.6666666666666667,1.096774193548387,0.3333333333333333,0.0,0.0,0.0,0.0,0.1935483870967742,0.0,0.5161290322580645,0.0,0.0,0.0,8.258064516129032,9.0,0.21774193548387097,0.5,1754101800.0,0.282258064516129,WHP,2025-ev-42,7.0,-0.25655827676507786,0.0,0.0,0.9821428571428572,1.0,1.0,0.9704550223755916,0.9704550223755916,0.891002564403321,0.8995363289683284,22.0,0.9704550223755916,0.1,0.4076923076923077,10.7850341796875,Boom,47.3,0.0,0.0,0.0
Tim,Muller,WHP,Defense,Defensemen,000359,4,2025_game_42,8.666666666666666,4.333333333333333,13.0,6.256643216187013,0.09090909090909091,0.3333333333333333,1.5757575757575757,1.0,0.0,0.0,0.0,0.0,0.030303030303030304,0.0,0.696969696969697,0.3333333333333333,0.0,0.0,7.0606060606060606,7.0,0.0,0.0,1754179200.0,0.0,CAN,2025-ev-42,7.0,0.25655827676507786,0.0,0.0,1.0,1.0,1.0,0.9704550223755916,0.8251310566722567,0.7257676449390108,0.900882539198501,22.0,0.9704550223755916,0.08,0.27692307692307694,10.150148391723633,Average,36.1,0.0,0.0,0.0
Ajax,Zappitello,WHP,Defense,Defensemen,003077,24,2025_game_42,18.59090909090909,24.666666666666668,30.0,20.272889952286988,0.36363636363636365,0.0,2.1363636363636362,1.0,0.0,0.0,0.0,0.0,0.09090909090909091,0.0,1.5,2.3333333333333335,0.0,0.0,9.045454545454545,9.333333333333334,0.06818181818181818,0.0,1754179200.0,-0.06818181818181818,CAN,2025-ev-42,7.0,0.25655827676507786,0.0,0.0,1.0,1.0,1.0,0.9704550223755916,0.8370883964935659,0.8936372195652987,0.900882539198501,22.0,0.9704550223755916,0.48,1.0,13.285148620605469,Average,40.8,0.0,0.0,0.0
Jack,McDonald,WHP,Defense,SSDM,003173,4,2025_game_42,6.666666666666667,6.666666666666667,22.0,8.079183914049512,0.6666666666666666,0.6666666666666666,1.0,1.0,0.0,0.0,0.0,0.0,0.0,0.0,0.0,0.0,0.0,0.0,3.6666666666666665,3.6666666666666665,0.3333333333333333,0.3333333333333333,1754179200.0,0.0,CAN,2025-ev-42,7.0,0.25655827676507786,0.0,0.0,1.0,1.0,1.0,0.9704550223755916,0.9704550223755916,0.9704550223755916,0.9534715524322153,22.0,0.9704550223755916,0.08,0.27692307692307694,9.307598114013672,Average,34.0,0.0,0.0,0.0
Christian,Mazur,WHP,Defense,SSDM,003180,4,2025_game_42,5.444444444444445,3.6666666666666665,12.0,4.974728789715232,0.4444444444444444,0.0,1.3333333333333333,1.3333333333333333,0.0,0.0,0.0,0.0,0.0,0.0,0.4444444444444444,0.3333333333333333,0.0,0.0,6.777777777777778,7.666666666666667,0.0,0.0,1754179200.0,0.0,CAN,2025-ev-42,7.0,0.25655827676507786,0.0,0.0,1.0,1.0,1.0,0.9704550223755916,0.9704550223755916,0.8681281322611585,0.9534715524322153,22.0,0.9704550223755916,0.08,0.27692307692307694,9.293479919433594,Average,38.4,0.0,0.0,0.0
Roman,Puglise,WHP,Defense,SSDM,002021,2,2025_game_42,6.55,2.3333333333333335,-2.0,4.390794170905637,0.7666666666666667,0.3333333333333333,1.2,1.0,0.0,0.0,0.0,0.0,0.06666666666666667,0.0,0.23333333333333334,0.0,0.0,0.0,8.433333333333334,9.333333333333334,0.2111111111111111,0.3333333333333333,1752969600.0,0.1222222222222222,CAN,2025-ev-42,7.0,0.25655827676507786,0.0,0.0,1.0,1.0,1.0,0.9704550223755916,0.9704550223755916,1.041243090165499,0.9534715524322153,22.0,0.9704550223755916,0.04,0.046153846153846156,10.191920280456543,Boom,42.2,0.0,0.0,0.0
Colin,Squires,WHP,Defense,SSDM,001831,5,2025_game_42,8.396969696969698,9.0,1.0,6.5422336931199805,0.3333333333333333,0.0,2.909090909090909,2.3333333333333335,0.0,0.0,0.06060606060606061,0.0,0.09090909090909091,0.0,0.45454545454545453,0.6666666666666666,0.02525252525252525,0.0,4.787878787878788,3.0,0.045454545454545456,0.0,1754179200.0,-0.045454545454545456,CAN,2025-ev-42,7.0,0.25655827676507786,0.0,0.0,1.0,1.0,1.0,0.9704550223755916,0.7926387294558404,1.0014298889625026,0.9534715524322153,22.0,0.9704550223755916,0.1,0.4076923076923077,13.838879585266113,Average,40.2,0.0,0.0,0.0
Jake,Bernhardt,WHP,Defense,SSDM,000345,3,2025_game_42,4.866666666666666,7.166666666666667,15.0,5.259493163844272,0.7333333333333333,1.0,0.6666666666666666,0.3333333333333333,0.0,0.0,0.16666666666666666,0.0,0.06666666666666667,0.0,0.26666666666666666,0.3333333333333333,0.15476190476190474,0.0,5.933333333333334,8.0,0.10833333333333334,0.3333333333333333,1754179200.0,0.22499999999999998,CAN,2025-ev-42,7.0,0.25655827676507786,0.0,0.0,1.0,1.0,1.0,0.9704550223755916,0.9704550223755916,0.9704550223755916,0.9534715524322153,22.0,0.9704550223755916,0.06,0.15384615384615385,9.282723426818848,Average,31.6,0.0,0.0,0.0
Matthew,Dunn,WHP,Defense,Defensemen,000355,5,2025_game_42,11.870967741935484,14.666666666666666,0.0,10.1203063879026,0.45161290322580644,0.3333333333333333,1.3225806451612903,0.6666666666666666,0.0,0.0,0.0,0.0,0.0967741935483871,0.0,0.9032258064516129,1.3333333333333333,0.0,0.0,8.161290322580646,7.0,0.06451612903225806,0.0,1754179200.0,-0.06451612903225806,CAN,2025-ev-42,7.0,0.25655827676507786,0.0,0.0,1.0,1.0,1.0,0.9704550223755916,0.8506954723490865,1.1023103243287968,0.900882539198501,22.0,0.9704550223755916,0.1,0.4076923076923077,10.757959365844727,Average,40.8,0.0,0.0,0.0
Zac,Tucci,CAN,Faceoff,Faceoff,002067,8,2025_game_39,11.868421052631579,5.400000000000001,8.1,8.55888545893183,1.8421052631578947,0.6666666666666666,5.578947368421052,4.0,0.0,0.0,10.526315789473685,11.333333333333334,0.0,0.0,0.15789473684210525,0.0,0.45787728942546274,0.43212322410223464,5.368421052631579,3.6666666666666665,0.09210526315789473,0.0,1754101800.0,-0.09210526315789473,RED,2025-ev-39,7.0,-0.2670906366103856,0.0,0.0,1.0,0.9789473684210527,1.0,1.0079498755128302,0.9456033470812287,0.8979917072750669,0.9082989350850613,22.849999999999998,1.0079498755128302,0.16,0.2857142857142857,9.92,Bust,0.0,39.1,10.5,26.85
TD,Ierlan,RED,Faceoff,Faceoff,001812,24,2025_game_39,21.129032258064512,15.166666666666666,18.8,17.176230783942525,1.1612903225806452,1.0,8.774193548387096,7.0,0.0,0.0,14.67741935483871,16.666666666666668,0.0967741935483871,0.0,0.22580645161290322,0.0,0.6244046411488137,0.723417739751678,8.935483870967742,6.666666666666667,0.16129032258064516,0.0,1754179200.0,-0.16129032258064516,CAN,2025-ev-39,7.0,0.2670906366103856,0.0,0.0,1.0,1.0,1.0,1.0079498755128302,0.8930083748791043,1.3574622655522983,1.375936800651963,22.849999999999998,1.0079498755128302,0.48,1.0,24.7,Boom,54.5,60.9,16.35,26.85
Justin,Inacio,CHA,Faceoff,Faceoff,002032,20,2025_game_40,16.233333333333334,12.033333333333333,5.4,15.047728560235367,1.5,1.3333333333333333,8.833333333333334,8.333333333333334,0.0,0.0,13.833333333333334,14.0,0.16666666666666666,0.0,0.0,0.0,0.5738037727168163,0.5944329422590292,7.166666666666667,7.333333333333333,0.25,0.16666666666666666,1754092800.0,-0.08333333333333334,ARC,2025-ev-40,7.0,-0.06855350495241913,0.0,0.0,1.0,1.0,1.0,0.8491481445786426,0.9103395297201191,0.8183440024412928,0.8177351569049962,19.25,0.8491481445786426,0.4,0.6428571428571429,17.83,Average,28.5,56.9,13.22,23.25
Trevor,Baptiste,ATL,Faceoff,Faceoff,000254,23,2025_game_41,27.725806451612904,9.433333333333332,6.9,18.75370842188166,1.7419354838709677,1.0,12.451612903225806,5.0,0.0,0.0,18.06451612903226,10.333333333333334,0.0967741935483871,0.0,0.22580645161290322,0.3333333333333333,0.6741495395934776,0.4036796536796537,14.096774193548388,6.666666666666667,0.22311827956989244,0.1111111111111111,1754154000.0,-0.11200716845878134,WAT,2025-ev-41,7.0,0.2755238095238095,0.0,0.0,0.8,1.0,1.0,0.9947163979349813,0.9650614777153793,1.1635925082161593,1.4826218529415753,22.55,0.9947163979349813,0.46,0.8571428571428571,27.69,Boom,65.9,58.6,15.55,26.55
Alec,Stathakis,WAT,Faceoff,Faceoff,003119,12,2025_game_41,9.85625,10.6,10.4,12.941356933221783,1.0,1.3333333333333333,5.0625,4.0,0.0,0.0,12.125,12.0,0.0,0.0,0.125,0.3333333333333333,0.5107359810341789,0.5217391304347826,6.0,6.333333333333333,0.05208333333333333,0.0,1754101800.0,-0.05208333333333333,ATL,2025-ev-41,7.0,-0.2755238095238095,0.0,0.0,1.0,1.0,1.0,0.9947163979349813,0.9698688999980678,0.6809896582882399,0.5739342038013324,22.55,0.9947163979349813,0.24,0.42857142857142855,8.04,Bust,0.0,41.4,11.0,26.55
Zac,Tucci,CAN,Faceoff,Faceoff,002067,6,2025_game_42,11.868421052631579,5.400000000000001,8.1,8.55888545893183,1.8421052631578947,0.6666666666666666,5.578947368421052,4.0,0.0,0.0,10.526315789473685,11.333333333333334,0.0,0.0,0.15789473684210525,0.0,0.45787728942546274,0.43212322410223464,5.368421052631579,3.6666666666666665,0.09210526315789473,0.0,1754101800.0,-0.09210526315789473,WHP,2025-ev-42,7.0,-0.25655827676507786,0.0,0.0,0.9821428571428572,1.0,1.0,0.9704550223755916,0.8670395298170024,0.73225242597431,0.7406852438263144,22.0,0.9704550223755916,0.12,0.14285714285714285,6.77,Bust,0.0,33.8,8.8,26.0
Joseph,Nardella,WHP,Faceoff,Faceoff,000350,20,2025_game_42,18.604761904761908,9.933333333333334,11.7,15.620001092468549,0.7142857142857143,0.6666666666666666,7.619047619047619,3.0,0.0,0.0,15.666666666666666,12.0,0.047619047619047616,0.0,0.23809523809523808,0.0,0.6279194401590109,0.5640061692693271,10.095238095238095,5.666666666666667,0.14285714285714285,0.16666666666666666,1754179200.0,0.023809523809523808,CAN,2025-ev-42,7.0,0.25655827676507786,0.0,0.0,1.0,1.0,1.0,0.9704550223755916,0.859789244960188,1.0186114000216289,1.324753155988761,22.0,0.9704550223755916,0.4,0.6428571428571429,24.36,Boom,53.3,66.2,17.2,26.0
Colin,Kirst,CAN,Goalie,Goalie,002038,9,2025_game_39,30.966666666666665,28.0,58.0,32.38586985537551,0.06666666666666667,0.0,2.2333333333333334,2.0,13.066666666666666,13.666666666666666,0.0,0.0,0.03333333333333333,0.0,0.16666666666666666,0.0,0.0,0.0,17.133333333333333,16.333333333333332,0.0,0.0,1754101800.0,0.0,RED,2025-ev-39,7.0,-0.2670906366103856,0.0,0.0,1.0,0.9789473684210527,1.0,1.0079498755128302,1.0079498755128302,1.175172991296915,1.223598851817,22.849999999999998,1.0079498755128302,0.18,0.25,23.874006271362305,Average,44.4,0.0,0.0,0.0
Chayse,Ierlan,RED,Goalie,Goalie,003102,31,2025_game_39,21.818181818181817,34.333333333333336,37.0,27.03056101415897,0.18181818181818182,0.0,1.0909090909090908,1.6666666666666667,10.363636363636363,14.0,0.0,0.0,0.0,0.0,0.18181818181818182,0.3333333333333333,0.0,0.0,12.0,15.666666666666666,0.0,0.0,1754179200.0,0.0,CAN,2025-ev-39,7.0,0.2670906366103856,0.0,0.0,1.0,1.0,1.0,1.0079498755128302,1.0079498755128302,1.0079498755128302,0.7862550348326094,22.849999999999998,1.0079498755128302,0.62,0.5,14.550932884216309,Boom,47.3,0.0,0.0,0.0
Brett,Dobson,ARC,Goalie,Goalie,002026,44,2025_game_40,38.93939393939394,44.333333333333336,43.0,40.57416018211191,0.09090909090909091,0.3333333333333333,2.242424242424242,1.6666666666666667,14.393939393939394,16.0,0.0,0.0,0.030303030303030304,0.0,0.30303030303030304,0.6666666666666666,0.0,0.0,15.151515151515152,16.666666666666668,0.0,0.0,1753578000.0,0.0,CHA,2025-ev-40,7.0,0.06855350495241913,0.0,0.0,0.9815950920245399,0.9705882352941176,1.0,0.8491481445786426,0.8491481445786426,0.8868807197190633,0.9007448843716344,19.25,0.8491481445786426,0.88,0.75,24.48601722717285,Boom,72.0,0.0,0.0,0.0
Blaze,Riorden,CHA,Goalie,Goalie,000258,48,2025_game_40,40.310344827586206,45.333333333333336,52.0,41.954339969778864,0.2413793103448276,0.3333333333333333,2.206896551724138,2.0,14.0,13.333333333333334,0.0,0.0,0.20689655172413793,0.0,0.3793103448275862,1.3333333333333333,0.0,0.0,15.0,15.0,0.034482758620689655,0.0,1754092800.0,-0.034482758620689655,ARC,2025-ev-40,7.0,-0.06855350495241913,0.0,0.0,1.0,1.0,1.0,0.8491481445786426,0.8491481445786426,0.8395598165132551,0.7212409785875901,19.25,0.8491481445786426,0.96,1.0,22.1302433013916,Boom,56.9,0.0,0.0,0.0
Liam,Entenmann,ATL,Goalie,Goalie,003079,46,2025_game_41,36.1875,49.0,47.0,40.9879918360129,0.1875,0.3333333333333333,2.625,2.3333333333333335,13.8125,17.666666666666668,0.0,0.0,0.0625,0.0,0.1875,0.0,0.0,0.0,17.5625,18.0,0.0,0.0,1754154000.0,0.0,WAT,2025-ev-41,7.0,0.2755238095238095,0.0,0.0,0.8,1.0,1.0,0.9947163979349813,0.9947163979349813,1.1233509234883174,1.1317495819737555,22.55,0.9947163979349813,0.92,0.875,25.37604522705078,Boom,50.1,0.0,0.0,0.0
Dillon,Ward,WAT,Goalie,Goalie,000418,16,2025_game_41,28.714285714285715,20.333333333333332,13.0,22.39294945052166,0.047619047619047616,0.0,1.6666666666666667,1.6666666666666667,11.19047619047619,7.333333333333333,0.0,0.0,0.0,0.0,0.38095238095238093,0.6666666666666666,0.0,0.0,11.476190476190476,10.666666666666666,0.0,0.0,1753569000.0,0.0,ATL,2025-ev-41,7.0,-0.2755238095238095,0.0,0.0,1.0,1.0,1.0,0.9947163979349813,0.9947163979349813,0.8295489363375683,1.0069741675565953,22.55,0.9947163979349813,0.32,0.375,20.92298126220703,Average,35.5,0.0,0.0,0.0
Colin,Kirst,CAN,Goalie,Goalie,002038,7,2025_game_42,30.966666666666665,28.0,58.0,32.38586985537551,0.06666666666666667,0.0,2.2333333333333334,2.0,13.066666666666666,13.666666666666666,0.0,0.0,0.03333333333333333,0.0,0.16666666666666666,0.0,0.0,0.0,17.133333333333333,16.333333333333332,0.0,0.0,1754101800.0,0.0,WHP,2025-ev-42,7.0,-0.25655827676507786,0.0,0.0,0.9821428571428572,1.0,1.0,0.9704550223755916,0.9704550223755916,1.030114618297258,1.0725816863055633,22.0,0.9704550223755916,0.14,0.125,24.652143478393555,Boom,52.1,0.0,0.0,0.0
Emmet,Carroll,WHP,Goalie,Goalie,003176,42,2025_game_42,38.5,37.333333333333336,42.0,38.54074612589255,0.5,0.6666666666666666,2.5,3.0,13.833333333333334,13.333333333333334,0.0,0.0,0.0,0.0,0.3333333333333333,0.3333333333333333,0.0,0.0,17.666666666666668,18.666666666666668,0.0,0.0,1754179200.0,0.0,CAN,2025-ev-42,7.0,0.25655827676507786,0.0,0.0,1.0,1.0,1.0,0.9704550223755916,0.9704550223755916,0.9704550223755916,0.7570070357250507,22.0,0.9704550223755916,0.84,0.625,23.154067993164062,Boom,60.0,0.0,0.0,0.0
