firstName,lastName,team,positionGroup,subPosition,officialId,salary,eventId,fp_season_avg,fp_last3_avg,fp_lag1,shots_season_avg,shots_last3_avg,groundBalls_season_avg,groundBalls_last3_avg,saves_season_avg,saves_last3_avg,faceoffsWon_season_avg,faceoffsWon_last3_avg,assists_season_avg,assists_last3_avg,causedTurnovers_season_avg,causedTurnovers_last3_avg,faceoffPct_season_avg,faceoffPct_last3_avg,touches_season_avg,touches_last3_avg,shotPct_season_avg,shotPct_last3_avg,last_startTime,shotPct_anomaly,opponent,game_id,days_since_last_game,team_faceoff_advantage,opp_fp_allowed_to_position_last3,team_roster_churn,opp_def_churn,team_vacated_touch_share,team_inactive_fp_avg,opp_def_health,opp_ssdm_health,opp_goalie_health,pairing_rating,opponent_rating,player_vs_team_rating,team_def_rating,PredictedPoints_Regression,EV,BoomProbability
Connor,Fields,ARC,Attack,Attack,000262,30,2025_game_31,26.413793103448278,15.0,14.0,6.0,4.333333333333333,1.3793103448275863,0.6666666666666666,0.0,0.0,0.0,0.0,0.7931034482758621,0.0,0.1896551724137931,0.0,0.0,0.0,29.215793103448277,28.0,0.3183908045977012,0.3333333333333333,1752886800.0,0.014942528735632121,RED,2025-ev-31,7.0,-0.06682527464838006,99.66666666666667,0.0,0.0,0.0,0.0,1.0,1.0,1.0,1.0,1.0,0.772283150548355,1.1043029246999598,17.65,17.65,56.8
Connor,Fields,ARC,Attack,Attack,000262,29,2025_game_34,26.413793103448278,15.0,14.0,6.0,4.333333333333333,1.3793103448275863,0.6666666666666666,0.0,0.0,0.0,0.0,0.7931034482758621,0.0,0.1896551724137931,0.0,0.0,0.0,29.215793103448277,28.0,0.3183908045977012,0.3333333333333333,1752886800.0,0.014942528735632121,RED,2025-ev-31,7.0,-0.06682527464838006,99.66666666666667,0.0,0.0,0.0,0.0,1.0,1.0,1.0,1.0,1.0,0.772283150548355,1.1043029246999598,17.65,17.65,56.8
Sam,King,ARC,Attack,Attack,003174,28,2025_game_31,25.571428571428573,27.333333333333332,27.0,3.2857142857142856,3.3333333333333335,0.7142857142857143,0.6666666666666666,0.0,0.0,0.0,0.0,1.1428571428571428,0.3333333333333333,0.2857142857142857,0.6666666666666666,0.0,0.0,19.571428571428573,25.0,0.24285714285714285,0.38888888888888884,1752886800.0,0.14603174603174598,RED,2025-ev-31,7.0,-0.06682527464838006,99.66666666666667,0.0,0.0,0.0,0.0,1.0,1.0,1.0,1.0,1.0,1.015828677839851,1.1043029246999598,23.38,23.38,90.5
Sam,King,ARC,Attack,Attack,003174,27,2025_game_34,25.571428571428573,27.333333333333332,27.0,3.2857142857142856,3.3333333333333335,0.7142857142857143,0.6666666666666666,0.0,0.0,0.0,0.0,1.1428571428571428,0.3333333333333333,0.2857142857142857,0.6666666666666666,0.0,0.0,19.571428571428573,25.0,0.24285714285714285,0.38888888888888884,1752886800.0,0.14603174603174598,RED,2025-ev-31,7.0,-0.06682527464838006,99.66666666666667,0.0,0.0,0.0,0.0,1.0,1.0,1.0,1.0,1.0,1.015828677839851,1.1043029246999598,23.38,23.38,90.5
Mac,O'Keefe,ARC,Attack,Attack,001814,18,2025_game_31,23.906976744186046,17.666666666666668,10.0,6.3023255813953485,4.333333333333333,1.255813953488372,1.6666666666666667,0.0,0.0,0.0,0.0,0.37209302325581395,1.3333333333333333,0.18604651162790697,0.0,0.0,0.0,23.612279069767443,24.333333333333332,0.26183932346723043,0.25,1752886800.0,-0.011839323467230434,RED,2025-ev-31,7.0,-0.06682527464838006,99.66666666666667,0.0,0.0,0.0,0.0,1.0,1.0,1.0,1.0,1.0,0.9380557202133966,1.1043029246999598,17.2,17.2,54.1
Mac,O'Keefe,ARC,Attack,Attack,001814,17,2025_game_34,23.906976744186046,17.666666666666668,10.0,6.3023255813953485,4.333333333333333,1.255813953488372,1.6666666666666667,0.0,0.0,0.0,0.0,0.37209302325581395,1.3333333333333333,0.18604651162790697,0.0,0.0,0.0,23.612279069767443,24.333333333333332,0.26183932346723043,0.25,1752886800.0,-0.011839323467230434,RED,2025-ev-31,7.0,-0.06682527464838006,99.66666666666667,0.0,0.0,0.0,0.0,1.0,1.0,1.0,1.0,1.0,0.9380557202133966,1.1043029246999598,17.2,17.2,54.1
Max,Merklinger,ARC,Attack,Attack,003208,2,2025_game_34,-5.0,-5.0,-5.0,2.0,2.0,1.0,1.0,0.0,0.0,0.0,0.0,0.0,0.0,0.0,0.0,0.0,0.0,12.0,12.0,0.0,0.0,1751081400.0,0.0,RED,2025-ev-31,7.0,-0.06682527464838006,99.66666666666667,0.0,0.0,0.0,0.0,1.0,1.0,1.0,1.0,1.0,1.0,1.1043029246999598,12.92,12.92,28.9
Ryder,Garnsey,RED,Attack,Attack,000373,27,2025_game_31,24.455882352941178,17.0,42.0,5.323529411764706,4.0,1.5294117647058822,2.3333333333333335,0.0,0.0,0.0,0.0,0.8529411764705882,0.6666666666666666,0.16176470588235295,0.0,0.0,0.0,30.086352941176468,36.0,0.31444380782616077,0.2222222222222222,1752877800.0,-0.09222158560393856,ARC,2025-ev-31,7.0,0.06682527464838006,73.33333333333333,0.1111111111111111,0.0,0.0,0.0,1.0,1.0,1.0,1.0,0.9490370370370371,0.8057351172579675,0.8797077441149813,25.61,25.61,100.0
Chris,Kavanagh,RED,Attack,Attack,003168,36,2025_game_31,33.0,27.666666666666668,42.0,7.571428571428571,7.333333333333333,2.0,1.0,0.0,0.0,0.0,0.0,0.7142857142857143,0.6666666666666666,0.42857142857142855,0.0,0.0,0.0,39.0,39.666666666666664,0.28923933209647495,0.25833333333333336,1752877800.0,-0.030905998763141596,ARC,2025-ev-31,7.0,0.06682527464838006,73.33333333333333,0.1111111111111111,0.0,0.0,0.0,1.0,1.0,1.0,1.0,0.9090909090909092,0.898989898989899,0.8797077441149813,43.0,43.0,100.0
Dylan,Molloy,RED,Attack,Attack,001001,34,2025_game_31,25.476190476190474,14.333333333333334,10.0,6.761904761904762,9.666666666666666,1.6666666666666667,1.6666666666666667,0.0,0.0,0.0,0.0,0.9047619047619048,0.0,0.19047619047619047,0.0,0.0,0.0,32.437428571428576,29.666666666666668,0.258982683982684,0.17845117845117844,1752877800.0,-0.08053150553150554,ARC,2025-ev-31,7.0,0.06682527464838006,73.33333333333333,0.1111111111111111,0.0,0.0,0.0,1.0,1.0,1.0,1.0,0.8700642791551882,1.1475,0.8797077441149813,25.97,25.97,100.0
Josh,Zawada,CHA,Attack,Attack,003092,20,2025_game_33,16.4,22.0,33.0,3.2,4.0,1.2,1.6666666666666667,0.0,0.0,0.0,0.0,0.8,1.0,0.2,0.3333333333333333,0.0,0.0,31.0,35.0,0.4333333333333333,0.27777777777777773,1752886800.0,-0.15555555555555556,WAT,2025-ev-33,7.0,0.029966979466277133,71.33333333333333,0.0,0.1111111111111111,0.0,0.0,1.0,1.0,1.0,1.0,1.0,1.0485799701046339,1.003426943076698,27.82,27.82,100.0
Owen,Hiltz,CHA,Attack,Attack,003166,37,2025_game_33,42.0,52.0,71.0,7.0,7.666666666666667,1.25,1.3333333333333333,0.0,0.0,0.0,0.0,1.25,1.3333333333333333,0.25,0.3333333333333333,0.0,0.0,30.25,32.666666666666664,0.40317460317460313,0.4708994708994709,1752886800.0,0.06772486772486774,WAT,2025-ev-33,7.0,0.029966979466277133,71.33333333333333,0.0,0.1111111111111111,0.0,0.0,1.0,1.0,1.0,1.0,1.0,0.0,1.003426943076698,25.43,25.43,100.0
Jackson,Eicher,CHA,Attack,Attack,003192,21,2025_game_33,15.714285714285714,6.333333333333333,10.0,6.714285714285714,7.666666666666667,0.5714285714285714,1.0,0.0,0.0,0.0,0.0,0.7142857142857143,0.6666666666666666,0.0,0.0,0.0,0.0,22.142857142857142,25.0,0.19586683158111726,0.06734006734006734,1752886800.0,-0.12852676424104992,WAT,2025-ev-33,7.0,0.029966979466277133,71.33333333333333,0.0,0.1111111111111111,0.0,0.0,1.0,1.0,1.0,1.0,1.0,0.0,1.003426943076698,18.32,18.32,60.7
Adam,Charalambides,CHA,Attack,Attack,001846,16,2025_game_33,13.375,5.666666666666667,6.0,5.5,4.0,1.375,1.3333333333333333,0.0,0.0,0.0,0.0,0.125,0.3333333333333333,0.125,0.3333333333333333,0.0,0.0,28.625,30.0,0.3086805555555555,0.39999999999999997,1752886800.0,0.09131944444444445,WAT,2025-ev-33,7.0,0.029966979466277133,71.33333333333333,0.0,0.1111111111111111,0.0,0.0,1.0,1.0,1.0,1.0,1.0,0.0,1.003426943076698,14.4,14.4,37.6
CJ,Kirst,WAT,Attack,Attack,003159,2,2025_game_33,-5.0,-5.0,-5.0,5.0,5.0,1.0,1.0,0.0,0.0,0.0,0.0,0.0,0.0,0.0,0.0,0.0,0.0,14.0,14.0,0.0,0.0,1752969600.0,0.0,CHA,2025-ev-33,7.0,-0.029966979466277133,84.66666666666667,0.1111111111111111,0.0,0.0,0.0,1.0,1.0,1.0,1.0,1.0,1.0,0.9401071240392437,15.72,15.72,45.4
Michael,Sowers,WAT,Attack,Attack,001810,48,2025_game_33,35.97727272727273,40.666666666666664,40.0,6.659090909090909,8.0,0.8409090909090909,0.6666666666666666,0.0,0.0,0.0,0.0,1.75,1.3333333333333333,0.022727272727272728,0.0,0.0,0.0,31.62872727272727,31.333333333333332,0.30878427128427127,0.3138888888888889,1752969600.0,0.005104617604617612,CHA,2025-ev-33,7.0,-0.029966979466277133,84.66666666666667,0.1111111111111111,0.0,0.0,0.0,1.0,1.0,1.0,1.0,0.9435261707988981,0.7056854074542009,0.9401071240392437,29.23,29.23,100.0
Jake,Taylor,WAT,Attack,Attack,003167,23,2025_game_33,17.857142857142858,12.0,2.0,4.0,3.3333333333333335,1.5714285714285714,1.6666666666666667,0.0,0.0,0.0,0.0,0.42857142857142855,0.6666666666666666,0.0,0.0,0.0,0.0,10.428571428571429,9.333333333333334,0.33095238095238094,0.16666666666666666,1752969600.0,-0.16428571428571428,CHA,2025-ev-33,7.0,-0.029966979466277133,84.66666666666667,0.1111111111111111,0.0,0.0,0.0,1.0,1.0,1.0,1.0,1.0,1.0,0.9401071240392437,9.68,9.68,9.9
Kieran,McArdle,WAT,Attack,Attack,000240,28,2025_game_33,30.808823529411764,14.666666666666666,-1.0,6.029411764705882,4.666666666666667,1.3823529411764706,1.6666666666666667,0.0,0.0,0.0,0.0,1.4558823529411764,1.0,0.08823529411764706,0.0,0.0,0.0,31.259,28.333333333333332,0.3081365121806298,0.25,1752969600.0,-0.05813651218062982,CHA,2025-ev-33,7.0,-0.029966979466277133,84.66666666666667,0.1111111111111111,0.0,0.0,0.0,1.0,1.0,1.0,1.0,1.0,1.0138057646410867,0.9401071240392437,28.15,28.15,100.0
Xander,Dickson,ATL,Attack,Attack,003010,35,2025_game_32,31.88888888888889,36.666666666666664,49.0,5.444444444444445,5.666666666666667,2.1666666666666665,4.0,0.0,0.0,0.0,0.0,0.4444444444444444,0.3333333333333333,0.4444444444444444,0.0,0.0,0.0,18.333333333333332,18.0,0.37255291005291,0.5333333333333333,1752877800.0,0.1607804232804233,WHP,2025-ev-32,7.0,0.04450272348130668,82.33333333333333,0.0,0.1111111111111111,0.0,0.0,1.0,1.0,1.0,1.0,1.0,1.0467780429594271,1.0145049890118327,19.87,19.87,69.8
Jeff,Teat,ATL,Attack,Attack,001809,44,2025_game_32,45.285714285714285,41.0,56.0,5.836734693877551,7.333333333333333,1.9387755102040816,1.6666666666666667,0.0,0.0,0.0,0.0,2.326530612244898,2.6666666666666665,0.24489795918367346,0.0,0.0,0.0,37.07836734693878,40.0,0.3663721765762582,0.21203703703703702,1752877800.0,-0.15433513953922118,WHP,2025-ev-32,7.0,0.04450272348130668,82.33333333333333,0.0,0.1111111111111111,0.0,0.0,1.0,1.0,1.0,1.0,1.0,0.8670225673380247,1.0145049890118327,40.87,40.87,100.0
Connor,Shellenberger,ATL,Attack,Attack,003076,49,2025_game_32,39.5,55.333333333333336,69.0,4.75,5.333333333333333,2.0,1.3333333333333333,0.0,0.0,0.0,0.0,1.875,3.3333333333333335,0.125,0.0,0.0,0.0,36.875,40.666666666666664,0.3824652777777777,0.3333333333333333,1752877800.0,-0.04913194444444441,WHP,2025-ev-32,7.0,0.04450272348130668,82.33333333333333,0.0,0.1111111111111111,0.0,0.0,1.0,1.0,1.0,1.0,1.0,1.0237341772151898,1.0145049890118327,39.11,39.11,100.0
Aidan,Carroll,WHP,Attack,Attack,003165,29,2025_game_32,25.714285714285715,31.666666666666668,10.0,4.142857142857143,4.666666666666667,0.42857142857142855,0.6666666666666666,0.0,0.0,0.0,0.0,0.8571428571428571,1.0,0.14285714285714285,0.3333333333333333,0.0,0.0,29.714285714285715,39.0,0.41904761904761906,0.36111111111111116,1752969600.0,-0.0579365079365079,ATL,2025-ev-32,7.0,-0.04450272348130668,72.33333333333333,0.1111111111111111,0.0,0.0,0.0,1.0,1.0,1.0,1.0,1.0429029440977493,1.1055555555555556,1.153623557115576,27.46,27.46,100.0
TJ,Malone,WHP,Attack,Attack,003048,42,2025_game_32,39.85,23.666666666666668,52.0,7.1,5.0,1.75,0.3333333333333333,0.0,0.0,0.0,0.0,1.9,1.6666666666666667,0.2,0.3333333333333333,0.0,0.0,32.95,35.666666666666664,0.276969696969697,0.15873015873015872,1752969600.0,-0.11823953823953826,ATL,2025-ev-32,7.0,-0.04450272348130668,72.33333333333333,0.1111111111111111,0.0,0.0,0.0,1.0,1.0,1.0,1.0,1.0114831056389497,1.1076258190436357,1.153623557115576,34.58,34.58,100.0
Matt,Rambo,WHP,Attack,Attack,000354,6,2025_game_32,25.692307692307693,8.666666666666666,9.0,5.6,2.3333333333333335,1.1538461538461537,0.6666666666666666,0.0,0.0,0.0,0.0,1.2923076923076924,1.0,0.09230769230769231,0.0,0.0,0.0,27.066153846153846,10.666666666666666,0.266022311022311,0.0,1752969600.0,-0.266022311022311,ATL,2025-ev-32,7.0,-0.04450272348130668,72.33333333333333,0.1111111111111111,0.0,0.0,0.0,1.0,1.0,1.0,1.0,1.0016296296296296,1.0836452095808382,1.153623557115576,17.87,17.87,58.1
Connor,Fields,ARC,Attack,Attack,000262,30,2025_game_31,26.413793103448278,15.0,14.0,6.0,4.333333333333333,1.3793103448275863,0.6666666666666666,0.0,0.0,0.0,0.0,0.7931034482758621,0.0,0.1896551724137931,0.0,0.0,0.0,29.215793103448277,28.0,0.3183908045977012,0.3333333333333333,1752886800.0,0.014942528735632121,OUT,2025-ev-34,7.0,-0.02272214360246072,67.0,0.0,0.2222222222222222,0.0,0.0,1.0,1.0,1.0,1.0,1.0,1.3194915254237287,0.8564921116825605,20.77,20.77,75.1
Connor,Fields,ARC,Attack,Attack,000262,29,2025_game_34,26.413793103448278,15.0,14.0,6.0,4.333333333333333,1.3793103448275863,0.6666666666666666,0.0,0.0,0.0,0.0,0.7931034482758621,0.0,0.1896551724137931,0.0,0.0,0.0,29.215793103448277,28.0,0.3183908045977012,0.3333333333333333,1752886800.0,0.014942528735632121,OUT,2025-ev-34,7.0,-0.02272214360246072,67.0,0.0,0.2222222222222222,0.0,0.0,1.0,1.0,1.0,1.0,1.0,1.3194915254237287,0.8564921116825605,20.77,20.77,75.1
Sam,King,ARC,Attack,Attack,003174,28,2025_game_31,25.571428571428573,27.333333333333332,27.0,3.2857142857142856,3.3333333333333335,0.7142857142857143,0.6666666666666666,0.0,0.0,0.0,0.0,1.1428571428571428,0.3333333333333333,0.2857142857142857,0.6666666666666666,0.0,0.0,19.571428571428573,25.0,0.24285714285714285,0.38888888888888884,1752886800.0,0.14603174603174598,OUT,2025-ev-34,7.0,-0.02272214360246072,67.0,0.0,0.2222222222222222,0.0,0.0,1.0,1.0,1.0,1.0,1.0,1.015828677839851,0.8564921116825605,23.74,23.74,92.6
Sam,King,ARC,Attack,Attack,003174,27,2025_game_34,25.571428571428573,27.333333333333332,27.0,3.2857142857142856,3.3333333333333335,0.7142857142857143,0.6666666666666666,0.0,0.0,0.0,0.0,1.1428571428571428,0.3333333333333333,0.2857142857142857,0.6666666666666666,0.0,0.0,19.571428571428573,25.0,0.24285714285714285,0.38888888888888884,1752886800.0,0.14603174603174598,OUT,2025-ev-34,7.0,-0.02272214360246072,67.0,0.0,0.2222222222222222,0.0,0.0,1.0,1.0,1.0,1.0,1.0,1.015828677839851,0.8564921116825605,23.74,23.74,92.6
Mac,O'Keefe,ARC,Attack,Attack,001814,18,2025_game_31,23.906976744186046,17.666666666666668,10.0,6.3023255813953485,4.333333333333333,1.255813953488372,1.6666666666666667,0.0,0.0,0.0,0.0,0.37209302325581395,1.3333333333333333,0.18604651162790697,0.0,0.0,0.0,23.612279069767443,24.333333333333332,0.26183932346723043,0.25,1752886800.0,-0.011839323467230434,OUT,2025-ev-34,7.0,-0.02272214360246072,67.0,0.0,0.2222222222222222,0.0,0.0,1.0,1.0,1.0,1.0,1.0,1.1013485477178424,0.8564921116825605,18.22,18.22,60.1
Mac,O'Keefe,ARC,Attack,Attack,001814,17,2025_game_34,23.906976744186046,17.666666666666668,10.0,6.3023255813953485,4.333333333333333,1.255813953488372,1.6666666666666667,0.0,0.0,0.0,0.0,0.37209302325581395,1.3333333333333333,0.18604651162790697,0.0,0.0,0.0,23.612279069767443,24.333333333333332,0.26183932346723043,0.25,1752886800.0,-0.011839323467230434,OUT,2025-ev-34,7.0,-0.02272214360246072,67.0,0.0,0.2222222222222222,0.0,0.0,1.0,1.0,1.0,1.0,1.0,1.1013485477178424,0.8564921116825605,18.22,18.22,60.1
Max,Merklinger,ARC,Attack,Attack,003208,2,2025_game_34,-5.0,-5.0,-5.0,2.0,2.0,1.0,1.0,0.0,0.0,0.0,0.0,0.0,0.0,0.0,0.0,0.0,0.0,12.0,12.0,0.0,0.0,1751081400.0,0.0,OUT,2025-ev-34,7.0,-0.02272214360246072,67.0,0.0,0.2222222222222222,0.0,0.0,1.0,1.0,1.0,1.0,1.0,1.0,0.8564921116825605,14.44,14.44,37.9
Logan,Wisnauskas,OUT,Attack,Attack,002015,21,2025_game_34,26.0,14.0,7.0,5.75,3.6666666666666665,1.3214285714285714,1.3333333333333333,0.0,0.0,0.0,0.0,0.7857142857142857,0.3333333333333333,0.10714285714285714,0.0,0.0,0.0,29.964285714285715,20.666666666666668,0.2923044217687075,0.39999999999999997,1752951600.0,0.10769557823129244,ARC,2025-ev-34,7.0,0.02272214360246072,73.33333333333333,0.16666666666666666,0.0,0.0,0.0,1.0,1.0,1.0,1.0,1.0,0.967948717948718,0.8797077441149813,18.32,18.32,60.7
Brennan,O'Neill,OUT,Attack,Attack,003075,39,2025_game_34,30.555555555555557,47.0,46.0,8.5,7.333333333333333,1.3888888888888888,1.0,0.0,0.0,0.0,0.0,0.8888888888888888,1.3333333333333333,0.05555555555555555,0.0,0.0,0.0,32.166666666666664,33.333333333333336,0.22965568382235052,0.41269841269841273,1752951600.0,0.1830427288760622,ARC,2025-ev-34,7.0,0.02272214360246072,73.33333333333333,0.16666666666666666,0.0,0.0,0.0,1.0,1.0,1.0,1.0,0.8700642791551882,1.079090909090909,0.8797077441149813,26.4,26.4,100.0
Pat,Kavanagh,OUT,Attack,Attack,003080,50,2025_game_34,31.642857142857142,62.666666666666664,49.0,7.142857142857143,9.333333333333334,1.3571428571428572,3.0,0.0,0.0,0.0,0.0,1.0714285714285714,2.3333333333333335,0.35714285714285715,0.3333333333333333,0.0,0.0,34.07142857142857,44.666666666666664,0.257068130282416,0.37331649831649827,1752951600.0,0.11624836803408228,ARC,2025-ev-34,7.0,0.02272214360246072,73.33333333333333,0.16666666666666666,0.0,0.0,0.0,1.0,1.0,1.0,1.0,0.9090909090909092,1.0914221218961626,0.8797077441149813,31.56,31.56,100.0
Grant,Ament,ARC,Midfield,Midfield,000391,18,2025_game_31,20.75,24.666666666666668,14.0,3.892857142857143,5.333333333333333,0.7857142857142857,0.0,0.0,0.0,0.0,0.0,1.3214285714285714,1.6666666666666667,0.03571428571428571,0.3333333333333333,0.0,0.0,29.357142857142858,31.0,0.29566326530612247,0.20833333333333334,1752886800.0,-0.08732993197278913,RED,2025-ev-31,7.0,-0.06682527464838006,80.83333333333333,0.0,0.0,0.0,0.0,1.0,1.0,1.0,1.0,1.0,1.0808266079726094,1.0636333971904226,25.51,25.51,100.0
Tre,Leclaire,ARC,Midfield,Midfield,001821,21,2025_game_31,18.756756756756758,16.666666666666668,10.0,3.5675675675675675,3.6666666666666665,1.1081081081081081,1.0,0.0,0.0,0.0,0.0,0.24324324324324326,0.0,0.05405405405405406,0.0,0.0,0.0,18.216216216216218,17.666666666666668,0.38198198198198197,0.5,1752886800.0,0.11801801801801803,RED,2025-ev-31,7.0,-0.06682527464838006,80.83333333333333,0.0,0.0,0.0,0.0,1.0,1.0,1.0,1.0,1.0,1.0383017997231194,1.0636333971904226,12.72,12.72,27.8
Tre,Leclaire,ARC,Midfield,Midfield,001821,20,2025_game_34,18.756756756756758,16.666666666666668,10.0,3.5675675675675675,3.6666666666666665,1.1081081081081081,1.0,0.0,0.0,0.0,0.0,0.24324324324324326,0.0,0.05405405405405406,0.0,0.0,0.0,18.216216216216218,17.666666666666668,0.38198198198198197,0.5,1752886800.0,0.11801801801801803,RED,2025-ev-31,7.0,-0.06682527464838006,80.83333333333333,0.0,0.0,0.0,0.0,1.0,1.0,1.0,1.0,1.0,1.0383017997231194,1.0636333971904226,12.72,12.72,27.8
Tom,Schreiber,ARC,Midfield,Midfield,000225,22,2025_game_31,28.388059701492537,9.333333333333334,-4.0,5.746268656716418,4.0,1.1044776119402986,1.3333333333333333,0.0,0.0,0.0,0.0,1.3582089552238805,1.0,0.11940298507462686,0.3333333333333333,0.0,0.0,30.136850746268653,25.666666666666668,0.2791900885184468,0.0,1752886800.0,-0.2791900885184468,RED,2025-ev-31,7.0,-0.06682527464838006,80.83333333333333,0.0,0.0,0.0,0.0,1.0,1.0,1.0,1.0,1.0,0.8607058359621451,1.0636333971904226,22.55,22.55,85.6
Ryan,Ambler,ARC,Midfield,Midfield,000221,6,2025_game_31,12.757142857142858,1.3333333333333333,0.0,2.9857142857142858,2.0,0.5142857142857142,0.0,0.0,0.0,0.0,0.0,0.44285714285714284,0.0,0.11428571428571428,0.0,0.0,0.0,17.042557142857145,12.666666666666666,0.29853741496598635,0.3333333333333333,1752886800.0,0.03479591836734697,RED,2025-ev-31,7.0,-0.06682527464838006,80.83333333333333,0.0,0.0,0.0,0.0,1.0,1.0,1.0,1.0,1.0,1.2678471444568868,1.0636333971904226,8.83,8.83,4.9
Ryan,Ambler,ARC,Midfield,Midfield,000221,5,2025_game_34,12.757142857142858,1.3333333333333333,0.0,2.9857142857142858,2.0,0.5142857142857142,0.0,0.0,0.0,0.0,0.0,0.44285714285714284,0.0,0.11428571428571428,0.0,0.0,0.0,17.042557142857145,12.666666666666666,0.29853741496598635,0.3333333333333333,1752886800.0,0.03479591836734697,RED,2025-ev-31,7.0,-0.06682527464838006,80.83333333333333,0.0,0.0,0.0,0.0,1.0,1.0,1.0,1.0,1.0,1.2678471444568868,1.0636333971904226,8.83,8.83,4.9
Dyson,Williams,ARC,Midfield,Midfield,003090,16,2025_game_31,11.0,10.666666666666666,10.0,2.642857142857143,3.6666666666666665,0.5,0.6666666666666666,0.0,0.0,0.0,0.0,0.07142857142857142,0.0,0.0,0.0,0.0,0.0,6.714285714285714,8.666666666666666,0.4511904761904762,0.31666666666666665,1752886800.0,-0.13452380952380955,RED,2025-ev-31,7.0,-0.06682527464838006,80.83333333333333,0.0,0.0,0.0,0.0,1.0,1.0,1.0,1.0,1.0,0.974025974025974,1.0636333971904226,9.6,9.6,9.4
Dyson,Williams,ARC,Midfield,Midfield,003090,15,2025_game_34,11.0,10.666666666666666,10.0,2.642857142857143,3.6666666666666665,0.5,0.6666666666666666,0.0,0.0,0.0,0.0,0.07142857142857142,0.0,0.0,0.0,0.0,0.0,6.714285714285714,8.666666666666666,0.4511904761904762,0.31666666666666665,1752886800.0,-0.13452380952380955,RED,2025-ev-31,7.0,-0.06682527464838006,80.83333333333333,0.0,0.0,0.0,0.0,1.0,1.0,1.0,1.0,1.0,0.974025974025974,1.0636333971904226,9.6,9.6,9.4
Andrew,McAdorey,RED,Midfield,Midfield,003160,33,2025_game_31,30.0,16.466666666666665,16.4,4.142857142857143,4.333333333333333,1.8571428571428572,2.3333333333333335,0.0,0.0,0.7142857142857143,1.0,0.7142857142857143,0.3333333333333333,0.42857142857142855,0.3333333333333333,0.2755102040816327,0.14285714285714285,26.0,29.0,0.4428571428571428,0.2222222222222222,1752877800.0,-0.22063492063492057,ARC,2025-ev-31,7.0,0.06682527464838006,78.76666666666667,0.1111111111111111,0.0,0.0,0.0,1.0,1.0,1.0,1.0,1.0,0.8294444444444444,1.0114213410582973,18.91,18.91,64.2
Aidan,Danenza,RED,Midfield,Midfield,003156,3,2025_game_31,2.6666666666666665,2.6666666666666665,7.0,2.3333333333333335,2.3333333333333335,0.0,0.0,0.0,0.0,0.0,0.0,0.0,0.0,0.0,0.0,0.0,0.0,16.333333333333332,16.333333333333332,0.25,0.25,1752877800.0,0.0,ARC,2025-ev-31,7.0,0.06682527464838006,78.76666666666667,0.1111111111111111,0.0,0.0,0.0,1.0,1.0,1.0,1.0,1.0,1.0,1.0114213410582973,13.09,13.09,29.9
Romar,Dennis,RED,Midfield,Midfield,000305,21,2025_game_31,13.225806451612904,23.666666666666668,10.0,4.112903225806452,5.0,0.5806451612903226,0.3333333333333333,0.0,0.0,0.0,0.0,0.1774193548387097,0.0,0.20967741935483872,0.0,0.0,0.0,17.60325806451613,23.0,0.17520481310803884,0.3333333333333333,1752877800.0,0.15812852022529447,ARC,2025-ev-31,7.0,0.06682527464838006,78.76666666666667,0.1111111111111111,0.0,0.0,0.0,1.0,1.0,1.0,1.0,1.0,0.6458536585365853,1.0114213410582973,16.38,16.38,49.3
Charlie,Bertrand,RED,Midfield,Midfield,001832,13,2025_game_31,14.744186046511627,4.666666666666667,0.0,4.232558139534884,3.3333333333333335,0.5348837209302325,0.0,0.0,0.0,0.0,0.0,0.2558139534883721,0.3333333333333333,0.06976744186046512,0.0,0.0,0.0,19.55339534883721,13.333333333333334,0.29523809523809524,0.08333333333333333,1751072400.0,-0.21190476190476193,ARC,2025-ev-31,7.0,0.06682527464838006,78.76666666666667,0.1111111111111111,0.0,0.0,0.0,1.0,1.0,1.0,1.0,1.0,1.1358893472458143,1.0114213410582973,10.5,10.5,14.7
Josh,Balcarcel,RED,Midfield,Midfield,003211,11,2025_game_31,8.285714285714286,4.666666666666667,7.0,2.2857142857142856,2.0,0.42857142857142855,0.0,0.0,0.0,0.0,0.0,0.14285714285714285,0.0,0.0,0.0,0.0,0.0,15.285714285714286,16.333333333333332,0.38095238095238093,0.4444444444444444,1752877800.0,0.06349206349206349,ARC,2025-ev-31,7.0,0.06682527464838006,78.76666666666667,0.1111111111111111,0.0,0.0,0.0,1.0,1.0,1.0,1.0,1.0,0.9942528735632183,1.0114213410582973,11.68,11.68,21.6
JJ,Sillstrop,CHA,Midfield,Midfield,003149,15,2025_game_33,11.0,0.6666666666666666,0.0,2.5714285714285716,3.0,0.14285714285714285,0.0,0.0,0.0,0.0,0.0,0.42857142857142855,0.0,0.2857142857142857,0.0,0.0,0.0,16.142857142857142,12.333333333333334,0.19523809523809524,0.2333333333333333,1752886800.0,0.03809523809523807,WAT,2025-ev-33,7.0,0.029966979466277133,107.0,0.0,0.1111111111111111,0.0,0.0,1.0,1.0,1.0,1.0,1.0,0.0,0.9439319153761629,11.4,11.4,20.0
Sergio,Perkovic,CHA,Midfield,Midfield,000333,16,2025_game_33,16.46,16.666666666666668,8.0,4.28,4.666666666666667,0.66,0.3333333333333333,0.0,0.0,0.0,0.0,0.14,0.0,0.2,0.0,0.0,0.0,19.13258,18.0,0.23334126984126985,0.27777777777777773,1752886800.0,0.044436507936507885,WAT,2025-ev-33,7.0,0.029966979466277133,107.0,0.0,0.1111111111111111,0.0,0.0,1.0,1.0,1.0,1.0,1.0,1.3559870550161812,0.9439319153761629,14.68,14.68,39.3
Ross,Scott,CHA,Midfield,Midfield,003093,24,2025_game_33,19.857142857142858,32.0,18.0,3.7142857142857144,3.0,0.5714285714285714,0.6666666666666666,0.0,0.0,0.0,0.0,1.0,1.3333333333333333,0.0,0.0,0.0,0.0,22.571428571428573,23.333333333333332,0.2761904761904762,0.4444444444444444,1752886800.0,0.1682539682539682,WAT,2025-ev-33,7.0,0.029966979466277133,107.0,0.0,0.1111111111111111,0.0,0.0,1.0,1.0,1.0,1.0,1.0,0.9312714776632303,0.9439319153761629,18.59,18.59,62.3
Cross,Ferrara,CHA,Midfield,Midfield,003022,10,2025_game_33,9.8125,6.0,-6.0,3.5,2.3333333333333335,0.25,0.0,0.0,0.0,0.0,0.0,0.25,0.0,0.0,0.0,0.0,0.0,12.75,10.0,0.2546875,0.38888888888888884,1752886800.0,0.13420138888888883,WAT,2025-ev-33,7.0,0.029966979466277133,107.0,0.0,0.1111111111111111,0.0,0.0,1.0,1.0,1.0,1.0,1.0,0.8333333333333334,0.9439319153761629,9.97,9.97,11.6
Connor,Kelly,WAT,Midfield,Midfield,000339,16,2025_game_33,20.50793650793651,15.666666666666666,1.0,5.920634920634921,5.666666666666667,0.8571428571428571,1.0,0.0,0.0,0.0,0.0,0.5396825396825397,0.6666666666666666,0.09523809523809523,0.0,0.0,0.0,23.4115873015873,17.333333333333332,0.20642144451668257,0.07407407407407407,1752969600.0,-0.1323473704426085,CHA,2025-ev-33,7.0,-0.029966979466277133,93.60000000000001,0.1111111111111111,0.0,0.0,0.0,1.0,1.0,1.0,1.0,1.0,1.1167698658410732,1.0022389419590114,23.79,23.79,92.9
Jack,Hannah,WAT,Midfield,Midfield,002028,23,2025_game_33,17.0,18.333333333333332,9.0,5.972972972972973,6.333333333333333,1.027027027027027,2.6666666666666665,0.0,0.0,0.0,0.0,0.4594594594594595,0.3333333333333333,0.10810810810810811,0.0,0.0,0.0,18.62162162162162,20.666666666666668,0.2083011583011583,0.23809523809523805,1752969600.0,0.029794079794079747,CHA,2025-ev-33,7.0,-0.029966979466277133,93.60000000000001,0.1111111111111111,0.0,0.0,0.0,1.0,1.0,1.0,1.0,1.0,1.0352941176470587,1.0022389419590114,18.7,18.7,62.9
Thomas,McConvey,WAT,Midfield,Midfield,003027,25,2025_game_33,14.642857142857142,16.333333333333332,10.0,2.857142857142857,2.3333333333333335,0.6428571428571429,0.6666666666666666,0.0,0.0,0.0,0.0,0.21428571428571427,0.3333333333333333,0.14285714285714285,0.0,0.0,0.0,13.5,16.666666666666668,0.3821428571428571,0.6666666666666666,1752969600.0,0.2845238095238095,CHA,2025-ev-33,7.0,-0.029966979466277133,93.60000000000001,0.1111111111111111,0.0,0.0,0.0,1.0,1.0,1.0,1.0,1.0,0.0,1.0022389419590114,12.45,12.45,26.2
Zach,Currier,WAT,Midfield,Midfield,000409,19,2025_game_33,27.173684210526318,17.933333333333334,32.0,3.1403508771929824,3.3333333333333335,4.701754385964913,5.333333333333333,0.0,0.0,1.368421052631579,0.3333333333333333,0.7719298245614035,0.0,0.7543859649122807,0.3333333333333333,0.2056557049946038,0.3333333333333333,23.89677192982456,19.333333333333332,0.31963241436925643,0.4166666666666667,1752969600.0,0.09703425229741025,CHA,2025-ev-33,7.0,-0.029966979466277133,93.60000000000001,0.1111111111111111,0.0,0.0,0.0,1.0,1.0,1.0,1.0,1.0,1.0158983794951255,1.0022389419590114,29.38,29.38,100.0
Jake,Stevens,ATL,Midfield,Midfield,003084,11,2025_game_32,10.142857142857142,11.666666666666666,20.0,3.9285714285714284,3.6666666666666665,1.0,1.3333333333333333,0.0,0.0,0.0,0.0,0.14285714285714285,0.0,0.07142857142857142,0.0,0.0,0.0,12.5,10.333333333333334,0.2875850340136055,0.3611111111111111,1752877800.0,0.07352607709750558,WHP,2025-ev-32,7.0,0.04450272348130668,61.0,0.0,0.1111111111111111,0.0,0.0,1.0,1.0,1.0,1.0,1.0,0.8714788732394366,0.8796746733841759,9.34,9.34,7.9
Bryan,Costabile,ATL,Midfield,Midfield,000395,26,2025_game_32,22.30909090909091,13.333333333333334,18.0,6.218181818181818,6.333333333333333,1.6363636363636365,0.3333333333333333,0.0,0.0,0.0,0.0,0.6,0.0,0.2909090909090909,0.6666666666666666,0.0,0.0,27.1218,25.666666666666668,0.2365284715284715,0.21428571428571427,1752877800.0,-0.022242757242757233,WHP,2025-ev-32,7.0,0.04450272348130668,61.0,0.0,0.1111111111111111,0.0,0.0,1.0,1.0,1.0,1.0,1.0,0.8085923856095005,0.8796746733841759,19.72,19.72,68.9
Matt,Traynor,ATL,Midfield,Midfield,003164,32,2025_game_32,28.285714285714285,33.666666666666664,37.0,4.857142857142857,7.0,1.7142857142857142,1.6666666666666667,0.0,0.0,0.0,0.0,1.0,1.0,0.2857142857142857,0.3333333333333333,0.0,0.0,18.428571428571427,24.0,0.29523809523809524,0.27777777777777773,1752877800.0,-0.01746031746031751,WHP,2025-ev-32,7.0,0.04450272348130668,61.0,0.0,0.1111111111111111,0.0,0.0,1.0,1.0,1.0,1.0,1.0,0.9452861952861953,0.8796746733841759,13.61,13.61,33.0
Dox,Aitken,ATL,Midfield,Midfield,001816,9,2025_game_32,13.425925925925926,19.0,18.0,3.888888888888889,5.333333333333333,1.2962962962962963,1.3333333333333333,0.0,0.0,0.0,0.0,0.2222222222222222,0.3333333333333333,0.07407407407407407,0.0,0.0,0.0,21.248666666666665,28.0,0.3047178130511464,0.3527777777777778,1725742800.0,0.04805996472663138,WHP,2025-ev-32,7.0,0.04450272348130668,61.0,0.0,0.1111111111111111,0.0,0.0,1.0,1.0,1.0,1.0,1.0,0.7904827586206897,0.8796746733841759,14.53,14.53,38.4
Reid,Bowering,ATL,Midfield,Midfield,002006,20,2025_game_32,12.125,11.333333333333334,12.0,2.0,1.6666666666666667,2.25,3.3333333333333335,0.0,0.0,0.0,0.0,0.375,0.3333333333333333,0.125,0.3333333333333333,0.0,0.0,10.625,14.0,0.32291666666666663,0.08333333333333333,1752877800.0,-0.23958333333333331,WHP,2025-ev-32,7.0,0.04450272348130668,61.0,0.0,0.1111111111111111,0.0,0.0,1.0,1.0,1.0,1.0,1.0,0.8470790378006873,0.8796746733841759,8.41,8.41,2.4
Matt,Brandau,WHP,Midfield,Midfield,003081,29,2025_game_32,27.571428571428573,43.0,53.0,6.142857142857143,7.0,1.2857142857142858,0.3333333333333333,0.0,0.0,0.0,0.0,0.2857142857142857,0.6666666666666666,0.2857142857142857,0.6666666666666666,0.0,0.0,23.428571428571427,28.666666666666668,0.300907029478458,0.4243386243386243,1752969600.0,0.1234315948601663,ATL,2025-ev-32,7.0,-0.04450272348130668,43.833333333333336,0.1111111111111111,0.0,0.0,0.0,1.0,1.0,1.0,1.0,1.0,0.8333333333333334,1.0087694643440304,16.83,16.83,51.9
Levi,Anderson,WHP,Midfield,Midfield,003094,25,2025_game_32,17.466666666666665,31.0,11.0,4.0,5.666666666666667,0.5333333333333333,0.3333333333333333,0.0,0.0,0.0,0.0,0.3333333333333333,0.3333333333333333,0.2,0.3333333333333333,0.0,0.0,15.533333333333333,17.666666666666668,0.28857142857142853,0.3333333333333333,1752969600.0,0.04476190476190478,ATL,2025-ev-32,7.0,-0.04450272348130668,43.833333333333336,0.1111111111111111,0.0,0.0,0.0,1.0,1.0,1.0,1.0,1.0,1.1804798255179936,1.0087694643440304,14.1,14.1,35.9
Colin,Heacock,WHP,Midfield,Midfield,001009,20,2025_game_32,7.055555555555555,9.0,7.0,2.861111111111111,4.0,0.6388888888888888,0.0,0.0,0.0,0.0,0.0,0.1111111111111111,0.0,0.027777777777777776,0.0,0.0,0.0,14.305555555555555,12.0,0.22592592592592592,0.2611111111111111,1752969600.0,0.03518518518518521,ATL,2025-ev-32,7.0,-0.04450272348130668,43.833333333333336,0.1111111111111111,0.0,0.0,0.0,1.0,1.0,1.0,1.0,1.0,1.1585144927536233,1.0087694643440304,9.99,9.99,11.7
Brad,Smith,WHP,Midfield,Midfield,000390,24,2025_game_32,21.36111111111111,11.333333333333334,25.0,4.888888888888889,3.6666666666666665,1.1388888888888888,1.0,0.0,0.0,0.0,0.0,0.8055555555555556,0.0,0.05555555555555555,0.0,0.0,0.0,24.166833333333336,32.333333333333336,0.29114858906525576,0.2222222222222222,1752969600.0,-0.06892636684303355,ATL,2025-ev-32,7.0,-0.04450272348130668,43.833333333333336,0.1111111111111111,0.0,0.0,0.0,1.0,1.0,1.0,1.0,1.0,0.9117647058823529,1.0087694643440304,21.3,21.3,78.2
Adam,Poitras,WHP,Midfield,Midfield,003100,18,2025_game_32,16.058823529411764,9.666666666666666,0.0,3.7058823529411766,2.0,2.8823529411764706,3.6666666666666665,0.0,0.0,0.0,0.0,0.35294117647058826,0.3333333333333333,0.17647058823529413,0.3333333333333333,0.0,0.0,20.941176470588236,23.0,0.2529411764705882,0.1111111111111111,1752969600.0,-0.14183006535947712,ATL,2025-ev-32,7.0,-0.04450272348130668,43.833333333333336,0.1111111111111111,0.0,0.0,0.0,1.0,1.0,1.0,1.0,1.0,1.0920329670329672,1.0087694643440304,14.3,14.3,37.1
Grant,Ament,ARC,Midfield,Midfield,000391,18,2025_game_31,20.75,24.666666666666668,14.0,3.892857142857143,5.333333333333333,0.7857142857142857,0.0,0.0,0.0,0.0,0.0,1.3214285714285714,1.6666666666666667,0.03571428571428571,0.3333333333333333,0.0,0.0,29.357142857142858,31.0,0.29566326530612247,0.20833333333333334,1752886800.0,-0.08732993197278913,OUT,2025-ev-34,7.0,-0.02272214360246072,82.66666666666667,0.0,0.2222222222222222,0.0,0.0,1.0,1.0,1.0,1.0,1.0,0.821441672780631,1.0724134185761143,25.47,25.47,100.0
Tre,Leclaire,ARC,Midfield,Midfield,001821,21,2025_game_31,18.756756756756758,16.666666666666668,10.0,3.5675675675675675,3.6666666666666665,1.1081081081081081,1.0,0.0,0.0,0.0,0.0,0.24324324324324326,0.0,0.05405405405405406,0.0,0.0,0.0,18.216216216216218,17.666666666666668,0.38198198198198197,0.5,1752886800.0,0.11801801801801803,OUT,2025-ev-34,7.0,-0.02272214360246072,82.66666666666667,0.0,0.2222222222222222,0.0,0.0,1.0,1.0,1.0,1.0,1.0,1.5837563451776648,1.0724134185761143,11.46,11.46,20.4
Tre,Leclaire,ARC,Midfield,Midfield,001821,20,2025_game_34,18.756756756756758,16.666666666666668,10.0,3.5675675675675675,3.6666666666666665,1.1081081081081081,1.0,0.0,0.0,0.0,0.0,0.24324324324324326,0.0,0.05405405405405406,0.0,0.0,0.0,18.216216216216218,17.666666666666668,0.38198198198198197,0.5,1752886800.0,0.11801801801801803,OUT,2025-ev-34,7.0,-0.02272214360246072,82.66666666666667,0.0,0.2222222222222222,0.0,0.0,1.0,1.0,1.0,1.0,1.0,1.5837563451776648,1.0724134185761143,11.46,11.46,20.4
Tom,Schreiber,ARC,Midfield,Midfield,000225,22,2025_game_31,28.388059701492537,9.333333333333334,-4.0,5.746268656716418,4.0,1.1044776119402986,1.3333333333333333,0.0,0.0,0.0,0.0,1.3582089552238805,1.0,0.11940298507462686,0.3333333333333333,0.0,0.0,30.136850746268653,25.666666666666668,0.2791900885184468,0.0,1752886800.0,-0.2791900885184468,OUT,2025-ev-34,7.0,-0.02272214360246072,82.66666666666667,0.0,0.2222222222222222,0.0,0.0,1.0,1.0,1.0,1.0,1.0,0.9558359621451105,1.0724134185761143,22.23,22.23,83.7
Ryan,Ambler,ARC,Midfield,Midfield,000221,6,2025_game_31,12.757142857142858,1.3333333333333333,0.0,2.9857142857142858,2.0,0.5142857142857142,0.0,0.0,0.0,0.0,0.0,0.44285714285714284,0.0,0.11428571428571428,0.0,0.0,0.0,17.042557142857145,12.666666666666666,0.29853741496598635,0.3333333333333333,1752886800.0,0.03479591836734697,OUT,2025-ev-34,7.0,-0.02272214360246072,82.66666666666667,0.0,0.2222222222222222,0.0,0.0,1.0,1.0,1.0,1.0,1.0,0.9385498320268757,1.0724134185761143,9.76,9.76,10.4
Ryan,Ambler,ARC,Midfield,Midfield,000221,5,2025_game_34,12.757142857142858,1.3333333333333333,0.0,2.9857142857142858,2.0,0.5142857142857142,0.0,0.0,0.0,0.0,0.0,0.44285714285714284,0.0,0.11428571428571428,0.0,0.0,0.0,17.042557142857145,12.666666666666666,0.29853741496598635,0.3333333333333333,1752886800.0,0.03479591836734697,OUT,2025-ev-34,7.0,-0.02272214360246072,82.66666666666667,0.0,0.2222222222222222,0.0,0.0,1.0,1.0,1.0,1.0,1.0,0.9385498320268757,1.0724134185761143,9.76,9.76,10.4
Dyson,Williams,ARC,Midfield,Midfield,003090,16,2025_game_31,11.0,10.666666666666666,10.0,2.642857142857143,3.6666666666666665,0.5,0.6666666666666666,0.0,0.0,0.0,0.0,0.07142857142857142,0.0,0.0,0.0,0.0,0.0,6.714285714285714,8.666666666666666,0.4511904761904762,0.31666666666666665,1752886800.0,-0.13452380952380955,OUT,2025-ev-34,7.0,-0.02272214360246072,82.66666666666667,0.0,0.2222222222222222,0.0,0.0,1.0,1.0,1.0,1.0,1.0,0.9090909090909091,1.0724134185761143,10.18,10.18,12.8
Dyson,Williams,ARC,Midfield,Midfield,003090,15,2025_game_34,11.0,10.666666666666666,10.0,2.642857142857143,3.6666666666666665,0.5,0.6666666666666666,0.0,0.0,0.0,0.0,0.07142857142857142,0.0,0.0,0.0,0.0,0.0,6.714285714285714,8.666666666666666,0.4511904761904762,0.31666666666666665,1752886800.0,-0.13452380952380955,OUT,2025-ev-34,7.0,-0.02272214360246072,82.66666666666667,0.0,0.2222222222222222,0.0,0.0,1.0,1.0,1.0,1.0,1.0,0.9090909090909091,1.0724134185761143,10.18,10.18,12.8
Jonathan,Donville,OUT,Midfield,Midfield,002030,12,2025_game_34,18.17391304347826,9.666666666666666,2.0,3.260869565217391,1.6666666666666667,0.7391304347826086,0.6666666666666666,0.0,0.0,0.0,0.0,0.6086956521739131,0.0,0.13043478260869565,0.3333333333333333,0.0,0.0,18.391304347826086,12.0,0.3167701863354037,0.2222222222222222,1752951600.0,-0.0945479641131815,ARC,2025-ev-34,7.0,0.02272214360246072,78.76666666666667,0.16666666666666666,0.0,0.0,0.0,1.0,1.0,1.0,1.0,1.0,0.8038277511961722,1.0114213410582973,11.06,11.06,18.0
Dalton,Young,OUT,Midfield,Midfield,003106,24,2025_game_34,16.764705882352942,27.0,54.0,2.6470588235294117,1.6666666666666667,0.9411764705882353,1.6666666666666667,0.0,0.0,0.0,0.0,0.6470588235294118,1.6666666666666667,0.058823529411764705,0.3333333333333333,0.0,0.0,14.058823529411764,16.666666666666668,0.35,0.16666666666666666,1752951600.0,-0.18333333333333332,ARC,2025-ev-34,7.0,0.02272214360246072,78.76666666666667,0.16666666666666666,0.0,0.0,0.0,1.0,1.0,1.0,1.0,1.0,0.8337719298245614,1.0114213410582973,15.37,15.37,43.4
Justin,Anderson,OUT,Midfield,Midfield,001828,13,2025_game_34,15.9375,19.666666666666668,22.0,3.4791666666666665,3.0,1.3333333333333333,1.6666666666666667,0.0,0.0,0.0,0.0,0.3541666666666667,0.3333333333333333,0.2916666666666667,0.3333333333333333,0.0,0.0,19.177520833333332,12.333333333333334,0.2681547619047619,0.4444444444444444,1752951600.0,0.17628968253968252,ARC,2025-ev-34,7.0,0.02272214360246072,78.76666666666667,0.16666666666666666,0.0,0.0,0.0,1.0,1.0,1.0,1.0,1.0,1.0505446623093682,1.0114213410582973,10.44,10.44,14.4
Graham,Bundy,OUT,Midfield,Midfield,003085,17,2025_game_34,17.11111111111111,8.666666666666666,0.0,5.444444444444445,3.0,0.5555555555555556,0.6666666666666666,0.0,0.0,0.0,0.0,0.2222222222222222,0.3333333333333333,0.05555555555555555,0.0,0.0,0.0,21.944444444444443,20.0,0.1865299823633157,0.1111111111111111,1752951600.0,-0.07541887125220459,ARC,2025-ev-34,7.0,0.02272214360246072,78.76666666666667,0.16666666666666666,0.0,0.0,0.0,1.0,1.0,1.0,1.0,1.0,1.150974025974026,1.0114213410582973,14.92,14.92,40.7
Jared,Bernhardt,OUT,Midfield,Midfield,001827,15,2025_game_34,25.0,33.333333333333336,39.0,5.666666666666667,5.333333333333333,0.8333333333333334,0.6666666666666666,0.0,0.0,0.0,0.0,0.3333333333333333,0.3333333333333333,0.0,0.0,0.0,0.0,23.666666666666668,23.0,0.4055555555555556,0.5777777777777778,1752951600.0,0.17222222222222222,ARC,2025-ev-34,7.0,0.02272214360246072,78.76666666666667,0.16666666666666666,0.0,0.0,0.0,1.0,1.0,1.0,1.0,1.0,1.1733333333333333,1.0114213410582973,17.92,17.92,58.4
Graeme,Hossack,ARC,Defense,Defensemen,000922,24,2025_game_31,16.796000000000003,6.666666666666667,-2.0,0.42,0.6666666666666666,3.16,2.0,0.0,0.0,0.32,0.0,0.02,0.0,1.3,0.6666666666666666,0.4733333333333333,1.0,7.704,9.0,0.03,0.0,1752886800.0,-0.03,RED,2025-ev-31,7.0,-0.06682527464838006,59.5,0.0,0.0,0.0,0.0,1.0,1.0,1.0,1.0,1.0,0.877864693058787,0.9048954127790705,14.92,14.92,40.7
Graeme,Hossack,ARC,Defense,Defensemen,000922,23,2025_game_34,16.796000000000003,6.666666666666667,-2.0,0.42,0.6666666666666666,3.16,2.0,0.0,0.0,0.32,0.0,0.02,0.0,1.3,0.6666666666666666,0.4733333333333333,1.0,7.704,9.0,0.03,0.0,1752886800.0,-0.03,RED,2025-ev-31,7.0,-0.06682527464838006,59.5,0.0,0.0,0.0,0.0,1.0,1.0,1.0,1.0,1.0,0.877864693058787,0.9048954127790705,14.92,14.92,40.7
Beau,Pederson,ARC,Defense,SSDM,003087,13,2025_game_31,7.4263157894736835,15.666666666666666,8.5,0.42105263157894735,1.0,1.1578947368421053,1.3333333333333333,0.0,0.0,0.10526315789473684,0.0,0.05263157894736842,0.0,0.47368421052631576,1.0,0.07017543859649122,0.16666666666666666,7.105263157894737,6.333333333333333,0.21052631578947367,0.6666666666666666,1752886800.0,0.45614035087719296,RED,2025-ev-31,7.0,-0.06682527464838006,59.5,0.0,0.0,0.0,0.0,1.0,1.0,1.0,1.0,1.0,1.1467930545712262,1.0408752896346152,7.64,7.64,0.0
Beau,Pederson,ARC,Defense,SSDM,003087,12,2025_game_34,7.4263157894736835,15.666666666666666,8.5,0.42105263157894735,1.0,1.1578947368421053,1.3333333333333333,0.0,0.0,0.10526315789473684,0.0,0.05263157894736842,0.0,0.47368421052631576,1.0,0.07017543859649122,0.16666666666666666,7.105263157894737,6.333333333333333,0.21052631578947367,0.6666666666666666,1752886800.0,0.45614035087719296,RED,2025-ev-31,7.0,-0.06682527464838006,59.5,0.0,0.0,0.0,0.0,1.0,1.0,1.0,1.0,1.0,1.1467930545712262,1.0408752896346152,7.64,7.64,0.0
Mason,Woodward,ARC,Defense,SSDM,003082,19,2025_game_31,17.05263157894737,25.0,45.0,1.0526315789473684,1.6666666666666667,2.263157894736842,2.6666666666666665,0.0,0.0,0.0,0.0,0.0,0.0,0.8947368421052632,1.0,0.0,0.0,8.578947368421053,6.666666666666667,0.23684210526315788,0.16666666666666666,1752886800.0,-0.07017543859649122,RED,2025-ev-31,7.0,-0.06682527464838006,59.5,0.0,0.0,0.0,0.0,1.0,1.0,1.0,1.0,1.0,1.2040895061728394,1.0408752896346152,13.16,13.16,30.4
Mason,Woodward,ARC,Defense,SSDM,003082,18,2025_game_34,17.05263157894737,25.0,45.0,1.0526315789473684,1.6666666666666667,2.263157894736842,2.6666666666666665,0.0,0.0,0.0,0.0,0.0,0.0,0.8947368421052632,1.0,0.0,0.0,8.578947368421053,6.666666666666667,0.23684210526315788,0.16666666666666666,1752886800.0,-0.07017543859649122,RED,2025-ev-31,7.0,-0.06682527464838006,59.5,0.0,0.0,0.0,0.0,1.0,1.0,1.0,1.0,1.0,1.2040895061728394,1.0408752896346152,13.16,13.16,30.4
Warren,Jeffrey,ARC,Defense,Defensemen,001661,13,2025_game_31,8.1,20.333333333333332,10.0,0.0,0.0,1.3,0.6666666666666666,0.0,0.0,0.0,0.0,0.05,0.0,0.7,2.0,0.0,0.0,4.709999999999999,3.3333333333333335,0.0,0.0,1752886800.0,0.0,RED,2025-ev-31,7.0,-0.06682527464838006,59.5,0.0,0.0,0.0,0.0,1.0,1.0,1.0,1.0,1.0,1.206509539842873,0.9048954127790705,9.5,9.5,8.8
Warren,Jeffrey,ARC,Defense,Defensemen,001661,12,2025_game_34,8.1,20.333333333333332,10.0,0.0,0.0,1.3,0.6666666666666666,0.0,0.0,0.0,0.0,0.05,0.0,0.7,2.0,0.0,0.0,4.709999999999999,3.3333333333333335,0.0,0.0,1752886800.0,0.0,RED,2025-ev-31,7.0,-0.06682527464838006,59.5,0.0,0.0,0.0,0.0,1.0,1.0,1.0,1.0,1.0,1.206509539842873,0.9048954127790705,9.5,9.5,8.8
Brendan,Lavelle,ARC,Defense,Defensemen,003163,7,2025_game_31,4.857142857142857,1.0,-1.0,0.0,0.0,3.2857142857142856,3.0,0.0,0.0,0.0,0.0,0.0,0.0,0.2857142857142857,0.0,0.0,0.0,8.0,8.0,0.0,0.0,1752886800.0,0.0,RED,2025-ev-31,7.0,-0.06682527464838006,59.5,0.0,0.0,0.0,0.0,1.0,1.0,1.0,1.0,1.0,1.0,0.9048954127790705,10.33,10.33,13.7
Brendan,Lavelle,ARC,Defense,Defensemen,003163,6,2025_game_34,4.857142857142857,1.0,-1.0,0.0,0.0,3.2857142857142856,3.0,0.0,0.0,0.0,0.0,0.0,0.0,0.2857142857142857,0.0,0.0,0.0,8.0,8.0,0.0,0.0,1752886800.0,0.0,RED,2025-ev-31,7.0,-0.06682527464838006,59.5,0.0,0.0,0.0,0.0,1.0,1.0,1.0,1.0,1.0,1.0,0.9048954127790705,10.33,10.33,13.7
Cam,Wyers,ARC,Defense,Defensemen,003007,9,2025_game_31,7.978260869565218,8.666666666666666,11.0,0.4782608695652174,0.6666666666666666,1.391304347826087,0.6666666666666666,0.0,0.0,0.0,0.0,0.043478260869565216,0.0,0.5652173913043478,0.6666666666666666,0.0,0.0,3.217391304347826,3.0,0.10869565217391304,0.3333333333333333,1752886800.0,0.2246376811594203,RED,2025-ev-31,7.0,-0.06682527464838006,59.5,0.0,0.0,0.0,0.0,1.0,1.0,1.0,1.0,1.0,0.8897971541023313,0.9048954127790705,7.8,7.8,0.0
Cam,Wyers,ARC,Defense,Defensemen,003007,8,2025_game_34,7.978260869565218,8.666666666666666,11.0,0.4782608695652174,0.6666666666666666,1.391304347826087,0.6666666666666666,0.0,0.0,0.0,0.0,0.043478260869565216,0.0,0.5652173913043478,0.6666666666666666,0.0,0.0,3.217391304347826,3.0,0.10869565217391304,0.3333333333333333,1752886800.0,0.2246376811594203,RED,2025-ev-31,7.0,-0.06682527464838006,59.5,0.0,0.0,0.0,0.0,1.0,1.0,1.0,1.0,1.0,0.8897971541023313,0.9048954127790705,7.8,7.8,0.0
Jon,Robbins,ARC,Defense,SSDM,002042,2,2025_game_34,9.678571428571429,6.666666666666667,8.0,0.25,0.0,1.2857142857142858,1.0,0.0,0.0,0.0,0.0,0.03571428571428571,0.3333333333333333,0.7857142857142857,0.3333333333333333,0.0,0.0,3.0357142857142856,2.3333333333333335,0.07142857142857142,0.0,1726426800.0,-0.07142857142857142,RED,2025-ev-31,7.0,-0.06682527464838006,59.5,0.0,0.0,0.0,0.0,1.0,1.0,1.0,1.0,1.0,0.8616236162361623,1.0408752896346152,8.49,8.49,2.9
Connor,Maher,ARC,Defense,SSDM,003005,4,2025_game_31,5.929032258064517,6.833333333333333,8.5,0.45161290322580644,0.0,1.2258064516129032,1.3333333333333333,0.0,0.0,0.03225806451612903,0.0,0.06451612903225806,0.3333333333333333,0.3225806451612903,0.3333333333333333,0.125,0.0,6.096774193548387,4.666666666666667,0.11290322580645161,0.0,1752886800.0,-0.11290322580645161,RED,2025-ev-31,7.0,-0.06682527464838006,59.5,0.0,0.0,0.0,0.0,1.0,1.0,1.0,1.0,1.0,0.5505984766050054,1.0408752896346152,6.87,6.87,0.0
Connor,Maher,ARC,Defense,SSDM,003005,4,2025_game_34,5.929032258064517,6.833333333333333,8.5,0.45161290322580644,0.0,1.2258064516129032,1.3333333333333333,0.0,0.0,0.03225806451612903,0.0,0.06451612903225806,0.3333333333333333,0.3225806451612903,0.3333333333333333,0.125,0.0,6.096774193548387,4.666666666666667,0.11290322580645161,0.0,1752886800.0,-0.11290322580645161,RED,2025-ev-31,7.0,-0.06682527464838006,59.5,0.0,0.0,0.0,0.0,1.0,1.0,1.0,1.0,1.0,0.5505984766050054,1.0408752896346152,6.87,6.87,0.0
Piper,Bond,ARC,Defense,SSDM,003006,8,2025_game_31,5.961290322580646,8.166666666666666,12.0,0.6451612903225806,1.0,1.7096774193548387,1.6666666666666667,0.0,0.0,0.03225806451612903,0.0,0.12903225806451613,0.0,0.41935483870967744,0.3333333333333333,0.0625,0.0,11.096774193548388,8.666666666666666,0.059139784946236555,0.16666666666666666,1752886800.0,0.1075268817204301,RED,2025-ev-31,7.0,-0.06682527464838006,59.5,0.0,0.0,0.0,0.0,1.0,1.0,1.0,1.0,1.0,0.546969696969697,1.0408752896346152,7.26,7.26,0.0
Piper,Bond,ARC,Defense,SSDM,003006,8,2025_game_34,5.961290322580646,8.166666666666666,12.0,0.6451612903225806,1.0,1.7096774193548387,1.6666666666666667,0.0,0.0,0.03225806451612903,0.0,0.12903225806451613,0.0,0.41935483870967744,0.3333333333333333,0.0625,0.0,11.096774193548388,8.666666666666666,0.059139784946236555,0.16666666666666666,1752886800.0,0.1075268817204301,RED,2025-ev-31,7.0,-0.06682527464838006,59.5,0.0,0.0,0.0,0.0,1.0,1.0,1.0,1.0,1.0,0.546969696969697,1.0408752896346152,7.26,7.26,0.0
Chris,Conlin,RED,Defense,Defensemen,003109,11,2025_game_31,10.5,10.333333333333334,3.0,0.0,0.0,2.25,3.6666666666666665,0.0,0.0,0.0,0.0,0.0,0.0,0.8125,0.6666666666666666,0.0,0.0,8.1875,7.333333333333333,0.0,0.0,1752877800.0,0.0,ARC,2025-ev-31,7.0,0.06682527464838006,70.83333333333333,0.1111111111111111,0.0,0.0,0.0,1.0,1.0,1.0,1.0,0.8621755253399259,1.0773809523809523,0.8843632305348589,9.78,9.78,10.5
Chris,Fake,RED,Defense,Defensemen,003029,6,2025_game_31,4.833333333333333,1.3333333333333333,1.0,0.3888888888888889,0.0,1.3888888888888888,2.3333333333333335,0.0,0.0,0.0,0.0,0.0,0.0,0.3333333333333333,0.0,0.0,0.0,7.111111111111111,7.666666666666667,0.05555555555555555,0.0,1752877800.0,-0.05555555555555555,ARC,2025-ev-31,7.0,0.06682527464838006,70.83333333333333,0.1111111111111111,0.0,0.0,0.0,1.0,1.0,1.0,1.0,1.5924574209245743,1.0,0.8843632305348589,6.77,6.77,0.0
Arden,Cohen,RED,Defense,SSDM,002017,25,2025_game_31,10.05,1.6666666666666667,1.0,0.05,0.0,2.0,1.6666666666666667,0.0,0.0,0.0,0.0,0.025,0.0,0.825,0.0,0.0,0.0,4.7,2.3333333333333335,0.025,0.0,1752877800.0,-0.025,ARC,2025-ev-31,7.0,0.06682527464838006,70.83333333333333,0.1111111111111111,0.0,0.0,0.0,1.0,1.0,1.0,1.0,1.0,0.9970978441127696,0.9258637048219673,9.25,9.25,7.4
Carter,Rice,RED,Defense,SSDM,003185,4,2025_game_31,0.7142857142857143,1.3333333333333333,2.0,0.0,0.0,1.1428571428571428,1.3333333333333333,0.0,0.0,0.0,0.0,0.0,0.0,0.0,0.0,0.0,0.0,6.714285714285714,6.0,0.0,0.0,1752877800.0,0.0,ARC,2025-ev-31,7.0,0.06682527464838006,70.83333333333333,0.1111111111111111,0.0,0.0,0.0,1.0,1.0,1.0,1.0,1.0,1.0,0.9258637048219673,6.12,6.12,0.0
BJ,Farrare,RED,Defense,SSDM,003059,9,2025_game_31,9.166666666666666,10.333333333333334,-1.0,0.1111111111111111,0.0,1.0,1.3333333333333333,0.0,0.0,0.0,0.0,0.1111111111111111,0.0,0.7777777777777778,1.0,0.0,0.0,2.888888888888889,3.6666666666666665,0.0,0.0,1752877800.0,0.0,ARC,2025-ev-31,7.0,0.06682527464838006,70.83333333333333,0.1111111111111111,0.0,0.0,0.0,1.0,1.0,1.0,1.0,1.0,1.025974025974026,0.9258637048219673,8.77,8.77,4.5
Cole,Kastner,RED,Defense,Defensemen,003105,12,2025_game_31,9.666666666666666,9.666666666666666,11.0,0.0,0.0,0.6666666666666666,0.6666666666666666,0.0,0.0,0.0,0.0,0.0,0.0,1.0,1.0,0.0,0.0,4.0,4.0,0.0,0.0,1752877800.0,0.0,ARC,2025-ev-31,7.0,0.06682527464838006,70.83333333333333,0.1111111111111111,0.0,0.0,0.0,1.0,1.0,1.0,1.0,1.0,0.0,0.8843632305348589,6.83,6.83,0.0
Brian,Tevlin,RED,Defense,SSDM,003024,15,2025_game_31,11.91923076923077,8.433333333333334,17.8,1.3076923076923077,1.0,2.230769230769231,0.6666666666666666,0.0,0.0,0.11538461538461539,0.3333333333333333,0.07692307692307693,0.3333333333333333,0.8846153846153846,0.6666666666666666,0.08333333333333333,0.1111111111111111,11.461538461538462,13.333333333333334,0.10384615384615385,0.0,1752877800.0,-0.10384615384615385,ARC,2025-ev-31,7.0,0.06682527464838006,70.83333333333333,0.1111111111111111,0.0,0.0,0.0,1.0,1.0,1.0,1.0,1.0,0.9303969022265247,0.9258637048219673,10.25,10.25,13.2
Jared,Conners,RED,Defense,SSDM,001813,17,2025_game_31,9.730612244897959,17.0,3.0,0.7142857142857143,0.3333333333333333,2.2653061224489797,2.3333333333333335,0.0,0.0,0.02040816326530612,0.0,0.16326530612244897,0.0,0.6122448979591837,1.0,0.056818181818181816,0.0,6.6020408163265305,7.666666666666667,0.08163265306122448,0.3333333333333333,1752877800.0,0.25170068027210885,ARC,2025-ev-31,7.0,0.06682527464838006,70.83333333333333,0.1111111111111111,0.0,0.0,0.0,1.0,1.0,1.0,1.0,1.0,0.7663066275167785,0.9258637048219673,11.54,11.54,20.8
Jack,Rowlett,CHA,Defense,Defensemen,000365,9,2025_game_33,11.990140845070423,7.0,12.0,0.22535211267605634,0.0,1.4225352112676057,1.3333333333333333,0.0,0.0,0.08450704225352113,0.0,0.056338028169014086,0.0,1.0422535211267605,0.6666666666666666,0.028205128205128206,0.0,6.3718309859154925,8.333333333333334,0.028169014084507043,0.0,1752886800.0,-0.028169014084507043,WAT,2025-ev-33,7.0,0.029966979466277133,57.43333333333334,0.0,0.1111111111111111,0.0,0.0,1.0,1.0,1.0,1.0,1.0,1.1047319785426213,0.8971304832384082,9.71,9.71,10.1
Greg,Langermeier,CHA,Defense,SSDM,003206,5,2025_game_33,4.666666666666667,2.3333333333333335,9.0,0.6666666666666666,0.0,1.1666666666666667,1.0,0.0,0.0,0.0,0.0,0.16666666666666666,0.0,0.3333333333333333,0.3333333333333333,0.0,0.0,6.333333333333333,5.333333333333333,0.0,0.0,1752886800.0,0.0,WAT,2025-ev-33,7.0,0.029966979466277133,57.43333333333334,0.0,0.1111111111111111,0.0,0.0,1.0,1.0,1.0,1.0,1.0,1.0,0.9328033011006587,6.2,6.2,0.0
Mark,Glicini,CHA,Defense,SSDM,000275,9,2025_game_33,4.626190476190477,7.6000000000000005,11.8,0.2857142857142857,1.3333333333333333,1.1428571428571428,1.3333333333333333,0.0,0.0,0.023809523809523808,0.3333333333333333,0.023809523809523808,0.0,0.35714285714285715,0.6666666666666666,0.14285714285714285,0.3333333333333333,5.357142857142857,7.0,0.047619047619047616,0.0,1752886800.0,-0.047619047619047616,WAT,2025-ev-33,7.0,0.029966979466277133,57.43333333333334,0.0,0.1111111111111111,0.0,0.0,1.0,1.0,1.0,1.0,1.0,1.1881124785712458,0.9328033011006587,6.61,6.61,0.0
Levi,Verch,CHA,Defense,SSDM,003171,3,2025_game_33,1.4285714285714286,-0.3333333333333333,1.0,0.2857142857142857,0.3333333333333333,1.7142857142857142,1.6666666666666667,0.0,0.0,0.0,0.0,0.0,0.0,0.14285714285714285,0.0,0.0,0.0,5.571428571428571,4.333333333333333,0.0,0.0,1752886800.0,0.0,WAT,2025-ev-33,7.0,0.029966979466277133,57.43333333333334,0.0,0.1111111111111111,0.0,0.0,1.0,1.0,1.0,1.0,1.0,1.0,0.9328033011006587,5.91,5.91,0.0
Scott,Smith,CHA,Defense,Defensemen,003103,7,2025_game_33,17.0,12.0,25.0,1.5,1.6666666666666667,2.0,2.0,0.0,0.0,0.0,0.0,0.0,0.0,0.75,0.6666666666666666,0.0,0.0,5.0,5.666666666666667,0.375,0.16666666666666666,1752886800.0,-0.20833333333333334,WAT,2025-ev-33,7.0,0.029966979466277133,57.43333333333334,0.0,0.1111111111111111,0.0,0.0,1.0,1.0,1.0,1.0,1.0,1.1470588235294117,0.8971304832384082,12.1,12.1,24.1
Jarrod,Neumann,CHA,Defense,Defensemen,000269,9,2025_game_33,9.554054054054054,-0.3333333333333333,-6.0,0.7162162162162162,0.6666666666666666,1.5945945945945945,1.6666666666666667,0.0,0.0,0.0,0.0,0.04054054054054054,0.0,0.6216216216216216,0.0,0.0,0.0,5.777027027027027,7.333333333333333,0.05292792792792793,0.0,1752886800.0,-0.05292792792792793,WAT,2025-ev-33,7.0,0.029966979466277133,57.43333333333334,0.0,0.1111111111111111,0.0,0.0,1.0,1.0,1.0,1.0,1.0,0.9574493163602076,0.8971304832384082,7.48,7.48,0.0
Ray,Dearth,CHA,Defense,SSDM,003212,12,2025_game_33,10.4,17.0,11.5,0.4,0.3333333333333333,1.4,0.6666666666666666,0.0,0.0,0.0,0.0,0.2,0.3333333333333333,0.4,0.6666666666666666,0.0,0.0,5.4,3.6666666666666665,0.2,0.3333333333333333,1752886800.0,0.1333333333333333,WAT,2025-ev-33,7.0,0.029966979466277133,57.43333333333334,0.0,0.1111111111111111,0.0,0.0,1.0,1.0,1.0,1.0,1.0,0.0,0.9328033011006587,8.14,8.14,0.8
Troy,Reh,CHA,Defense,SSDM,000281,18,2025_game_33,12.0,15.0,-1.0,0.6301369863013698,0.3333333333333333,2.493150684931507,3.6666666666666665,0.0,0.0,0.0,0.0,0.0410958904109589,0.0,0.8082191780821918,1.0,0.0,0.0,7.589041095890411,10.666666666666666,0.11643835616438356,0.3333333333333333,1752886800.0,0.21689497716894976,WAT,2025-ev-33,7.0,0.029966979466277133,57.43333333333334,0.0,0.1111111111111111,0.0,0.0,1.0,1.0,1.0,1.0,1.0,0.7048611111111112,0.9328033011006587,14.07,14.07,35.7
Christian,Scarpello,WAT,Defense,SSDM,001795,3,2025_game_33,4.9393939393939394,2.3333333333333335,-5.0,0.24242424242424243,0.3333333333333333,1.2424242424242424,1.0,0.0,0.0,0.0,0.0,0.09090909090909091,0.0,0.2727272727272727,0.0,0.0,0.0,6.757575757575758,6.0,0.09090909090909091,0.3333333333333333,1752969600.0,0.2424242424242424,CHA,2025-ev-33,7.0,-0.029966979466277133,78.5,0.1111111111111111,0.0,0.0,0.0,1.0,1.0,1.0,1.0,1.0,1.0,1.014556906433839,7.37,7.37,0.0
Jimmy,Freehill,WAT,Defense,Defensemen,003181,7,2025_game_33,6.333333333333333,7.666666666666667,20.0,0.6666666666666666,0.3333333333333333,1.3333333333333333,1.0,0.0,0.0,0.0,0.0,0.0,0.0,0.5,0.6666666666666666,0.0,0.0,7.5,7.0,0.0,0.0,1752969600.0,0.0,CHA,2025-ev-33,7.0,-0.029966979466277133,78.5,0.1111111111111111,0.0,0.0,0.0,1.0,1.0,1.0,1.0,1.0,1.0,1.024355559884732,6.38,6.38,0.0
Dylan,Hess,WAT,Defense,SSDM,003101,6,2025_game_33,5.5,-0.3333333333333333,-1.0,0.2857142857142857,0.3333333333333333,0.8571428571428571,0.0,0.0,0.0,0.0,0.0,0.0,0.0,0.42857142857142855,0.0,0.0,0.0,6.714285714285714,4.333333333333333,0.0,0.0,1752969600.0,0.0,CHA,2025-ev-33,7.0,-0.029966979466277133,78.5,0.1111111111111111,0.0,0.0,0.0,1.0,1.0,1.0,1.0,1.0,1.0,1.014556906433839,5.37,5.37,0.0
Charlie,Hayes,WAT,Defense,SSDM,001733,2,2025_game_33,7.173913043478261,4.333333333333333,2.0,0.4782608695652174,1.3333333333333333,1.6521739130434783,2.3333333333333335,0.0,0.0,0.0,0.0,0.08695652173913043,0.0,0.391304347826087,0.0,0.0,0.0,5.539130434782609,7.0,0.13043478260869565,0.16666666666666666,1723933800.0,0.03623188405797101,CHA,2025-ev-33,7.0,-0.029966979466277133,78.5,0.1111111111111111,0.0,0.0,0.0,1.0,1.0,1.0,1.0,1.0,1.1922077922077923,1.014556906433839,6.95,6.95,0.0
Ben,Wayer,WAT,Defense,SSDM,003179,18,2025_game_33,14.714285714285714,26.333333333333332,20.0,1.7142857142857142,2.0,2.5714285714285716,2.6666666666666665,0.0,0.0,0.0,0.0,0.2857142857142857,0.6666666666666666,0.5714285714285714,1.0,0.0,0.0,7.0,8.666666666666666,0.25,0.4166666666666667,1752969600.0,0.16666666666666669,CHA,2025-ev-33,7.0,-0.029966979466277133,78.5,0.1111111111111111,0.0,0.0,0.0,1.0,1.0,1.0,1.0,1.0,1.0,1.014556906433839,12.72,12.72,27.8
Marcus,Hudgins,WAT,Defense,SSDM,003096,21,2025_game_33,14.076923076923077,12.666666666666666,11.0,0.07692307692307693,0.0,2.1538461538461537,2.3333333333333335,0.0,0.0,0.0,0.0,0.07692307692307693,0.0,1.1538461538461537,1.3333333333333333,0.0,0.0,5.846153846153846,4.333333333333333,0.0,0.0,1752969600.0,0.0,CHA,2025-ev-33,7.0,-0.029966979466277133,78.5,0.1111111111111111,0.0,0.0,0.0,1.0,1.0,1.0,1.0,1.0,0.8096539162112933,1.014556906433839,11.66,11.66,21.5
Jack,DiBenedetto,WAT,Defense,Defensemen,003112,2,2025_game_33,5.5,5.5,11.0,0.0,0.0,2.0,2.0,0.0,0.0,0.0,0.0,0.0,0.0,0.5,0.5,0.0,0.0,4.5,4.5,0.0,0.0,1750536000.0,0.0,CHA,2025-ev-33,7.0,-0.029966979466277133,78.5,0.1111111111111111,0.0,0.0,0.0,1.0,1.0,1.0,1.0,1.0,0.0,1.024355559884732,7.45,7.45,0.0
Ben,Randall,WAT,Defense,Defensemen,001406,19,2025_game_33,15.294117647058824,13.666666666666666,1.0,0.39215686274509803,1.0,2.1176470588235294,2.3333333333333335,0.0,0.0,0.0,0.0,0.0392156862745098,0.0,1.2352941176470589,1.0,0.0,0.0,8.03921568627451,9.333333333333334,0.0784313725490196,0.16666666666666666,1752969600.0,0.08823529411764705,CHA,2025-ev-33,7.0,-0.029966979466277133,78.5,0.1111111111111111,0.0,0.0,0.0,1.0,1.0,1.0,1.0,1.0,0.9538461538461538,1.024355559884732,13.32,13.32,31.3
Brett,Makar,ATL,Defense,Defensemen,003009,19,2025_game_32,11.689655172413794,12.0,33.0,0.41379310344827586,1.0,2.9310344827586206,1.3333333333333333,0.0,0.0,0.0,0.0,0.06896551724137931,0.0,0.7931034482758621,1.0,0.0,0.0,8.551724137931034,8.0,0.06896551724137931,0.0,1752877800.0,-0.06896551724137931,WHP,2025-ev-32,7.0,0.04450272348130668,94.16666666666667,0.0,0.1111111111111111,0.0,0.0,1.0,1.0,1.0,1.0,1.0,1.0303834808259587,1.0470889228403633,17.2,17.2,54.1
Michael,Rexrode,ATL,Defense,Defensemen,001397,12,2025_game_32,12.656862745098039,23.0,56.0,0.13725490196078433,0.3333333333333333,1.6862745098039216,1.3333333333333333,0.0,0.0,0.0,0.0,0.0,0.0,1.0588235294117647,1.3333333333333333,0.0,0.0,5.292156862745098,4.666666666666667,0.058823529411764705,0.3333333333333333,1752877800.0,0.2745098039215686,WHP,2025-ev-32,7.0,0.04450272348130668,94.16666666666667,0.0,0.1111111111111111,0.0,0.0,1.0,1.0,1.0,1.0,1.0,1.0683429660966455,1.0470889228403633,17.42,17.42,55.4
Danny,Logan,ATL,Defense,SSDM,001819,4,2025_game_32,10.4,6.166666666666667,5.5,0.7346938775510204,0.3333333333333333,1.653061224489796,2.3333333333333335,0.0,0.0,0.24489795918367346,0.0,0.1836734693877551,0.0,0.4489795918367347,0.6666666666666666,0.15986394557823128,0.1111111111111111,7.7122448979591836,7.666666666666667,0.22448979591836735,0.0,1752877800.0,-0.22448979591836735,WHP,2025-ev-32,7.0,0.04450272348130668,94.16666666666667,0.0,0.1111111111111111,0.0,0.0,1.0,1.0,1.0,1.0,1.0,1.0777972027972027,0.8617609771978785,8.39,8.39,2.3
Max,Krevsky,ATL,Defense,SSDM,003172,2,2025_game_32,-0.3,-0.8333333333333334,-1.0,1.0,1.3333333333333333,0.8,1.3333333333333333,0.0,0.0,0.0,0.0,0.0,0.0,0.2,0.0,0.0,0.0,7.4,7.333333333333333,0.0,0.0,1752877800.0,0.0,WHP,2025-ev-32,7.0,0.04450272348130668,94.16666666666667,0.0,0.1111111111111111,0.0,0.0,1.0,1.0,1.0,1.0,1.0,1.0,0.8617609771978785,6.05,6.05,0.0
Michael,Grace,ATL,Defense,SSDM,003178,20,2025_game_32,17.2,24.666666666666668,22.0,0.6,0.3333333333333333,1.8,1.3333333333333333,0.0,0.0,0.0,0.0,0.6,1.0,0.4,0.6666666666666666,0.0,0.0,6.0,4.666666666666667,0.4,0.3333333333333333,1752877800.0,-0.06666666666666671,WHP,2025-ev-32,7.0,0.04450272348130668,94.16666666666667,0.0,0.1111111111111111,0.0,0.0,1.0,1.0,1.0,1.0,1.0,0.8527131782945737,0.8617609771978785,12.29,12.29,25.2
Gavin,Adler,ATL,Defense,Defensemen,003008,23,2025_game_32,18.807692307692307,27.0,10.0,0.038461538461538464,0.0,1.3461538461538463,0.3333333333333333,0.0,0.0,0.0,0.0,0.038461538461538464,0.0,1.6153846153846154,2.3333333333333335,0.0,0.0,6.384615384615385,4.666666666666667,0.038461538461538464,0.0,1752877800.0,-0.038461538461538464,WHP,2025-ev-32,7.0,0.04450272348130668,94.16666666666667,0.0,0.1111111111111111,0.0,0.0,1.0,1.0,1.0,1.0,1.0,1.0795501022494887,1.0470889228403633,11.48,11.48,20.5
Chet,Comizio,ATL,Defense,SSDM,003039,2,2025_game_32,6.3,3.6666666666666665,2.0,0.56,0.3333333333333333,1.44,1.3333333333333333,0.0,0.0,0.0,0.0,0.08,0.0,0.36,0.3333333333333333,0.0,0.0,7.8,7.666666666666667,0.16,0.0,1752877800.0,-0.16,WHP,2025-ev-32,7.0,0.04450272348130668,94.16666666666667,0.0,0.1111111111111111,0.0,0.0,1.0,1.0,1.0,1.0,1.0,0.855379188712522,0.8617609771978785,6.64,6.64,0.0
Tyler,Carpenter,ATL,Defense,SSDM,003099,11,2025_game_32,12.277777777777779,8.666666666666666,12.0,0.7222222222222222,0.3333333333333333,3.2777777777777777,2.0,0.0,0.0,0.0,0.0,0.05555555555555555,0.0,0.5555555555555556,0.6666666666666666,0.0,0.0,8.222222222222221,8.0,0.19444444444444445,0.0,1752877800.0,-0.19444444444444445,WHP,2025-ev-32,7.0,0.04450272348130668,94.16666666666667,0.0,0.1111111111111111,0.0,0.0,1.0,1.0,1.0,1.0,1.0,1.2976370035193563,0.8617609771978785,12.49,12.49,26.4
Tim,Muller,WHP,Defense,Defensemen,000359,6,2025_game_32,9.63888888888889,8.666666666666666,0.0,0.06944444444444445,0.3333333333333333,1.6666666666666667,2.0,0.0,0.0,0.0,0.0,0.05555555555555555,0.0,0.7361111111111112,0.6666666666666666,0.0,0.0,6.4944444444444445,8.333333333333334,0.027777777777777776,0.0,1752969600.0,-0.027777777777777776,ATL,2025-ev-32,7.0,-0.04450272348130668,118.16666666666667,0.1111111111111111,0.0,0.0,0.0,1.0,1.0,1.0,1.0,1.0,1.1878602305475505,1.0244764129671116,9.24,9.24,7.3
Ajax,Zappitello,WHP,Defense,Defensemen,003077,27,2025_game_32,18.55,19.333333333333332,36.0,0.4,0.0,2.25,2.0,0.0,0.0,0.0,0.0,0.1,0.3333333333333333,1.45,1.3333333333333333,0.0,0.0,8.85,9.0,0.075,0.0,1752969600.0,-0.075,ATL,2025-ev-32,7.0,-0.04450272348130668,118.16666666666667,0.1111111111111111,0.0,0.0,0.0,1.0,1.0,1.0,1.0,0.9491435634822531,0.9808325846061694,1.0244764129671116,13.66,13.66,33.3
Alex,Mazzone,WHP,Defense,SSDM,003028,3,2025_game_32,4.684210526315789,4.666666666666667,2.0,0.21052631578947367,0.0,1.7894736842105263,1.3333333333333333,0.0,0.0,0.0,0.0,0.0,0.0,0.3684210526315789,0.3333333333333333,0.0,0.0,4.052631578947368,2.0,0.0,0.0,1752370200.0,0.0,ATL,2025-ev-32,7.0,-0.04450272348130668,118.16666666666667,0.1111111111111111,0.0,0.0,0.0,1.0,1.0,1.0,1.0,1.0,1.0,1.227527517619987,7.55,7.55,0.0
Christian,Mazur,WHP,Defense,SSDM,003180,7,2025_game_32,5.571428571428571,1.6666666666666667,1.0,0.5714285714285714,0.3333333333333333,1.2857142857142858,1.6666666666666667,0.0,0.0,0.0,0.0,0.0,0.0,0.42857142857142855,0.0,0.0,0.0,6.428571428571429,8.333333333333334,0.0,0.0,1752969600.0,0.0,ATL,2025-ev-32,7.0,-0.04450272348130668,118.16666666666667,0.1111111111111111,0.0,0.0,0.0,1.0,1.0,1.0,1.0,1.0,1.4316239316239316,1.227527517619987,7.85,7.85,0.0
Kyle,Aldridge,WHP,Defense,SSDM,003193,2,2025_game_32,0.0,0.0,0.0,0.0,0.0,0.0,0.0,0.0,0.0,0.0,0.0,0.0,0.0,0.0,0.0,0.0,0.0,0.0,0.0,0.0,0.0,1752969600.0,0.0,ATL,2025-ev-32,7.0,-0.04450272348130668,118.16666666666667,0.1111111111111111,0.0,0.0,0.0,1.0,1.0,1.0,1.0,1.0,1.0,1.227527517619987,7.34,7.34,0.0
Colin,Squires,WHP,Defense,SSDM,001831,8,2025_game_32,8.127777777777778,8.666666666666666,13.0,0.2222222222222222,0.0,2.611111111111111,6.0,0.0,0.0,0.14814814814814814,0.0,0.05555555555555555,0.3333333333333333,0.5370370370370371,0.3333333333333333,0.09433962264150944,0.0,4.762962962962963,9.0,0.027777777777777776,0.0,1752969600.0,-0.027777777777777776,ATL,2025-ev-32,7.0,-0.04450272348130668,118.16666666666667,0.1111111111111111,0.0,0.0,0.0,1.0,1.0,1.0,1.0,1.0,0.4991324465008676,1.227527517619987,10.48,10.48,14.6
Jake,Bernhardt,WHP,Defense,SSDM,000345,4,2025_game_32,4.979591836734694,0.6666666666666666,-0.5,0.5714285714285714,0.3333333333333333,0.6530612244897959,1.0,0.0,0.0,0.10204081632653061,0.0,0.04081632653061224,0.0,0.30612244897959184,0.0,0.08843537414965985,0.0,5.66938775510204,8.0,0.10714285714285714,0.0,1752969600.0,-0.10714285714285714,ATL,2025-ev-32,7.0,-0.04450272348130668,118.16666666666667,0.1111111111111111,0.0,0.0,0.0,1.0,1.0,1.0,1.0,1.0,0.9131034482758622,1.227527517619987,6.71,6.71,0.0
Matthew,Dunn,WHP,Defense,Defensemen,000355,3,2025_game_32,8.32857142857143,6.0,-3.0,0.2571428571428571,0.6666666666666666,1.3714285714285714,0.3333333333333333,0.0,0.0,0.0,0.0,0.07142857142857142,0.0,0.6428571428571429,0.3333333333333333,0.0,0.0,6.685714285714286,7.0,0.02857142857142857,0.3333333333333333,1752969600.0,0.30476190476190473,ATL,2025-ev-32,7.0,-0.04450272348130668,118.16666666666667,0.1111111111111111,0.0,0.0,0.0,1.0,1.0,1.0,1.0,1.1480709071949948,0.6576972555746141,1.0244764129671116,7.52,7.52,0.0
Graeme,Hossack,ARC,Defense,Defensemen,000922,24,2025_game_31,16.796000000000003,6.666666666666667,-2.0,0.42,0.6666666666666666,3.16,2.0,0.0,0.0,0.32,0.0,0.02,0.0,1.3,0.6666666666666666,0.4733333333333333,1.0,7.704,9.0,0.03,0.0,1752886800.0,-0.03,OUT,2025-ev-34,7.0,-0.02272214360246072,66.93333333333334,0.0,0.2222222222222222,0.0,0.0,1.0,1.0,1.0,1.0,1.0,1.1565678903140204,0.8375670700746181,15.67,15.67,45.1
Graeme,Hossack,ARC,Defense,Defensemen,000922,23,2025_game_34,16.796000000000003,6.666666666666667,-2.0,0.42,0.6666666666666666,3.16,2.0,0.0,0.0,0.32,0.0,0.02,0.0,1.3,0.6666666666666666,0.4733333333333333,1.0,7.704,9.0,0.03,0.0,1752886800.0,-0.03,OUT,2025-ev-34,7.0,-0.02272214360246072,66.93333333333334,0.0,0.2222222222222222,0.0,0.0,1.0,1.0,1.0,1.0,1.0,1.1565678903140204,0.8375670700746181,15.67,15.67,45.1
Beau,Pederson,ARC,Defense,SSDM,003087,13,2025_game_31,7.4263157894736835,15.666666666666666,8.5,0.42105263157894735,1.0,1.1578947368421053,1.3333333333333333,0.0,0.0,0.10526315789473684,0.0,0.05263157894736842,0.0,0.47368421052631576,1.0,0.07017543859649122,0.16666666666666666,7.105263157894737,6.333333333333333,0.21052631578947367,0.6666666666666666,1752886800.0,0.45614035087719296,OUT,2025-ev-34,7.0,-0.02272214360246072,66.93333333333334,0.0,0.2222222222222222,0.0,0.0,1.0,1.0,1.0,1.0,1.0,1.0306520198440823,0.8809158951031459,8.19,8.19,1.1
Beau,Pederson,ARC,Defense,SSDM,003087,12,2025_game_34,7.4263157894736835,15.666666666666666,8.5,0.42105263157894735,1.0,1.1578947368421053,1.3333333333333333,0.0,0.0,0.10526315789473684,0.0,0.05263157894736842,0.0,0.47368421052631576,1.0,0.07017543859649122,0.16666666666666666,7.105263157894737,6.333333333333333,0.21052631578947367,0.6666666666666666,1752886800.0,0.45614035087719296,OUT,2025-ev-34,7.0,-0.02272214360246072,66.93333333333334,0.0,0.2222222222222222,0.0,0.0,1.0,1.0,1.0,1.0,1.0,1.0306520198440823,0.8809158951031459,8.19,8.19,1.1
Mason,Woodward,ARC,Defense,SSDM,003082,19,2025_game_31,17.05263157894737,25.0,45.0,1.0526315789473684,1.6666666666666667,2.263157894736842,2.6666666666666665,0.0,0.0,0.0,0.0,0.0,0.0,0.8947368421052632,1.0,0.0,0.0,8.578947368421053,6.666666666666667,0.23684210526315788,0.16666666666666666,1752886800.0,-0.07017543859649122,OUT,2025-ev-34,7.0,-0.02272214360246072,66.93333333333334,0.0,0.2222222222222222,0.0,0.0,1.0,1.0,1.0,1.0,1.0,0.8375771604938271,0.8809158951031459,14.2,14.2,36.5
Mason,Woodward,ARC,Defense,SSDM,003082,18,2025_game_34,17.05263157894737,25.0,45.0,1.0526315789473684,1.6666666666666667,2.263157894736842,2.6666666666666665,0.0,0.0,0.0,0.0,0.0,0.0,0.8947368421052632,1.0,0.0,0.0,8.578947368421053,6.666666666666667,0.23684210526315788,0.16666666666666666,1752886800.0,-0.07017543859649122,OUT,2025-ev-34,7.0,-0.02272214360246072,66.93333333333334,0.0,0.2222222222222222,0.0,0.0,1.0,1.0,1.0,1.0,1.0,0.8375771604938271,0.8809158951031459,14.2,14.2,36.5
Warren,Jeffrey,ARC,Defense,Defensemen,001661,13,2025_game_31,8.1,20.333333333333332,10.0,0.0,0.0,1.3,0.6666666666666666,0.0,0.0,0.0,0.0,0.05,0.0,0.7,2.0,0.0,0.0,4.709999999999999,3.3333333333333335,0.0,0.0,1752886800.0,0.0,OUT,2025-ev-34,7.0,-0.02272214360246072,66.93333333333334,0.0,0.2222222222222222,0.0,0.0,1.0,1.0,1.0,1.0,1.0,0.9645061728395061,0.8375670700746181,9.86,9.86,10.9
Warren,Jeffrey,ARC,Defense,Defensemen,001661,12,2025_game_34,8.1,20.333333333333332,10.0,0.0,0.0,1.3,0.6666666666666666,0.0,0.0,0.0,0.0,0.05,0.0,0.7,2.0,0.0,0.0,4.709999999999999,3.3333333333333335,0.0,0.0,1752886800.0,0.0,OUT,2025-ev-34,7.0,-0.02272214360246072,66.93333333333334,0.0,0.2222222222222222,0.0,0.0,1.0,1.0,1.0,1.0,1.0,0.9645061728395061,0.8375670700746181,9.86,9.86,10.9
Brendan,Lavelle,ARC,Defense,Defensemen,003163,7,2025_game_31,4.857142857142857,1.0,-1.0,0.0,0.0,3.2857142857142856,3.0,0.0,0.0,0.0,0.0,0.0,0.0,0.2857142857142857,0.0,0.0,0.0,8.0,8.0,0.0,0.0,1752886800.0,0.0,OUT,2025-ev-34,7.0,-0.02272214360246072,66.93333333333334,0.0,0.2222222222222222,0.0,0.0,1.0,1.0,1.0,1.0,1.0,1.0,0.8375670700746181,10.17,10.17,12.8
Brendan,Lavelle,ARC,Defense,Defensemen,003163,6,2025_game_34,4.857142857142857,1.0,-1.0,0.0,0.0,3.2857142857142856,3.0,0.0,0.0,0.0,0.0,0.0,0.0,0.2857142857142857,0.0,0.0,0.0,8.0,8.0,0.0,0.0,1752886800.0,0.0,OUT,2025-ev-34,7.0,-0.02272214360246072,66.93333333333334,0.0,0.2222222222222222,0.0,0.0,1.0,1.0,1.0,1.0,1.0,1.0,0.8375670700746181,10.17,10.17,12.8
Cam,Wyers,ARC,Defense,Defensemen,003007,9,2025_game_31,7.978260869565218,8.666666666666666,11.0,0.4782608695652174,0.6666666666666666,1.391304347826087,0.6666666666666666,0.0,0.0,0.0,0.0,0.043478260869565216,0.0,0.5652173913043478,0.6666666666666666,0.0,0.0,3.217391304347826,3.0,0.10869565217391304,0.3333333333333333,1752886800.0,0.2246376811594203,OUT,2025-ev-34,7.0,-0.02272214360246072,66.93333333333334,0.0,0.2222222222222222,0.0,0.0,1.0,1.0,1.0,1.0,1.0,0.6720027247956403,0.8375670700746181,7.62,7.62,0.0
Cam,Wyers,ARC,Defense,Defensemen,003007,8,2025_game_34,7.978260869565218,8.666666666666666,11.0,0.4782608695652174,0.6666666666666666,1.391304347826087,0.6666666666666666,0.0,0.0,0.0,0.0,0.043478260869565216,0.0,0.5652173913043478,0.6666666666666666,0.0,0.0,3.217391304347826,3.0,0.10869565217391304,0.3333333333333333,1752886800.0,0.2246376811594203,OUT,2025-ev-34,7.0,-0.02272214360246072,66.93333333333334,0.0,0.2222222222222222,0.0,0.0,1.0,1.0,1.0,1.0,1.0,0.6720027247956403,0.8375670700746181,7.62,7.62,0.0
Jon,Robbins,ARC,Defense,SSDM,002042,2,2025_game_34,9.678571428571429,6.666666666666667,8.0,0.25,0.0,1.2857142857142858,1.0,0.0,0.0,0.0,0.0,0.03571428571428571,0.3333333333333333,0.7857142857142857,0.3333333333333333,0.0,0.0,3.0357142857142856,2.3333333333333335,0.07142857142857142,0.0,1726426800.0,-0.07142857142857142,OUT,2025-ev-34,7.0,-0.02272214360246072,66.93333333333334,0.0,0.2222222222222222,0.0,0.0,1.0,1.0,1.0,1.0,1.0,1.0227552275522755,0.8809158951031459,8.98,8.98,5.8
Connor,Maher,ARC,Defense,SSDM,003005,4,2025_game_31,5.929032258064517,6.833333333333333,8.5,0.45161290322580644,0.0,1.2258064516129032,1.3333333333333333,0.0,0.0,0.03225806451612903,0.0,0.06451612903225806,0.3333333333333333,0.3225806451612903,0.3333333333333333,0.125,0.0,6.096774193548387,4.666666666666667,0.11290322580645161,0.0,1752886800.0,-0.11290322580645161,OUT,2025-ev-34,7.0,-0.02272214360246072,66.93333333333334,0.0,0.2222222222222222,0.0,0.0,1.0,1.0,1.0,1.0,1.0,0.8674510337323178,0.8809158951031459,7.66,7.66,0.0
Connor,Maher,ARC,Defense,SSDM,003005,4,2025_game_34,5.929032258064517,6.833333333333333,8.5,0.45161290322580644,0.0,1.2258064516129032,1.3333333333333333,0.0,0.0,0.03225806451612903,0.0,0.06451612903225806,0.3333333333333333,0.3225806451612903,0.3333333333333333,0.125,0.0,6.096774193548387,4.666666666666667,0.11290322580645161,0.0,1752886800.0,-0.11290322580645161,OUT,2025-ev-34,7.0,-0.02272214360246072,66.93333333333334,0.0,0.2222222222222222,0.0,0.0,1.0,1.0,1.0,1.0,1.0,0.8674510337323178,0.8809158951031459,7.66,7.66,0.0
Piper,Bond,ARC,Defense,SSDM,003006,8,2025_game_31,5.961290322580646,8.166666666666666,12.0,0.6451612903225806,1.0,1.7096774193548387,1.6666666666666667,0.0,0.0,0.03225806451612903,0.0,0.12903225806451613,0.0,0.41935483870967744,0.3333333333333333,0.0625,0.0,11.096774193548388,8.666666666666666,0.059139784946236555,0.16666666666666666,1752886800.0,0.1075268817204301,OUT,2025-ev-34,7.0,-0.02272214360246072,66.93333333333334,0.0,0.2222222222222222,0.0,0.0,1.0,1.0,1.0,1.0,1.0,1.7153679653679652,0.8809158951031459,7.91,7.91,0.0
Piper,Bond,ARC,Defense,SSDM,003006,8,2025_game_34,5.961290322580646,8.166666666666666,12.0,0.6451612903225806,1.0,1.7096774193548387,1.6666666666666667,0.0,0.0,0.03225806451612903,0.0,0.12903225806451613,0.0,0.41935483870967744,0.3333333333333333,0.0625,0.0,11.096774193548388,8.666666666666666,0.059139784946236555,0.16666666666666666,1752886800.0,0.1075268817204301,OUT,2025-ev-34,7.0,-0.02272214360246072,66.93333333333334,0.0,0.2222222222222222,0.0,0.0,1.0,1.0,1.0,1.0,1.0,1.7153679653679652,0.8809158951031459,7.91,7.91,0.0
Michael,Manley,OUT,Defense,Defensemen,000302,15,2025_game_34,12.819672131147541,2.0,-1.0,0.7213114754098361,0.0,2.0327868852459017,1.6666666666666667,0.0,0.0,0.0,0.0,0.08196721311475409,0.0,0.9344262295081968,0.3333333333333333,0.0,0.0,7.636065573770492,5.333333333333333,0.12295081967213115,0.0,1752951600.0,-0.12295081967213115,ARC,2025-ev-34,7.0,0.02272214360246072,70.83333333333333,0.16666666666666666,0.0,0.0,0.0,1.0,1.0,1.0,1.0,1.5924574209245743,1.1495001162520344,0.8843632305348589,9.61,9.61,9.5
Greg,Weyl,OUT,Defense,Defensemen,001415,2,2025_game_34,18.384615384615383,24.0,37.0,0.46153846153846156,1.0,1.6923076923076923,2.3333333333333335,0.0,0.0,0.0,0.0,0.0,0.0,1.3846153846153846,1.6666666666666667,0.0,0.0,6.423076923076923,7.333333333333333,0.19230769230769232,0.16666666666666666,1723330800.0,-0.02564102564102566,ARC,2025-ev-34,7.0,0.02272214360246072,70.83333333333333,0.16666666666666666,0.0,0.0,0.0,1.0,1.0,1.0,1.0,1.0,0.8333333333333334,0.8843632305348589,9.51,9.51,8.9
Ryan,Terefenko,OUT,Defense,SSDM,001820,8,2025_game_34,8.979166666666666,8.333333333333334,0.5,1.0416666666666667,2.3333333333333335,1.9583333333333333,2.6666666666666665,0.0,0.0,0.0,0.0,0.2708333333333333,0.0,0.3541666666666667,0.3333333333333333,0.0,0.0,11.310416666666667,15.333333333333334,0.21527777777777776,0.16666666666666666,1752951600.0,-0.048611111111111105,ARC,2025-ev-34,7.0,0.02272214360246072,70.83333333333333,0.16666666666666666,0.0,0.0,0.0,1.0,1.0,1.0,1.0,1.0,0.7535447280226863,0.9258637048219673,8.22,8.22,1.3
Jesse,Bernhardt,OUT,Defense,Defensemen,000405,28,2025_game_34,12.487804878048781,7.333333333333333,11.0,0.2682926829268293,0.0,1.7560975609756098,1.6666666666666667,0.0,0.0,0.0,0.0,0.14634146341463414,0.0,0.926829268292683,0.6666666666666666,0.0,0.0,8.073170731707316,8.333333333333334,0.008130081300813007,0.0,1752951600.0,-0.008130081300813007,ARC,2025-ev-34,7.0,0.02272214360246072,70.83333333333333,0.16666666666666666,0.0,0.0,0.0,1.0,1.0,1.0,1.0,0.8621755253399259,0.655029296875,0.8843632305348589,9.04,9.04,6.1
Zach,Geddes,OUT,Defense,SSDM,002022,23,2025_game_34,10.98611111111111,18.333333333333332,20.0,1.0555555555555556,1.0,1.5555555555555556,1.6666666666666667,0.0,0.0,0.0,0.0,0.1388888888888889,0.0,0.5277777777777778,1.3333333333333333,0.0,0.0,7.583333333333333,8.0,0.17685185185185184,0.3333333333333333,1752951600.0,0.15648148148148147,ARC,2025-ev-34,7.0,0.02272214360246072,70.83333333333333,0.16666666666666666,0.0,0.0,0.0,1.0,1.0,1.0,1.0,1.0,0.7524422480174693,0.9258637048219673,9.77,9.77,10.4
Jack,Gray,OUT,Defense,SSDM,003183,6,2025_game_34,21.0,21.0,21.0,1.0,1.0,1.0,1.0,0.0,0.0,0.0,0.0,1.0,1.0,0.0,0.0,0.0,0.0,4.0,4.0,1.0,1.0,1752951600.0,0.0,ARC,2025-ev-34,7.0,0.02272214360246072,70.83333333333333,0.16666666666666666,0.0,0.0,0.0,1.0,1.0,1.0,1.0,1.0,0.0,0.9258637048219673,11.04,11.04,17.9
Jake,Piseno,OUT,Defense,SSDM,003083,28,2025_game_34,14.944444444444445,21.666666666666668,22.0,1.2222222222222223,1.0,3.0,3.0,0.0,0.0,0.0,0.0,0.2222222222222222,0.0,0.8333333333333334,1.3333333333333333,0.0,0.0,8.277777777777779,6.666666666666667,0.10185185185185185,0.16666666666666666,1752951600.0,0.06481481481481481,ARC,2025-ev-34,7.0,0.02272214360246072,70.83333333333333,0.16666666666666666,0.0,0.0,0.0,1.0,1.0,1.0,1.0,1.0,0.8508364312267658,0.9258637048219673,13.64,13.64,33.2
JT,Giles-Harris,OUT,Defense,Defensemen,001811,9,2025_game_34,9.368421052631579,15.333333333333334,8.0,0.05263157894736842,0.3333333333333333,1.5789473684210527,1.6666666666666667,0.0,0.0,0.0,0.0,0.02631578947368421,0.3333333333333333,0.8157894736842105,1.3333333333333333,0.0,0.0,7.921052631578948,8.666666666666666,0.0,0.0,1752951600.0,0.0,ARC,2025-ev-34,7.0,0.02272214360246072,70.83333333333333,0.16666666666666666,0.0,0.0,0.0,1.0,1.0,1.0,1.0,1.0,0.7984550561797753,0.8843632305348589,9.25,9.25,7.4
Jake,Naso,ARC,Faceoff,Faceoff,003136,8,2025_game_31,-0.5,-0.5,5.2,1.0,1.0,4.0,4.0,0.0,0.0,7.5,7.5,0.0,0.0,0.0,0.0,0.3027950310559006,0.3027950310559006,4.0,4.0,0.0,0.0,1752886800.0,0.0,RED,2025-ev-31,7.0,-0.06682527464838006,18.566666666666666,0.0,0.0,0.0,0.0,1.0,1.0,1.0,1.0,1.0,1.0,0.9181830123856123,12.37,12.37,25.7
Jake,Naso,ARC,Faceoff,Faceoff,003136,7,2025_game_34,-0.5,-0.5,5.2,1.0,1.0,4.0,4.0,0.0,0.0,7.5,7.5,0.0,0.0,0.0,0.0,0.3027950310559006,0.3027950310559006,4.0,4.0,0.0,0.0,1752886800.0,0.0,RED,2025-ev-31,7.0,-0.06682527464838006,18.566666666666666,0.0,0.0,0.0,0.0,1.0,1.0,1.0,1.0,1.0,1.0,0.9181830123856123,12.37,12.37,25.7
TD,Ierlan,RED,Faceoff,Faceoff,001812,29,2025_game_31,20.76875,10.933333333333332,13.3,1.0208333333333333,0.6666666666666666,8.833333333333334,5.333333333333333,0.0,0.0,14.645833333333334,12.0,0.08333333333333333,0.0,0.3541666666666667,0.3333333333333333,0.6040051830917348,0.576984126984127,8.971166666666667,5.666666666666667,0.12499999999999999,0.0,1752877800.0,-0.12499999999999999,ARC,2025-ev-31,7.0,0.06682527464838006,32.50000000000001,0.1111111111111111,0.0,0.0,0.0,1.0,1.0,1.0,1.0,1.0,0.8687006643672308,1.0145072123260799,33.37,33.37,100.0
Justin,Inacio,CHA,Faceoff,Faceoff,002032,23,2025_game_33,10.15,20.5,12.7,0.9285714285714286,1.3333333333333333,5.785714285714286,9.0,0.0,0.0,10.5,13.333333333333334,0.07142857142857142,0.3333333333333333,0.0,0.0,0.44650541121610093,0.5775017253278123,5.0,6.666666666666667,0.14285714285714285,0.3333333333333333,1752886800.0,0.19047619047619047,WAT,2025-ev-33,7.0,0.029966979466277133,6.099999999999999,0.0,0.1111111111111111,0.0,0.0,1.0,1.0,1.0,1.0,1.0,1.2520525451559934,1.310185150422467,8.94,8.94,5.5
Alec,Stathakis,WAT,Faceoff,Faceoff,003119,19,2025_game_33,9.307142857142859,21.166666666666668,4.4,0.9285714285714286,1.3333333333333333,5.142857142857143,7.0,0.0,0.0,11.857142857142858,15.0,0.0,0.0,0.07142857142857142,0.3333333333333333,0.5036430535490686,0.6578483245149912,5.785714285714286,9.0,0.05952380952380952,0.1111111111111111,1752969600.0,0.051587301587301584,CHA,2025-ev-33,7.0,-0.029966979466277133,11.066666666666665,0.1111111111111111,0.0,0.0,0.0,1.0,1.0,1.0,1.0,1.0,0.9121258633921719,0.9987827062278847,7.1,7.1,0.0
Trevor,Baptiste,ATL,Faceoff,Faceoff,000254,28,2025_game_32,25.748484848484846,23.200000000000003,11.3,1.621212121212121,2.6666666666666665,10.196969696969697,7.666666666666667,0.0,0.0,17.015151515151516,15.666666666666666,0.19696969696969696,0.0,0.22727272727272727,0.3333333333333333,0.659648929950676,0.6287077120410454,11.692696969696971,9.333333333333334,0.19621212121212123,0.4444444444444444,1752877800.0,0.2482323232323232,WHP,2025-ev-32,7.0,0.04450272348130668,2.866666666666666,0.0,0.1111111111111111,0.0,0.0,1.0,1.0,1.0,1.0,1.0,0.906952453807226,0.7083521682027962,17.6,17.6,56.5
Joseph,Nardella,WHP,Faceoff,Faceoff,000350,22,2025_game_32,21.386666666666663,16.633333333333333,6.1,1.0333333333333334,0.0,8.066666666666666,5.0,0.0,0.0,14.9,14.333333333333334,0.31666666666666665,0.0,0.21666666666666667,0.6666666666666666,0.6113996881013729,0.6253643513171644,9.769066666666667,7.333333333333333,0.16944444444444443,0.0,1752969600.0,-0.16944444444444443,ATL,2025-ev-32,7.0,-0.04450272348130668,1.0000000000000002,0.1111111111111111,0.0,0.0,0.0,1.0,1.0,1.0,1.0,0.9052,0.702818845742786,0.591477601042325,14.97,14.97,41.0
Jake,Naso,ARC,Faceoff,Faceoff,003136,8,2025_game_31,-0.5,-0.5,5.2,1.0,1.0,4.0,4.0,0.0,0.0,7.5,7.5,0.0,0.0,0.0,0.0,0.3027950310559006,0.3027950310559006,4.0,4.0,0.0,0.0,1752886800.0,0.0,OUT,2025-ev-34,7.0,-0.02272214360246072,13.666666666666666,0.0,0.2222222222222222,0.0,0.0,1.0,1.0,1.0,1.0,1.0,1.0,0.957861195954897,11.98,11.98,23.4
Jake,Naso,ARC,Faceoff,Faceoff,003136,7,2025_game_34,-0.5,-0.5,5.2,1.0,1.0,4.0,4.0,0.0,0.0,7.5,7.5,0.0,0.0,0.0,0.0,0.3027950310559006,0.3027950310559006,4.0,4.0,0.0,0.0,1752886800.0,0.0,OUT,2025-ev-34,7.0,-0.02272214360246072,13.666666666666666,0.0,0.2222222222222222,0.0,0.0,1.0,1.0,1.0,1.0,1.0,1.0,0.957861195954897,11.98,11.98,23.4
Luke,Wierman,OUT,Faceoff,Faceoff,003098,19,2025_game_34,14.938888888888888,16.03333333333333,31.9,1.5555555555555556,2.0,6.833333333333333,9.333333333333334,0.0,0.0,12.666666666666666,15.666666666666666,0.05555555555555555,0.0,0.2222222222222222,0.0,0.49474950151204233,0.5142766784133008,7.944444444444445,9.333333333333334,0.23148148148148145,0.2222222222222222,1752951600.0,-0.009259259259259245,ARC,2025-ev-34,7.0,0.02272214360246072,32.50000000000001,0.16666666666666666,0.0,0.0,0.0,1.0,1.0,1.0,1.0,1.0,1.0994328746746003,1.0145072123260799,12.59,12.59,27.0
Brett,Dobson,ARC,Goalie,Goalie,002026,40,2025_game_31,38.4375,37.0,45.0,0.0625,0.0,2.28125,1.3333333333333333,14.3125,14.333333333333334,0.0,0.0,0.03125,0.0,0.25,0.3333333333333333,0.0,0.0,14.9375,16.333333333333332,0.0,0.0,1752886800.0,0.0,RED,2025-ev-31,7.0,-0.06682527464838006,39.0,0.0,0.0,0.0,0.0,1.0,1.0,1.0,1.0,1.0,0.9266666666666666,1.1297290958422759,33.74,33.74,100.0
Brett,Dobson,ARC,Goalie,Goalie,002026,39,2025_game_34,38.4375,37.0,45.0,0.0625,0.0,2.28125,1.3333333333333333,14.3125,14.333333333333334,0.0,0.0,0.03125,0.0,0.25,0.3333333333333333,0.0,0.0,14.9375,16.333333333333332,0.0,0.0,1752886800.0,0.0,RED,2025-ev-31,7.0,-0.06682527464838006,39.0,0.0,0.0,0.0,0.0,1.0,1.0,1.0,1.0,1.0,0.9266666666666666,1.1297290958422759,33.74,33.74,100.0
Nick,Washuta,ARC,Goalie,Goalie,001773,2,2025_game_34,9.0,12.333333333333334,37.0,0.0,0.0,0.25,0.3333333333333333,3.5,4.666666666666667,0.0,0.0,0.0,0.0,0.25,0.3333333333333333,0.0,0.0,2.5,3.3333333333333335,0.0,0.0,1693008000.0,0.0,RED,2025-ev-31,7.0,-0.06682527464838006,39.0,0.0,0.0,0.0,0.0,1.0,1.0,1.0,1.0,1.0,0.0,1.1297290958422759,27.47,27.47,100.0
Chayse,Ierlan,RED,Goalie,Goalie,003102,29,2025_game_31,18.77777777777778,28.666666666666668,32.0,0.2222222222222222,0.3333333333333333,1.0,1.3333333333333333,9.666666666666666,12.666666666666666,0.0,0.0,0.0,0.0,0.1111111111111111,0.3333333333333333,0.0,0.0,11.222222222222221,14.333333333333334,0.0,0.0,1752877800.0,0.0,ARC,2025-ev-31,7.0,0.06682527464838006,31.0,0.1111111111111111,0.0,0.0,0.0,1.0,1.0,1.0,1.0,1.0,0.9273034657650042,0.823233168618063,25.43,25.43,100.0
Blaze,Riorden,CHA,Goalie,Goalie,000258,44,2025_game_33,42.225352112676056,47.666666666666664,38.0,0.18309859154929578,0.3333333333333333,2.140845070422535,1.6666666666666667,14.929577464788732,18.0,0.0,0.0,0.16901408450704225,0.0,0.39436619718309857,0.0,0.0,0.0,14.893633802816899,17.0,0.014084507042253521,0.0,1752886800.0,-0.014084507042253521,WAT,2025-ev-33,7.0,0.029966979466277133,42.0,0.0,0.1111111111111111,0.0,0.0,1.0,1.0,1.0,1.0,1.0,0.9988603513453413,1.1021779255394075,34.69,34.69,100.0
Matt,DeLuca,WAT,Goalie,Goalie,000408,35,2025_game_33,19.75,27.0,43.0,0.03571428571428571,0.0,0.9642857142857143,1.3333333333333333,8.392857142857142,12.333333333333334,0.0,0.0,0.0,0.0,0.17857142857142858,0.0,0.0,0.0,9.39557142857143,12.0,0.0,0.0,1752969600.0,0.0,CHA,2025-ev-33,7.0,-0.029966979466277133,37.666666666666664,0.1111111111111111,0.0,0.0,0.0,1.0,1.0,1.0,1.0,1.0,1.1816355234076754,1.033718890440227,27.61,27.61,100.0
Dillon,Ward,WAT,Goalie,Goalie,000418,24,2025_game_33,29.743589743589745,21.0,23.0,0.05128205128205128,0.0,1.8205128205128205,1.0,11.512820512820513,8.333333333333334,0.0,0.0,0.05128205128205128,0.0,0.38461538461538464,0.6666666666666666,0.0,0.0,12.035333333333332,13.333333333333334,0.0,0.0,1752283800.0,0.0,CHA,2025-ev-33,7.0,-0.029966979466277133,37.666666666666664,0.1111111111111111,0.0,0.0,0.0,1.0,1.0,1.0,1.0,1.0,1.1724137931034484,1.033718890440227,32.39,32.39,100.0
Liam,Entenmann,ATL,Goalie,Goalie,003079,41,2025_game_32,33.785714285714285,30.666666666666668,41.0,0.14285714285714285,0.3333333333333333,2.7142857142857144,3.3333333333333335,13.071428571428571,11.333333333333334,0.0,0.0,0.07142857142857142,0.0,0.21428571428571427,0.3333333333333333,0.0,0.0,17.285714285714285,16.333333333333332,0.0,0.0,1752877800.0,0.0,WHP,2025-ev-32,7.0,0.04450272348130668,30.666666666666668,0.0,0.1111111111111111,0.0,0.0,1.0,1.0,1.0,1.0,1.0,0.9246828752642706,1.0354734473134168,37.21,37.21,100.0
Will,Mark,ATL,Goalie,Goalie,003108,2,2025_game_32,0.0,0.0,0.0,0.0,0.0,0.0,0.0,0.0,0.0,0.0,0.0,0.0,0.0,0.0,0.0,0.0,0.0,0.14285714285714285,0.0,0.0,0.0,1752877800.0,0.0,WHP,2025-ev-32,7.0,0.04450272348130668,30.666666666666668,0.0,0.1111111111111111,0.0,0.0,1.0,1.0,1.0,1.0,1.0,1.0,1.0354734473134168,17.36,17.36,55.1
Emmet,Carroll,WHP,Goalie,Goalie,003176,40,2025_game_32,40.0,44.666666666666664,41.0,0.25,0.3333333333333333,2.0,2.0,13.75,15.0,0.0,0.0,0.0,0.0,0.5,0.3333333333333333,0.0,0.0,17.5,19.333333333333332,0.0,0.0,1752969600.0,0.0,ATL,2025-ev-32,7.0,-0.04450272348130668,17.0,0.1111111111111111,0.0,0.0,0.0,1.0,1.0,1.0,1.0,1.0,0.0,1.1010477678820811,29.55,29.55,100.0
Brett,Dobson,ARC,Goalie,Goalie,002026,40,2025_game_31,38.4375,37.0,45.0,0.0625,0.0,2.28125,1.3333333333333333,14.3125,14.333333333333334,0.0,0.0,0.03125,0.0,0.25,0.3333333333333333,0.0,0.0,14.9375,16.333333333333332,0.0,0.0,1752886800.0,0.0,OUT,2025-ev-34,7.0,-0.02272214360246072,29.666666666666668,0.0,0.2222222222222222,0.0,0.0,1.0,1.0,1.0,1.0,1.0,1.0119918699186992,1.0472238966834468,40.07,40.07,100.0
Brett,Dobson,ARC,Goalie,Goalie,002026,39,2025_game_34,38.4375,37.0,45.0,0.0625,0.0,2.28125,1.3333333333333333,14.3125,14.333333333333334,0.0,0.0,0.03125,0.0,0.25,0.3333333333333333,0.0,0.0,14.9375,16.333333333333332,0.0,0.0,1752886800.0,0.0,OUT,2025-ev-34,7.0,-0.02272214360246072,29.666666666666668,0.0,0.2222222222222222,0.0,0.0,1.0,1.0,1.0,1.0,1.0,1.0119918699186992,1.0472238966834468,40.07,40.07,100.0
Nick,Washuta,ARC,Goalie,Goalie,001773,2,2025_game_34,9.0,12.333333333333334,37.0,0.0,0.0,0.25,0.3333333333333333,3.5,4.666666666666667,0.0,0.0,0.0,0.0,0.25,0.3333333333333333,0.0,0.0,2.5,3.3333333333333335,0.0,0.0,1693008000.0,0.0,OUT,2025-ev-34,7.0,-0.02272214360246072,29.666666666666668,0.0,0.2222222222222222,0.0,0.0,1.0,1.0,1.0,1.0,1.0,0.0,1.0472238966834468,26.49,26.49,100.0
Logan,McNaney,OUT,Goalie,Goalie,003169,44,2025_game_34,42.4,45.0,35.0,0.0,0.0,1.4,1.6666666666666667,14.6,14.333333333333334,0.0,0.0,0.0,0.0,0.8,1.3333333333333333,0.0,0.0,18.6,20.333333333333332,0.0,0.0,1752951600.0,0.0,ARC,2025-ev-34,7.0,0.02272214360246072,31.0,0.16666666666666666,0.0,0.0,0.0,1.0,1.0,1.0,1.0,1.0,0.9944968553459119,0.823233168618063,31.19,31.19,100.0
