firstName,lastName,team,positionGroup,subPosition,officialId,salary,eventId,fp_season_avg,fp_last3_avg,fp_lag1,shots_season_avg,shots_last3_avg,groundBalls_season_avg,groundBalls_last3_avg,saves_season_avg,saves_last3_avg,faceoffsWon_season_avg,faceoffsWon_last3_avg,assists_season_avg,assists_last3_avg,causedTurnovers_season_avg,causedTurnovers_last3_avg,faceoffPct_season_avg,faceoffPct_last3_avg,touches_season_avg,touches_last3_avg,shotPct_season_avg,shotPct_last3_avg,last_startTime,shotPct_anomaly,opponent,game_id,days_since_last_game,team_faceoff_advantage,opp_fp_allowed_to_position_last3,team_roster_churn,opp_def_churn,team_vacated_touch_share,team_inactive_fp_avg,opp_def_health,opp_ssdm_health,opp_goalie_health,pairing_rating,opponent_rating,player_vs_team_rating,team_def_rating,BoomProbability,AvgProbability,BustProbability,EV
Xander,Dickson,ATL,Attack,Attack,003010,47,2025_game_1,32.72727272727273,27.333333333333332,9.0,5.636363636363637,5.666666666666667,1.4545454545454546,2.0,0.0,0.0,0.0,0.0,0.5454545454545454,0.6666666666666666,0.45454545454545453,0.6666666666666666,0.0,0.0,18.90909090909091,19.333333333333332,0.3775974025974026,0.19166666666666665,1725742800.0,-0.18593073593073595,CHA,2025-ev-1,7.0,0.19082807195187323,63.0,0.1111111111111111,0.1111111111111111,0.0,0.0,1.0,1.0,1.0,1.0,1.0,1.0013736263736264,0.9318202795471151,43.0,38.9,18.1,32.28
Xander,Dickson,ATL,Attack,Attack,003010,47,2025_game_4,32.72727272727273,27.333333333333332,9.0,5.636363636363637,5.666666666666667,1.4545454545454546,2.0,0.0,0.0,0.0,0.0,0.5454545454545454,0.6666666666666666,0.45454545454545453,0.6666666666666666,0.0,0.0,18.90909090909091,19.333333333333332,0.3775974025974026,0.19166666666666665,1725742800.0,-0.18593073593073595,CHA,2025-ev-1,7.0,0.19082807195187323,63.0,0.1111111111111111,0.1111111111111111,0.0,0.0,1.0,1.0,1.0,1.0,1.0,1.0013736263736264,0.9318202795471151,43.0,38.9,18.1,32.28
Jeff,Teat,ATL,Attack,Attack,001809,48,2025_game_1,46.11904761904762,57.333333333333336,22.0,5.690476190476191,8.333333333333334,2.0238095238095237,1.6666666666666667,0.0,0.0,0.0,0.0,2.357142857142857,2.6666666666666665,0.2619047619047619,0.6666666666666666,0.0,0.0,36.900952380952376,39.0,0.3847376829519687,0.27777777777777773,1725742800.0,-0.10695990517419096,CHA,2025-ev-1,7.0,0.19082807195187323,63.0,0.1111111111111111,0.1111111111111111,0.0,0.0,1.0,1.0,1.0,1.0,1.0,0.9379969024264326,0.9318202795471151,45.6,40.6,13.9,33.97
Jeff,Teat,ATL,Attack,Attack,001809,50,2025_game_4,46.11904761904762,57.333333333333336,22.0,5.690476190476191,8.333333333333334,2.0238095238095237,1.6666666666666667,0.0,0.0,0.0,0.0,2.357142857142857,2.6666666666666665,0.2619047619047619,0.6666666666666666,0.0,0.0,36.900952380952376,39.0,0.3847376829519687,0.27777777777777773,1725742800.0,-0.10695990517419096,CHA,2025-ev-1,7.0,0.19082807195187323,63.0,0.1111111111111111,0.1111111111111111,0.0,0.0,1.0,1.0,1.0,1.0,1.0,0.9379969024264326,0.9318202795471151,45.6,40.6,13.9,33.97
Connor,Shellenberger,ATL,Attack,Attack,003076,47,2025_game_1,33.666666666666664,16.333333333333332,19.0,4.888888888888889,6.333333333333333,2.2222222222222223,2.6666666666666665,0.0,0.0,0.0,0.0,1.3333333333333333,0.3333333333333333,0.1111111111111111,0.0,0.0,0.0,34.55555555555556,32.666666666666664,0.36049382716049383,0.23148148148148148,1725742800.0,-0.12901234567901235,CHA,2025-ev-1,7.0,0.19082807195187323,63.0,0.1111111111111111,0.1111111111111111,0.0,0.0,1.0,1.0,1.0,1.0,1.0,1.0016501650165017,0.9318202795471151,43.3,41.4,15.3,32.93
Connor,Shellenberger,ATL,Attack,Attack,003076,48,2025_game_4,33.666666666666664,16.333333333333332,19.0,4.888888888888889,6.333333333333333,2.2222222222222223,2.6666666666666665,0.0,0.0,0.0,0.0,1.3333333333333333,0.3333333333333333,0.1111111111111111,0.0,0.0,0.0,34.55555555555556,32.666666666666664,0.36049382716049383,0.23148148148148148,1725742800.0,-0.12901234567901235,CHA,2025-ev-1,7.0,0.19082807195187323,63.0,0.1111111111111111,0.1111111111111111,0.0,0.0,1.0,1.0,1.0,1.0,1.0,1.0016501650165017,0.9318202795471151,43.3,41.4,15.3,32.93
Josh,Zawada,CHA,Attack,Attack,003092,16,2025_game_1,0.0,0.0,0.0,0.0,0.0,0.0,0.0,0.0,0.0,0.0,0.0,0.0,0.0,0.0,0.0,0.0,0.0,0.0,0.0,0.0,0.0,1718492400.0,0.0,ATL,2025-ev-1,7.0,-0.19082807195187323,47.0,0.1111111111111111,0.1111111111111111,0.0,0.0,1.0,1.0,1.0,1.0,1.0,0.8463356973995272,1.1341627157272065,23.7,52.5,23.8,24.94
Jackson,Eicher,CHA,Attack,Attack,003192,15,2025_game_1,0.0,0.0,0.0,0.0,0.0,0.0,0.0,0.0,0.0,0.0,0.0,0.0,0.0,0.0,0.0,0.0,0.0,0.0,0.0,0.0,0.0,0.0,0.0,ATL,2025-ev-1,7.0,-0.19082807195187323,47.0,0.1111111111111111,0.1111111111111111,0.0,0.0,1.0,1.0,1.0,1.0,1.0,1.0,1.1341627157272065,33.0,46.9,20.1,28.67
Xander,Dickson,ATL,Attack,Attack,003010,47,2025_game_1,32.72727272727273,27.333333333333332,9.0,5.636363636363637,5.666666666666667,1.4545454545454546,2.0,0.0,0.0,0.0,0.0,0.5454545454545454,0.6666666666666666,0.45454545454545453,0.6666666666666666,0.0,0.0,18.90909090909091,19.333333333333332,0.3775974025974026,0.19166666666666665,1725742800.0,-0.18593073593073595,CAN,2025-ev-4,7.0,0.29834215332740127,82.66666666666667,0.1111111111111111,0.0,0.0,0.0,1.0,1.0,1.0,1.0,1.0,1.0041666666666667,1.0939374761316152,42.2,37.9,19.9,31.67
Xander,Dickson,ATL,Attack,Attack,003010,47,2025_game_4,32.72727272727273,27.333333333333332,9.0,5.636363636363637,5.666666666666667,1.4545454545454546,2.0,0.0,0.0,0.0,0.0,0.5454545454545454,0.6666666666666666,0.45454545454545453,0.6666666666666666,0.0,0.0,18.90909090909091,19.333333333333332,0.3775974025974026,0.19166666666666665,1725742800.0,-0.18593073593073595,CAN,2025-ev-4,7.0,0.29834215332740127,82.66666666666667,0.1111111111111111,0.0,0.0,0.0,1.0,1.0,1.0,1.0,1.0,1.0041666666666667,1.0939374761316152,42.2,37.9,19.9,31.67
Jeff,Teat,ATL,Attack,Attack,001809,48,2025_game_1,46.11904761904762,57.333333333333336,22.0,5.690476190476191,8.333333333333334,2.0238095238095237,1.6666666666666667,0.0,0.0,0.0,0.0,2.357142857142857,2.6666666666666665,0.2619047619047619,0.6666666666666666,0.0,0.0,36.900952380952376,39.0,0.3847376829519687,0.27777777777777773,1725742800.0,-0.10695990517419096,CAN,2025-ev-4,7.0,0.29834215332740127,82.66666666666667,0.1111111111111111,0.0,0.0,0.0,1.0,1.0,1.0,1.0,1.0,0.9967917988052217,1.0939374761316152,45.3,40.4,14.3,33.77
Jeff,Teat,ATL,Attack,Attack,001809,50,2025_game_4,46.11904761904762,57.333333333333336,22.0,5.690476190476191,8.333333333333334,2.0238095238095237,1.6666666666666667,0.0,0.0,0.0,0.0,2.357142857142857,2.6666666666666665,0.2619047619047619,0.6666666666666666,0.0,0.0,36.900952380952376,39.0,0.3847376829519687,0.27777777777777773,1725742800.0,-0.10695990517419096,CAN,2025-ev-4,7.0,0.29834215332740127,82.66666666666667,0.1111111111111111,0.0,0.0,0.0,1.0,1.0,1.0,1.0,1.0,0.9967917988052217,1.0939374761316152,45.3,40.4,14.3,33.77
Connor,Shellenberger,ATL,Attack,Attack,003076,47,2025_game_1,33.666666666666664,16.333333333333332,19.0,4.888888888888889,6.333333333333333,2.2222222222222223,2.6666666666666665,0.0,0.0,0.0,0.0,1.3333333333333333,0.3333333333333333,0.1111111111111111,0.0,0.0,0.0,34.55555555555556,32.666666666666664,0.36049382716049383,0.23148148148148148,1725742800.0,-0.12901234567901235,CAN,2025-ev-4,7.0,0.29834215332740127,82.66666666666667,0.1111111111111111,0.0,0.0,0.0,1.0,1.0,1.0,1.0,1.0,1.108910891089109,1.0939374761316152,44.4,39.9,15.7,33.21
Connor,Shellenberger,ATL,Attack,Attack,003076,48,2025_game_4,33.666666666666664,16.333333333333332,19.0,4.888888888888889,6.333333333333333,2.2222222222222223,2.6666666666666665,0.0,0.0,0.0,0.0,1.3333333333333333,0.3333333333333333,0.1111111111111111,0.0,0.0,0.0,34.55555555555556,32.666666666666664,0.36049382716049383,0.23148148148148148,1725742800.0,-0.12901234567901235,CAN,2025-ev-4,7.0,0.29834215332740127,82.66666666666667,0.1111111111111111,0.0,0.0,0.0,1.0,1.0,1.0,1.0,1.0,1.108910891089109,1.0939374761316152,44.4,39.9,15.7,33.21
Asher,Nolting,CAN,Attack,Attack,002024,47,2025_game_4,31.40909090909091,30.333333333333332,3.0,5.151515151515151,6.0,1.4242424242424243,1.0,0.0,0.0,0.0,0.0,1.878787878787879,2.0,0.15151515151515152,0.3333333333333333,0.0,0.0,31.0,38.0,0.3208644890463072,0.2416666666666667,1725307200.0,-0.07919782237964051,ATL,2025-ev-4,7.0,-0.29834215332740127,47.0,0.0,0.1111111111111111,0.0,0.0,1.0,1.0,1.0,1.0,1.0,1.1245888698855413,1.1341627157272065,41.0,43.5,15.6,32.15
Graydon,Hogg,CAN,Attack,Attack,003157,4,2025_game_4,0.0,0.0,0.0,0.0,0.0,0.0,0.0,0.0,0.0,0.0,0.0,0.0,0.0,0.0,0.0,0.0,0.0,0.0,0.0,0.0,0.0,0.0,0.0,ATL,2025-ev-4,7.0,-0.29834215332740127,47.0,0.0,0.1111111111111111,0.0,0.0,1.0,1.0,1.0,1.0,1.0,1.0,1.1341627157272065,11.5,55.4,33.1,19.19
Marcus,Holman,CAN,Attack,Attack,000216,46,2025_game_4,32.140625,14.666666666666666,-5.0,6.65625,6.666666666666667,2.265625,1.6666666666666667,0.0,0.0,0.0,0.0,0.6875,0.0,0.265625,0.0,0.0,0.0,34.0619375,36.0,0.3174476998695749,0.09523809523809523,1725307200.0,-0.22220960463147965,ATL,2025-ev-4,7.0,-0.29834215332740127,47.0,0.0,0.1111111111111111,0.0,0.0,1.0,1.0,1.0,1.0,1.0,0.9622697563874034,1.1341627157272065,42.2,39.8,18.0,32.05
Will,Manny,CAN,Attack,Attack,000227,7,2025_game_4,29.634615384615383,10.333333333333334,4.0,6.019230769230769,4.333333333333333,1.0192307692307692,1.0,0.0,0.0,0.0,0.0,1.1730769230769231,0.3333333333333333,0.07692307692307693,0.0,0.0,0.0,29.66,21.333333333333332,0.2934600122100122,0.3,1693851600.0,0.006539987789987767,ATL,2025-ev-4,7.0,-0.29834215332740127,47.0,0.0,0.1111111111111111,0.0,0.0,1.0,1.0,1.0,1.0,1.0,0.9573097246685827,1.1341627157272065,39.0,41.3,19.8,30.68
Logan,Wisnauskas,OUT,Attack,Attack,002015,20,2025_game_2,29.61904761904762,34.333333333333336,44.0,6.333333333333333,6.333333333333333,1.5714285714285714,2.6666666666666665,0.0,0.0,0.0,0.0,0.9047619047619048,0.6666666666666666,0.14285714285714285,0.3333333333333333,0.0,0.0,32.476190476190474,33.0,0.2662698412698413,0.27619047619047615,1717347600.0,0.00992063492063483,RED,2025-ev-2,7.0,-0.04672449731527162,102.33333333333333,0.05555555555555555,0.0,0.0,0.0,1.0,1.0,1.0,1.0,1.0,0.0,1.094826253877953,48.5,33.5,18.0,34.08
Brennan,O'Neill,OUT,Attack,Attack,003075,43,2025_game_2,27.0,8.666666666666666,13.0,8.454545454545455,11.0,1.4545454545454546,1.3333333333333333,0.0,0.0,0.0,0.0,0.7272727272727273,0.0,0.0,0.0,0.0,0.0,30.636363636363637,37.333333333333336,0.20567033976124885,0.13468013468013468,1725316200.0,-0.07099020508111417,RED,2025-ev-2,7.0,-0.04672449731527162,102.33333333333333,0.05555555555555555,0.0,0.0,0.0,1.0,1.0,1.0,1.0,1.0,0.9894179894179894,1.094826253877953,45.5,38.4,16.1,33.48
Pat,Kavanagh,OUT,Attack,Attack,003080,15,2025_game_2,15.571428571428571,20.333333333333332,10.0,5.285714285714286,6.666666666666667,0.42857142857142855,0.0,0.0,0.0,0.0,0.0,0.5714285714285714,0.6666666666666666,0.0,0.0,0.0,0.0,22.428571428571427,21.333333333333332,0.23707482993197276,0.2642857142857143,1725307200.0,0.027210884353741527,RED,2025-ev-2,7.0,-0.04672449731527162,102.33333333333333,0.05555555555555555,0.0,0.0,0.0,1.0,1.0,1.0,1.0,1.0,0.0,1.094826253877953,35.9,32.7,31.5,27.39
Ryder,Garnsey,RED,Attack,Attack,000373,40,2025_game_2,24.918032786885245,16.666666666666668,14.0,5.409836065573771,4.666666666666667,1.4262295081967213,0.6666666666666666,0.0,0.0,0.0,0.0,0.8524590163934426,0.3333333333333333,0.14754098360655737,0.0,0.0,0.0,29.719213114754094,26.0,0.32812315189364366,0.3666666666666667,1723852800.0,0.038543514773023035,OUT,2025-ev-2,7.0,0.04672449731527162,66.66666666666667,0.0,0.1111111111111111,0.0,0.0,1.0,1.0,1.0,1.0,1.0,0.8404135338345865,0.8852104804735104,33.5,34.3,32.2,26.46
Chris,Kavanagh,RED,Attack,Attack,003168,8,2025_game_2,0.0,0.0,0.0,0.0,0.0,0.0,0.0,0.0,0.0,0.0,0.0,0.0,0.0,0.0,0.0,0.0,0.0,0.0,0.0,0.0,0.0,0.0,0.0,OUT,2025-ev-2,7.0,0.04672449731527162,66.66666666666667,0.0,0.1111111111111111,0.0,0.0,1.0,1.0,1.0,1.0,1.0,1.0,0.8852104804735104,12.9,53.3,33.8,19.5
Dylan,Molloy,RED,Attack,Attack,001001,23,2025_game_2,23.714285714285715,8.333333333333334,-5.0,5.571428571428571,4.666666666666667,1.5714285714285714,1.0,0.0,0.0,0.0,0.0,1.0714285714285714,0.0,0.21428571428571427,0.3333333333333333,0.0,0.0,33.441857142857145,31.333333333333332,0.267687074829932,0.25,1662220800.0,-0.01768707482993198,OUT,2025-ev-2,7.0,0.04672449731527162,66.66666666666667,0.0,0.1111111111111111,0.0,0.0,1.0,1.0,1.0,1.0,1.0,0.0,0.8852104804735104,39.6,40.0,20.3,30.74
Matt,Moore,ARC,Attack,Attack,002018,15,2025_game_3,18.0,17.0,27.0,5.105263157894737,4.0,1.368421052631579,0.0,0.0,0.0,0.0,0.0,0.8421052631578947,1.0,0.05263157894736842,0.0,0.0,0.0,23.31578947368421,21.0,0.15839598997493734,0.21428571428571427,1726426800.0,0.055889724310776934,WHP,2025-ev-3,7.0,-0.08894740117162847,26.333333333333332,0.05555555555555555,0.0,0.0,0.0,1.0,1.0,1.0,1.0,1.0,1.1818181818181817,1.0150922763957808,35.2,29.7,35.1,26.44
Connor,Fields,ARC,Attack,Attack,000262,43,2025_game_3,26.686274509803923,27.0,14.0,6.117647058823529,5.666666666666667,1.3333333333333333,1.6666666666666667,0.0,0.0,0.0,0.0,0.803921568627451,1.0,0.17647058823529413,0.3333333333333333,0.0,0.0,29.480705882352943,27.666666666666668,0.3220354808590103,0.27777777777777773,1726426800.0,-0.04425770308123256,WHP,2025-ev-3,7.0,-0.08894740117162847,26.333333333333332,0.05555555555555555,0.0,0.0,0.0,1.0,1.0,1.0,1.0,1.0,0.9517713276680277,1.0150922763957808,42.0,34.7,23.3,30.94
Sam,King,ARC,Attack,Attack,003174,5,2025_game_3,0.0,0.0,0.0,0.0,0.0,0.0,0.0,0.0,0.0,0.0,0.0,0.0,0.0,0.0,0.0,0.0,0.0,0.0,0.0,0.0,0.0,0.0,0.0,WHP,2025-ev-3,7.0,-0.08894740117162847,26.333333333333332,0.05555555555555555,0.0,0.0,0.0,1.0,1.0,1.0,1.0,1.0,1.0,1.0150922763957808,34.3,40.0,25.6,27.99
Mac,O'Keefe,ARC,Attack,Attack,001814,40,2025_game_3,26.27777777777778,24.666666666666668,42.0,6.555555555555555,7.0,1.25,0.3333333333333333,0.0,0.0,0.0,0.0,0.3333333333333333,0.6666666666666666,0.19444444444444445,0.3333333333333333,0.0,0.0,24.092444444444443,26.0,0.2803451178451179,0.202020202020202,1726426800.0,-0.07832491582491591,WHP,2025-ev-3,7.0,-0.08894740117162847,26.333333333333332,0.05555555555555555,0.0,0.0,0.0,1.0,1.0,1.0,1.0,1.0,1.1901500102746763,1.0150922763957808,49.4,28.9,21.7,33.64
Aidan,Carroll,WHP,Attack,Attack,003165,11,2025_game_3,0.0,0.0,0.0,0.0,0.0,0.0,0.0,0.0,0.0,0.0,0.0,0.0,0.0,0.0,0.0,0.0,0.0,0.0,0.0,0.0,0.0,0.0,0.0,ARC,2025-ev-3,7.0,0.08894740117162847,24.666666666666668,0.0,0.1111111111111111,0.0,0.0,1.0,1.0,1.0,1.0,1.0,1.0,0.8938905543577762,34.3,40.0,25.6,27.99
TJ,Malone,WHP,Attack,Attack,003048,49,2025_game_3,40.46153846153846,44.333333333333336,39.0,7.3076923076923075,7.0,2.076923076923077,2.6666666666666665,0.0,0.0,0.0,0.0,2.0,2.6666666666666665,0.23076923076923078,0.3333333333333333,0.0,0.0,31.46153846153846,27.666666666666668,0.27057387057387056,0.3111111111111111,1726426800.0,0.04053724053724056,ARC,2025-ev-3,7.0,0.08894740117162847,24.666666666666668,0.0,0.1111111111111111,0.0,0.0,1.0,1.0,1.0,1.0,1.0,1.014394350896252,0.8938905543577762,38.0,45.9,16.2,31.07
Rob,Pannell,WHP,Attack,Attack,000414,44,2025_game_3,32.5,34.0,44.0,6.645833333333333,6.666666666666667,1.9375,3.3333333333333335,0.0,0.0,0.0,0.0,1.7916666666666667,2.0,0.2708333333333333,0.0,0.0,0.0,37.75454166666666,41.0,0.23773223304473304,0.2259259259259259,1723852800.0,-0.011806307118807147,ARC,2025-ev-3,7.0,0.08894740117162847,24.666666666666668,0.0,0.1111111111111111,0.0,0.0,1.0,1.0,1.0,1.0,1.0,1.001098901098901,0.8938905543577762,47.4,37.7,14.8,34.33
Matt,Rambo,WHP,Attack,Attack,000354,19,2025_game_3,27.4,10.0,10.0,5.85,6.333333333333333,1.2166666666666666,2.0,0.0,0.0,0.0,0.0,1.35,0.0,0.1,0.0,0.0,0.0,28.321666666666665,18.0,0.2881908369408369,0.11574074074074074,1726426800.0,-0.17245009620009616,ARC,2025-ev-3,7.0,0.08894740117162847,24.666666666666668,0.0,0.1111111111111111,0.0,0.0,1.0,1.0,1.0,1.0,1.0,1.153846153846154,0.8938905543577762,39.5,39.5,21.0,30.59
Myles,Jones,ATL,Midfield,Midfield,000278,17,2025_game_1,19.10169491525424,7.0,10.0,4.423728813559322,3.0,1.0338983050847457,1.0,0.0,0.0,0.0,0.0,0.864406779661017,0.3333333333333333,0.1694915254237288,0.0,0.0,0.0,20.93035593220339,13.0,0.2446394942157654,0.19444444444444442,1725742800.0,-0.05019504977132097,CHA,2025-ev-1,7.0,0.19082807195187323,51.6,0.1111111111111111,0.1111111111111111,0.0,0.0,1.0,1.0,1.0,1.0,1.0,1.349278051141405,1.006219266998417,43.2,41.9,14.9,20.19
Myles,Jones,ATL,Midfield,Midfield,000278,17,2025_game_4,19.10169491525424,7.0,10.0,4.423728813559322,3.0,1.0338983050847457,1.0,0.0,0.0,0.0,0.0,0.864406779661017,0.3333333333333333,0.1694915254237288,0.0,0.0,0.0,20.93035593220339,13.0,0.2446394942157654,0.19444444444444442,1725742800.0,-0.05019504977132097,CHA,2025-ev-1,7.0,0.19082807195187323,51.6,0.1111111111111111,0.1111111111111111,0.0,0.0,1.0,1.0,1.0,1.0,1.0,1.349278051141405,1.006219266998417,43.2,41.9,14.9,20.19
Jake,Stevens,ATL,Midfield,Midfield,003084,14,2025_game_1,12.142857142857142,11.0,-2.0,3.857142857142857,3.3333333333333335,0.8571428571428571,1.6666666666666667,0.0,0.0,0.0,0.0,0.2857142857142857,0.6666666666666666,0.0,0.0,0.0,0.0,13.285714285714286,14.333333333333334,0.36326530612244895,0.2222222222222222,1725742800.0,-0.14104308390022674,CHA,2025-ev-1,7.0,0.19082807195187323,51.6,0.1111111111111111,0.1111111111111111,0.0,0.0,1.0,1.0,1.0,1.0,1.0,0.0,1.006219266998417,38.4,45.0,16.5,18.71
Jake,Stevens,ATL,Midfield,Midfield,003084,14,2025_game_4,12.142857142857142,11.0,-2.0,3.857142857142857,3.3333333333333335,0.8571428571428571,1.6666666666666667,0.0,0.0,0.0,0.0,0.2857142857142857,0.6666666666666666,0.0,0.0,0.0,0.0,13.285714285714286,14.333333333333334,0.36326530612244895,0.2222222222222222,1725742800.0,-0.14104308390022674,CHA,2025-ev-1,7.0,0.19082807195187323,51.6,0.1111111111111111,0.1111111111111111,0.0,0.0,1.0,1.0,1.0,1.0,1.0,0.0,1.006219266998417,38.4,45.0,16.5,18.71
Bryan,Costabile,ATL,Midfield,Midfield,000395,31,2025_game_1,22.583333333333332,19.0,25.0,6.145833333333333,5.333333333333333,1.7083333333333333,1.6666666666666667,0.0,0.0,0.0,0.0,0.6666666666666666,0.0,0.2916666666666667,0.3333333333333333,0.0,0.0,26.868729166666668,27.333333333333332,0.23210851648351646,0.3111111111111111,1725742800.0,0.07900259462759465,CHA,2025-ev-1,7.0,0.19082807195187323,51.6,0.1111111111111111,0.1111111111111111,0.0,0.0,1.0,1.0,1.0,1.0,1.0,0.968839688396884,1.006219266998417,50.6,39.0,10.4,22.73
Bryan,Costabile,ATL,Midfield,Midfield,000395,31,2025_game_4,22.583333333333332,19.0,25.0,6.145833333333333,5.333333333333333,1.7083333333333333,1.6666666666666667,0.0,0.0,0.0,0.0,0.6666666666666666,0.0,0.2916666666666667,0.3333333333333333,0.0,0.0,26.868729166666668,27.333333333333332,0.23210851648351646,0.3111111111111111,1725742800.0,0.07900259462759465,CHA,2025-ev-1,7.0,0.19082807195187323,51.6,0.1111111111111111,0.1111111111111111,0.0,0.0,1.0,1.0,1.0,1.0,1.0,0.968839688396884,1.006219266998417,50.6,39.0,10.4,22.73
Matt,Traynor,ATL,Midfield,Midfield,003164,7,2025_game_1,0.0,0.0,0.0,0.0,0.0,0.0,0.0,0.0,0.0,0.0,0.0,0.0,0.0,0.0,0.0,0.0,0.0,0.0,0.0,0.0,0.0,0.0,0.0,CHA,2025-ev-1,7.0,0.19082807195187323,51.6,0.1111111111111111,0.1111111111111111,0.0,0.0,1.0,1.0,1.0,1.0,1.0,1.0,1.006219266998417,18.7,58.4,22.9,12.72
Matt,Traynor,ATL,Midfield,Midfield,003164,7,2025_game_4,0.0,0.0,0.0,0.0,0.0,0.0,0.0,0.0,0.0,0.0,0.0,0.0,0.0,0.0,0.0,0.0,0.0,0.0,0.0,0.0,0.0,0.0,0.0,CHA,2025-ev-1,7.0,0.19082807195187323,51.6,0.1111111111111111,0.1111111111111111,0.0,0.0,1.0,1.0,1.0,1.0,1.0,1.0,1.006219266998417,18.7,58.4,22.9,12.72
Kyle,Jackson,ATL,Midfield,Midfield,000978,9,2025_game_1,11.238095238095237,7.0,-3.0,3.238095238095238,5.333333333333333,0.8095238095238095,0.6666666666666666,0.0,0.0,0.0,0.0,0.2857142857142857,0.0,0.09523809523809523,0.0,0.0,0.0,19.476809523809525,21.666666666666668,0.2627551020408163,0.2962962962962963,1725751800.0,0.03354119425547997,CHA,2025-ev-1,7.0,0.19082807195187323,51.6,0.1111111111111111,0.1111111111111111,0.0,0.0,1.0,1.0,1.0,1.0,1.0,1.0,1.006219266998417,32.2,58.3,9.5,18.03
Kyle,Jackson,ATL,Midfield,Midfield,000978,9,2025_game_4,11.238095238095237,7.0,-3.0,3.238095238095238,5.333333333333333,0.8095238095238095,0.6666666666666666,0.0,0.0,0.0,0.0,0.2857142857142857,0.0,0.09523809523809523,0.0,0.0,0.0,19.476809523809525,21.666666666666668,0.2627551020408163,0.2962962962962963,1725751800.0,0.03354119425547997,CHA,2025-ev-1,7.0,0.19082807195187323,51.6,0.1111111111111111,0.1111111111111111,0.0,0.0,1.0,1.0,1.0,1.0,1.0,1.0,1.006219266998417,32.2,58.3,9.5,18.03
JJ,Sillstrop,CHA,Midfield,Midfield,003149,5,2025_game_1,0.0,0.0,0.0,0.0,0.0,0.0,0.0,0.0,0.0,0.0,0.0,0.0,0.0,0.0,0.0,0.0,0.0,0.0,0.0,0.0,0.0,0.0,0.0,ATL,2025-ev-1,7.0,-0.19082807195187323,70.66666666666667,0.1111111111111111,0.1111111111111111,0.0,0.0,1.0,1.0,1.0,1.0,1.0,1.0,0.9995992273595873,18.7,58.4,22.9,12.72
Eric,Dobson,CHA,Midfield,Midfield,003086,8,2025_game_1,5.0,-2.3333333333333335,-9.0,3.3333333333333335,3.6666666666666665,0.5,0.3333333333333333,0.0,0.0,0.0,0.0,0.0,0.0,0.16666666666666666,0.0,0.0,0.0,16.666666666666668,15.333333333333334,0.28888888888888886,0.1111111111111111,1723330800.0,-0.17777777777777776,ATL,2025-ev-1,7.0,-0.19082807195187323,70.66666666666667,0.1111111111111111,0.1111111111111111,0.0,0.0,1.0,1.0,1.0,1.0,1.0,1.0,0.9995992273595873,38.6,43.3,18.1,18.56
Chris,Aslanian,CHA,Midfield,Midfield,001729,15,2025_game_1,16.46153846153846,17.0,4.0,4.269230769230769,4.666666666666667,0.34615384615384615,0.0,0.0,0.0,0.0,0.0,0.5,0.3333333333333333,0.07692307692307693,0.0,0.0,0.0,21.346153846153847,23.666666666666668,0.22454212454212452,0.20634920634920637,1725307200.0,-0.018192918192918156,ATL,2025-ev-1,7.0,-0.19082807195187323,70.66666666666667,0.1111111111111111,0.1111111111111111,0.0,0.0,1.0,1.0,1.0,1.0,1.0,1.0632411067193674,0.9995992273595873,47.9,38.1,14.0,21.54
Ross,Scott,CHA,Midfield,Midfield,003093,14,2025_game_1,0.0,0.0,0.0,0.0,0.0,0.0,0.0,0.0,0.0,0.0,0.0,0.0,0.0,0.0,0.0,0.0,0.0,0.0,0.0,0.0,0.0,0.0,0.0,ATL,2025-ev-1,7.0,-0.19082807195187323,70.66666666666667,0.1111111111111111,0.1111111111111111,0.0,0.0,1.0,1.0,1.0,1.0,1.0,1.0175438596491229,0.9995992273595873,18.7,58.4,22.9,12.72
Garrett,Degnon,CHA,Midfield,Midfield,003091,21,2025_game_1,14.75,4.666666666666667,1.0,3.75,3.0,0.75,1.0,0.0,0.0,0.0,0.0,0.25,0.3333333333333333,0.0,0.0,0.0,0.0,17.5,16.666666666666668,0.175,0.06666666666666667,1720216800.0,-0.10833333333333332,ATL,2025-ev-1,7.0,-0.19082807195187323,70.66666666666667,0.1111111111111111,0.1111111111111111,0.0,0.0,1.0,1.0,1.0,1.0,1.0,1.036723163841808,0.9995992273595873,38.5,46.5,15.0,18.95
Cross,Ferrara,CHA,Midfield,Midfield,003022,14,2025_game_1,11.090909090909092,13.333333333333334,20.0,3.4545454545454546,4.666666666666667,0.36363636363636365,0.0,0.0,0.0,0.0,0.0,0.36363636363636365,0.3333333333333333,0.0,0.0,0.0,0.0,13.454545454545455,12.333333333333334,0.23106060606060605,0.2916666666666667,1725316200.0,0.060606060606060635,ATL,2025-ev-1,7.0,-0.19082807195187323,70.66666666666667,0.1111111111111111,0.1111111111111111,0.0,0.0,1.0,1.0,1.0,1.0,1.0,1.263479710950528,0.9995992273595873,44.3,41.9,13.9,20.62
Myles,Jones,ATL,Midfield,Midfield,000278,17,2025_game_1,19.10169491525424,7.0,10.0,4.423728813559322,3.0,1.0338983050847457,1.0,0.0,0.0,0.0,0.0,0.864406779661017,0.3333333333333333,0.1694915254237288,0.0,0.0,0.0,20.93035593220339,13.0,0.2446394942157654,0.19444444444444442,1725742800.0,-0.05019504977132097,CAN,2025-ev-4,7.0,0.29834215332740127,52.333333333333336,0.1111111111111111,0.0,0.0,0.0,1.0,1.0,1.0,1.0,1.0,0.9304670484794707,0.8718518614107081,44.6,39.5,15.8,20.43
Myles,Jones,ATL,Midfield,Midfield,000278,17,2025_game_4,19.10169491525424,7.0,10.0,4.423728813559322,3.0,1.0338983050847457,1.0,0.0,0.0,0.0,0.0,0.864406779661017,0.3333333333333333,0.1694915254237288,0.0,0.0,0.0,20.93035593220339,13.0,0.2446394942157654,0.19444444444444442,1725742800.0,-0.05019504977132097,CAN,2025-ev-4,7.0,0.29834215332740127,52.333333333333336,0.1111111111111111,0.0,0.0,0.0,1.0,1.0,1.0,1.0,1.0,0.9304670484794707,0.8718518614107081,44.6,39.5,15.8,20.43
Jake,Stevens,ATL,Midfield,Midfield,003084,14,2025_game_1,12.142857142857142,11.0,-2.0,3.857142857142857,3.3333333333333335,0.8571428571428571,1.6666666666666667,0.0,0.0,0.0,0.0,0.2857142857142857,0.6666666666666666,0.0,0.0,0.0,0.0,13.285714285714286,14.333333333333334,0.36326530612244895,0.2222222222222222,1725742800.0,-0.14104308390022674,CAN,2025-ev-4,7.0,0.29834215332740127,52.333333333333336,0.1111111111111111,0.0,0.0,0.0,1.0,1.0,1.0,1.0,1.0,0.9843137254901961,0.8718518614107081,40.1,41.7,18.2,18.94
Jake,Stevens,ATL,Midfield,Midfield,003084,14,2025_game_4,12.142857142857142,11.0,-2.0,3.857142857142857,3.3333333333333335,0.8571428571428571,1.6666666666666667,0.0,0.0,0.0,0.0,0.2857142857142857,0.6666666666666666,0.0,0.0,0.0,0.0,13.285714285714286,14.333333333333334,0.36326530612244895,0.2222222222222222,1725742800.0,-0.14104308390022674,CAN,2025-ev-4,7.0,0.29834215332740127,52.333333333333336,0.1111111111111111,0.0,0.0,0.0,1.0,1.0,1.0,1.0,1.0,0.9843137254901961,0.8718518614107081,40.1,41.7,18.2,18.94
Bryan,Costabile,ATL,Midfield,Midfield,000395,31,2025_game_1,22.583333333333332,19.0,25.0,6.145833333333333,5.333333333333333,1.7083333333333333,1.6666666666666667,0.0,0.0,0.0,0.0,0.6666666666666666,0.0,0.2916666666666667,0.3333333333333333,0.0,0.0,26.868729166666668,27.333333333333332,0.23210851648351646,0.3111111111111111,1725742800.0,0.07900259462759465,CAN,2025-ev-4,7.0,0.29834215332740127,52.333333333333336,0.1111111111111111,0.0,0.0,0.0,1.0,1.0,1.0,1.0,1.0,0.9802319451765946,0.8718518614107081,53.5,34.4,12.1,23.26
Bryan,Costabile,ATL,Midfield,Midfield,000395,31,2025_game_4,22.583333333333332,19.0,25.0,6.145833333333333,5.333333333333333,1.7083333333333333,1.6666666666666667,0.0,0.0,0.0,0.0,0.6666666666666666,0.0,0.2916666666666667,0.3333333333333333,0.0,0.0,26.868729166666668,27.333333333333332,0.23210851648351646,0.3111111111111111,1725742800.0,0.07900259462759465,CAN,2025-ev-4,7.0,0.29834215332740127,52.333333333333336,0.1111111111111111,0.0,0.0,0.0,1.0,1.0,1.0,1.0,1.0,0.9802319451765946,0.8718518614107081,53.5,34.4,12.1,23.26
Matt,Traynor,ATL,Midfield,Midfield,003164,7,2025_game_1,0.0,0.0,0.0,0.0,0.0,0.0,0.0,0.0,0.0,0.0,0.0,0.0,0.0,0.0,0.0,0.0,0.0,0.0,0.0,0.0,0.0,0.0,0.0,CAN,2025-ev-4,7.0,0.29834215332740127,52.333333333333336,0.1111111111111111,0.0,0.0,0.0,1.0,1.0,1.0,1.0,1.0,1.0,0.8718518614107081,18.8,58.6,22.6,12.78
Matt,Traynor,ATL,Midfield,Midfield,003164,7,2025_game_4,0.0,0.0,0.0,0.0,0.0,0.0,0.0,0.0,0.0,0.0,0.0,0.0,0.0,0.0,0.0,0.0,0.0,0.0,0.0,0.0,0.0,0.0,0.0,CAN,2025-ev-4,7.0,0.29834215332740127,52.333333333333336,0.1111111111111111,0.0,0.0,0.0,1.0,1.0,1.0,1.0,1.0,1.0,0.8718518614107081,18.8,58.6,22.6,12.78
Kyle,Jackson,ATL,Midfield,Midfield,000978,9,2025_game_1,11.238095238095237,7.0,-3.0,3.238095238095238,5.333333333333333,0.8095238095238095,0.6666666666666666,0.0,0.0,0.0,0.0,0.2857142857142857,0.0,0.09523809523809523,0.0,0.0,0.0,19.476809523809525,21.666666666666668,0.2627551020408163,0.2962962962962963,1725751800.0,0.03354119425547997,CAN,2025-ev-4,7.0,0.29834215332740127,52.333333333333336,0.1111111111111111,0.0,0.0,0.0,1.0,1.0,1.0,1.0,1.0,1.176271186440678,0.8718518614107081,24.1,66.7,9.3,15.95
Kyle,Jackson,ATL,Midfield,Midfield,000978,9,2025_game_4,11.238095238095237,7.0,-3.0,3.238095238095238,5.333333333333333,0.8095238095238095,0.6666666666666666,0.0,0.0,0.0,0.0,0.2857142857142857,0.0,0.09523809523809523,0.0,0.0,0.0,19.476809523809525,21.666666666666668,0.2627551020408163,0.2962962962962963,1725751800.0,0.03354119425547997,CAN,2025-ev-4,7.0,0.29834215332740127,52.333333333333336,0.1111111111111111,0.0,0.0,0.0,1.0,1.0,1.0,1.0,1.0,1.176271186440678,0.8718518614107081,24.1,66.7,9.3,15.95
Mic,Kelly,CAN,Midfield,Midfield,003170,5,2025_game_4,0.0,0.0,0.0,0.0,0.0,0.0,0.0,0.0,0.0,0.0,0.0,0.0,0.0,0.0,0.0,0.0,0.0,0.0,0.0,0.0,0.0,0.0,0.0,ATL,2025-ev-4,7.0,-0.29834215332740127,70.66666666666667,0.0,0.1111111111111111,0.0,0.0,1.0,1.0,1.0,1.0,1.0,1.0,0.9995992273595873,21.8,55.3,22.9,13.53
Matt,Campbell,CAN,Midfield,Midfield,003013,37,2025_game_4,18.0,8.333333333333334,4.0,4.782608695652174,3.6666666666666665,1.0,1.3333333333333333,0.0,0.0,0.0,0.0,0.43478260869565216,0.3333333333333333,0.043478260869565216,0.3333333333333333,0.0,0.0,23.782608695652176,25.666666666666668,0.2876811594202898,0.1111111111111111,1725307200.0,-0.17657004830917872,ATL,2025-ev-4,7.0,-0.29834215332740127,70.66666666666667,0.0,0.1111111111111111,0.0,0.0,1.0,1.0,1.0,1.0,1.0,1.0666666666666667,0.9995992273595873,47.3,37.6,15.1,21.24
Ryan,Drenner,CAN,Midfield,Midfield,000358,22,2025_game_4,19.151515151515152,13.0,1.0,4.2727272727272725,4.333333333333333,0.8181818181818182,0.6666666666666666,0.0,0.0,0.0,0.0,0.3939393939393939,0.3333333333333333,0.06060606060606061,0.0,0.0,0.0,24.303030303030305,23.333333333333332,0.32573352573352576,0.4444444444444444,1725307200.0,0.11871091871091866,ATL,2025-ev-4,7.0,-0.29834215332740127,70.66666666666667,0.0,0.1111111111111111,0.0,0.0,1.0,1.0,1.0,1.0,1.0,1.1915793714746175,0.9995992273595873,53.3,31.2,15.5,22.76
Connor,Kirst,CAN,Midfield,Midfield,001815,15,2025_game_4,11.026315789473685,16.099999999999998,11.8,3.0526315789473686,2.6666666666666665,0.9473684210526315,1.0,0.0,0.0,0.2631578947368421,0.3333333333333333,0.10526315789473684,0.0,0.10526315789473684,0.3333333333333333,0.24545454545454548,0.3333333333333333,13.69421052631579,12.0,0.2783625730994152,0.3611111111111111,1725307200.0,0.0827485380116959,ATL,2025-ev-4,7.0,-0.29834215332740127,70.66666666666667,0.0,0.1111111111111111,0.0,0.0,1.0,1.0,1.0,1.0,1.0,1.2036292821102947,0.9995992273595873,45.1,40.3,14.5,20.73
Dalton,Young,OUT,Midfield,Midfield,003106,17,2025_game_2,14.7,9.666666666666666,34.0,3.1,3.6666666666666665,0.8,1.0,0.0,0.0,0.0,0.0,0.6,0.0,0.0,0.0,0.0,0.0,12.1,14.333333333333334,0.22833333333333333,0.19999999999999998,1725316200.0,-0.02833333333333335,RED,2025-ev-2,7.0,-0.04672449731527162,113.66666666666667,0.05555555555555555,0.0,0.0,0.0,1.0,1.0,1.0,1.0,1.0,0.8989310009718173,1.0586860836586511,41.5,40.2,18.3,19.3
Justin,Anderson,OUT,Midfield,Midfield,001828,30,2025_game_2,17.073170731707318,25.333333333333332,3.0,3.6341463414634148,2.6666666666666665,1.3170731707317074,3.3333333333333335,0.0,0.0,0.0,0.0,0.3902439024390244,1.0,0.3170731707317073,0.3333333333333333,0.0,0.0,19.890756097560974,22.0,0.26922183507549363,0.3,1725316200.0,0.030778164924506357,RED,2025-ev-2,7.0,-0.04672449731527162,113.66666666666667,0.05555555555555555,0.0,0.0,0.0,1.0,1.0,1.0,1.0,1.0,1.3585714285714285,1.0586860836586511,40.5,41.5,18.1,19.07
Graham,Bundy,OUT,Midfield,Midfield,003085,18,2025_game_2,20.0,16.666666666666668,8.0,6.545454545454546,6.333333333333333,0.5454545454545454,0.6666666666666666,0.0,0.0,0.0,0.0,0.18181818181818182,0.3333333333333333,0.0,0.0,0.0,0.0,22.363636363636363,25.333333333333332,0.2370490620490621,0.2333333333333333,1725316200.0,-0.0037157287157287833,RED,2025-ev-2,7.0,-0.04672449731527162,113.66666666666667,0.05555555555555555,0.0,0.0,0.0,1.0,1.0,1.0,1.0,1.0,1.3857142857142857,1.0586860836586511,41.1,44.1,14.7,19.66
Jack,VanOverbeke,OUT,Midfield,Midfield,003120,10,2025_game_2,12.75,6.666666666666667,-3.0,3.75,3.0,0.75,0.6666666666666666,0.0,0.0,0.0,0.0,0.5,0.3333333333333333,0.0,0.0,0.0,0.0,17.0,14.333333333333334,0.25,0.2222222222222222,1726426800.0,-0.02777777777777779,RED,2025-ev-2,7.0,-0.04672449731527162,113.66666666666667,0.05555555555555555,0.0,0.0,0.0,1.0,1.0,1.0,1.0,1.0,1.238562091503268,1.0586860836586511,39.8,41.6,18.6,18.81
Andrew,McAdorey,RED,Midfield,Midfield,003160,9,2025_game_2,0.0,0.0,0.0,0.0,0.0,0.0,0.0,0.0,0.0,0.0,0.0,0.0,0.0,0.0,0.0,0.0,0.0,0.0,0.0,0.0,0.0,0.0,0.0,OUT,2025-ev-2,7.0,0.04672449731527162,73.0,0.0,0.1111111111111111,0.0,0.0,1.0,1.0,1.0,1.0,1.0,1.0,0.9893709931662422,29.5,49.9,20.6,15.85
Aidan,Danenza,RED,Midfield,Midfield,003156,2,2025_game_2,0.0,0.0,0.0,0.0,0.0,0.0,0.0,0.0,0.0,0.0,0.0,0.0,0.0,0.0,0.0,0.0,0.0,0.0,0.0,0.0,0.0,0.0,0.0,OUT,2025-ev-2,7.0,0.04672449731527162,73.0,0.0,0.1111111111111111,0.0,0.0,1.0,1.0,1.0,1.0,1.0,1.0,0.9893709931662422,29.5,49.9,20.6,15.85
Romar,Dennis,RED,Midfield,Midfield,000305,25,2025_game_2,12.964912280701755,18.0,21.0,4.0,5.333333333333333,0.6140350877192983,1.0,0.0,0.0,0.0,0.0,0.17543859649122806,0.0,0.22807017543859648,0.3333333333333333,0.0,0.0,17.182491228070177,20.333333333333332,0.1730297967140072,0.1619047619047619,1723852800.0,-0.011125034809245288,OUT,2025-ev-2,7.0,0.04672449731527162,73.0,0.0,0.1111111111111111,0.0,0.0,1.0,1.0,1.0,1.0,1.0,1.144017011405374,0.9893709931662422,32.9,48.5,18.7,17.0
Charlie,Bertrand,RED,Midfield,Midfield,001832,20,2025_game_2,15.333333333333334,32.333333333333336,52.0,4.333333333333333,5.333333333333333,0.5384615384615384,0.0,0.0,0.0,0.0,0.0,0.2564102564102564,0.0,0.07692307692307693,0.0,0.0,0.0,19.94348717948718,22.666666666666668,0.30201465201465194,0.5222222222222223,1723852800.0,0.2202075702075703,OUT,2025-ev-2,7.0,0.04672449731527162,73.0,0.0,0.1111111111111111,0.0,0.0,1.0,1.0,1.0,1.0,1.0,0.9099378881987578,0.9893709931662422,38.5,43.3,18.2,18.52
Sam,Handley,RED,Midfield,Midfield,003019,24,2025_game_2,14.95,16.333333333333332,40.0,4.75,4.333333333333333,0.5,0.3333333333333333,0.0,0.0,0.0,0.0,0.55,1.0,0.05,0.0,0.0,0.0,19.8,20.0,0.19226190476190474,0.15,1725316200.0,-0.04226190476190475,OUT,2025-ev-2,7.0,0.04672449731527162,73.0,0.0,0.1111111111111111,0.0,0.0,1.0,1.0,1.0,1.0,1.0,1.0,0.9893709931662422,43.3,40.1,16.5,20.0
Josh,Balcarcel,RED,Midfield,Midfield,003211,15,2025_game_2,0.0,0.0,0.0,0.0,0.0,0.0,0.0,0.0,0.0,0.0,0.0,0.0,0.0,0.0,0.0,0.0,0.0,0.0,0.0,0.0,0.0,0.0,0.0,OUT,2025-ev-2,7.0,0.04672449731527162,73.0,0.0,0.1111111111111111,0.0,0.0,1.0,1.0,1.0,1.0,1.0,1.0,0.9893709931662422,29.5,49.9,20.6,15.85
Bryce,Ford,ARC,Midfield,Midfield,003188,2,2025_game_3,0.0,0.0,0.0,0.0,0.0,0.0,0.0,0.0,0.0,0.0,0.0,0.0,0.0,0.0,0.0,0.0,0.0,0.0,0.0,0.0,0.0,0.0,0.0,WHP,2025-ev-3,7.0,-0.08894740117162847,72.33333333333333,0.05555555555555555,0.0,0.0,0.0,1.0,1.0,1.0,1.0,1.0,1.0,0.8997321701512457,21.7,55.5,22.7,13.52
Grant,Ament,ARC,Midfield,Midfield,000391,35,2025_game_3,22.681818181818183,15.0,8.0,3.8181818181818183,3.0,0.8636363636363636,0.6666666666666666,0.0,0.0,0.0,0.0,1.3636363636363635,1.6666666666666667,0.0,0.0,0.0,0.0,29.545454545454547,35.333333333333336,0.34788961038961036,0.4444444444444444,1726426800.0,0.09655483405483406,WHP,2025-ev-3,7.0,-0.08894740117162847,72.33333333333333,0.05555555555555555,0.0,0.0,0.0,1.0,1.0,1.0,1.0,1.0,0.9875097580015615,0.8997321701512457,45.8,42.2,12.0,21.26
Tom,Schreiber,ARC,Midfield,Midfield,000225,46,2025_game_3,29.866666666666667,29.0,18.0,5.916666666666667,6.333333333333333,1.1166666666666667,2.0,0.0,0.0,0.0,0.0,1.3833333333333333,1.3333333333333333,0.11666666666666667,0.3333333333333333,0.0,0.0,30.53615,26.666666666666668,0.2909289321789321,0.2686868686868687,1723852800.0,-0.022242063492063424,WHP,2025-ev-3,7.0,-0.08894740117162847,72.33333333333333,0.05555555555555555,0.0,0.0,0.0,1.0,1.0,1.0,1.0,1.0,1.086575255102041,0.8997321701512457,48.1,42.6,9.3,22.22
Dyson,Williams,ARC,Midfield,Midfield,003090,7,2025_game_3,9.0,12.0,10.0,2.142857142857143,2.0,0.2857142857142857,0.6666666666666666,0.0,0.0,0.0,0.0,0.0,0.0,0.0,0.0,0.0,0.0,5.0,5.0,0.5523809523809524,0.7222222222222222,1726426800.0,0.1698412698412698,WHP,2025-ev-3,7.0,-0.08894740117162847,72.33333333333333,0.05555555555555555,0.0,0.0,0.0,1.0,1.0,1.0,1.0,1.0,0.9841269841269842,0.8997321701512457,27.7,41.5,30.8,14.02
Matt,Brandau,WHP,Midfield,Midfield,003081,12,2025_game_3,0.0,0.0,0.0,0.0,0.0,0.0,0.0,0.0,0.0,0.0,0.0,0.0,0.0,0.0,0.0,0.0,0.0,0.0,0.0,0.0,0.0,1723933800.0,0.0,ARC,2025-ev-3,7.0,0.08894740117162847,54.333333333333336,0.0,0.1111111111111111,0.0,0.0,1.0,1.0,1.0,1.0,1.0,1.1436781609195403,1.046324575875569,22.4,52.4,25.3,13.38
Levi,Anderson,WHP,Midfield,Midfield,003094,20,2025_game_3,16.1,13.0,0.0,3.9,4.0,0.6,0.0,0.0,0.0,0.0,0.0,0.4,0.0,0.2,0.3333333333333333,0.0,0.0,15.9,10.0,0.2828571428571428,0.14285714285714285,1726426800.0,-0.13999999999999996,ARC,2025-ev-3,7.0,0.08894740117162847,54.333333333333336,0.0,0.1111111111111111,0.0,0.0,1.0,1.0,1.0,1.0,1.0,0.9893522626441881,1.046324575875569,43.2,33.8,23.0,19.12
Brad,Smith,WHP,Midfield,Midfield,000390,20,2025_game_3,22.17241379310345,9.666666666666666,4.0,5.0,4.0,1.1724137931034482,1.0,0.0,0.0,0.0,0.0,0.9655172413793104,0.6666666666666666,0.06896551724137931,0.3333333333333333,0.0,0.0,23.207103448275866,23.0,0.30272304324028465,0.38095238095238093,1693851600.0,0.07822933771209628,ARC,2025-ev-3,7.0,0.08894740117162847,54.333333333333336,0.0,0.1111111111111111,0.0,0.0,1.0,1.0,1.0,1.0,1.0,1.2380050505050504,1.046324575875569,42.6,49.4,8.1,20.95
Adam,Poitras,WHP,Midfield,Midfield,003100,20,2025_game_3,17.9,14.0,23.0,4.3,5.333333333333333,2.6,2.6666666666666665,0.0,0.0,0.0,0.0,0.4,0.3333333333333333,0.2,0.0,0.0,0.0,20.5,22.0,0.30500000000000005,0.20000000000000004,1726426800.0,-0.10500000000000001,ARC,2025-ev-3,7.0,0.08894740117162847,54.333333333333336,0.0,0.1111111111111111,0.0,0.0,1.0,1.0,1.0,1.0,1.0,1.097366320830008,1.046324575875569,36.3,54.0,9.7,19.08
Brett,Makar,ATL,Defense,Defensemen,003009,11,2025_game_1,10.590909090909092,23.666666666666668,45.0,0.22727272727272727,0.0,3.090909090909091,4.0,0.0,0.0,0.0,0.0,0.09090909090909091,0.0,0.7727272727272727,2.0,0.0,0.0,8.318181818181818,8.0,0.0,0.0,1725742800.0,0.0,CHA,2025-ev-1,7.0,0.19082807195187323,79.83333333333333,0.1111111111111111,0.1111111111111111,0.0,0.0,1.0,1.0,1.0,1.0,1.0,0.7412630288166769,1.0014128572082104,36.0,46.2,17.8,13.86
Brett,Makar,ATL,Defense,Defensemen,003009,11,2025_game_4,10.590909090909092,23.666666666666668,45.0,0.22727272727272727,0.0,3.090909090909091,4.0,0.0,0.0,0.0,0.0,0.09090909090909091,0.0,0.7727272727272727,2.0,0.0,0.0,8.318181818181818,8.0,0.0,0.0,1725742800.0,0.0,CHA,2025-ev-1,7.0,0.19082807195187323,79.83333333333333,0.1111111111111111,0.1111111111111111,0.0,0.0,1.0,1.0,1.0,1.0,1.0,0.7412630288166769,1.0014128572082104,36.0,46.2,17.8,13.86
Michael,Rexrode,ATL,Defense,Defensemen,001397,15,2025_game_1,12.829545454545455,10.333333333333334,23.0,0.13636363636363635,0.0,1.75,1.3333333333333333,0.0,0.0,0.0,0.0,0.0,0.0,1.1136363636363635,1.0,0.0,0.0,5.361363636363636,5.0,0.045454545454545456,0.0,1725742800.0,-0.045454545454545456,CHA,2025-ev-1,7.0,0.19082807195187323,79.83333333333333,0.1111111111111111,0.1111111111111111,0.0,0.0,1.0,1.0,1.0,1.0,1.0,0.8819309123117803,1.0014128572082104,35.0,47.9,17.1,13.71
Michael,Rexrode,ATL,Defense,Defensemen,001397,15,2025_game_4,12.829545454545455,10.333333333333334,23.0,0.13636363636363635,0.0,1.75,1.3333333333333333,0.0,0.0,0.0,0.0,0.0,0.0,1.1136363636363635,1.0,0.0,0.0,5.361363636363636,5.0,0.045454545454545456,0.0,1725742800.0,-0.045454545454545456,CHA,2025-ev-1,7.0,0.19082807195187323,79.83333333333333,0.1111111111111111,0.1111111111111111,0.0,0.0,1.0,1.0,1.0,1.0,1.0,0.8819309123117803,1.0014128572082104,35.0,47.9,17.1,13.71
Danny,Logan,ATL,Defense,SSDM,001819,5,2025_game_1,11.448837209302326,4.866666666666667,10.3,0.813953488372093,0.3333333333333333,1.6744186046511629,1.3333333333333333,0.0,0.0,0.2558139534883721,0.6666666666666666,0.20930232558139536,0.3333333333333333,0.46511627906976744,0.0,0.14341085271317827,0.5,7.881395348837208,7.666666666666667,0.2558139534883721,0.0,1725742800.0,-0.2558139534883721,CHA,2025-ev-1,7.0,0.19082807195187323,79.83333333333333,0.1111111111111111,0.1111111111111111,0.0,0.0,1.0,1.0,1.0,1.0,1.0,1.1053016453382085,0.9751261176469785,34.7,46.9,18.4,13.53
Danny,Logan,ATL,Defense,SSDM,001819,5,2025_game_4,11.448837209302326,4.866666666666667,10.3,0.813953488372093,0.3333333333333333,1.6744186046511629,1.3333333333333333,0.0,0.0,0.2558139534883721,0.6666666666666666,0.20930232558139536,0.3333333333333333,0.46511627906976744,0.0,0.14341085271317827,0.5,7.881395348837208,7.666666666666667,0.2558139534883721,0.0,1725742800.0,-0.2558139534883721,CHA,2025-ev-1,7.0,0.19082807195187323,79.83333333333333,0.1111111111111111,0.1111111111111111,0.0,0.0,1.0,1.0,1.0,1.0,1.0,1.1053016453382085,0.9751261176469785,34.7,46.9,18.4,13.53
Koby,Smith,ATL,Defense,SSDM,002019,12,2025_game_4,9.24,3.6666666666666665,0.0,0.88,1.0,1.24,1.3333333333333333,0.0,0.0,0.0,0.0,0.08,0.0,0.4,0.3333333333333333,0.0,0.0,3.96,6.0,0.16,0.0,1725742800.0,-0.16,CHA,2025-ev-1,7.0,0.19082807195187323,79.83333333333333,0.1111111111111111,0.1111111111111111,0.0,0.0,1.0,1.0,1.0,1.0,1.0,0.854978354978355,0.9751261176469785,35.2,44.3,20.6,13.44
Gavin,Adler,ATL,Defense,Defensemen,003008,27,2025_game_1,19.157894736842106,32.0,11.0,0.05263157894736842,0.0,1.4736842105263157,2.0,0.0,0.0,0.0,0.0,0.05263157894736842,0.3333333333333333,1.5789473684210527,2.3333333333333335,0.0,0.0,6.684210526315789,8.0,0.05263157894736842,0.0,1725742800.0,-0.05263157894736842,CHA,2025-ev-1,7.0,0.19082807195187323,79.83333333333333,0.1111111111111111,0.1111111111111111,0.0,0.0,1.0,1.0,1.0,1.0,1.0,1.08712715855573,1.0014128572082104,34.7,47.1,18.2,13.55
Gavin,Adler,ATL,Defense,Defensemen,003008,27,2025_game_4,19.157894736842106,32.0,11.0,0.05263157894736842,0.0,1.4736842105263157,2.0,0.0,0.0,0.0,0.0,0.05263157894736842,0.3333333333333333,1.5789473684210527,2.3333333333333335,0.0,0.0,6.684210526315789,8.0,0.05263157894736842,0.0,1725742800.0,-0.05263157894736842,CHA,2025-ev-1,7.0,0.19082807195187323,79.83333333333333,0.1111111111111111,0.1111111111111111,0.0,0.0,1.0,1.0,1.0,1.0,1.0,1.08712715855573,1.0014128572082104,34.7,47.1,18.2,13.55
Chet,Comizio,ATL,Defense,SSDM,003039,7,2025_game_1,7.631578947368421,5.0,2.0,0.631578947368421,1.0,1.5789473684210527,1.3333333333333333,0.0,0.0,0.0,0.0,0.10526315789473684,0.0,0.42105263157894735,0.6666666666666666,0.0,0.0,7.947368421052632,8.333333333333334,0.21052631578947367,0.0,1725742800.0,-0.21052631578947367,CHA,2025-ev-1,7.0,0.19082807195187323,79.83333333333333,0.1111111111111111,0.1111111111111111,0.0,0.0,1.0,1.0,1.0,1.0,1.0,0.9763546798029556,0.9751261176469785,34.7,46.9,18.4,13.53
Chet,Comizio,ATL,Defense,SSDM,003039,7,2025_game_4,7.631578947368421,5.0,2.0,0.631578947368421,1.0,1.5789473684210527,1.3333333333333333,0.0,0.0,0.0,0.0,0.10526315789473684,0.0,0.42105263157894735,0.6666666666666666,0.0,0.0,7.947368421052632,8.333333333333334,0.21052631578947367,0.0,1725742800.0,-0.21052631578947367,CHA,2025-ev-1,7.0,0.19082807195187323,79.83333333333333,0.1111111111111111,0.1111111111111111,0.0,0.0,1.0,1.0,1.0,1.0,1.0,0.9763546798029556,0.9751261176469785,34.7,46.9,18.4,13.53
Tyler,Carpenter,ATL,Defense,SSDM,003099,18,2025_game_1,15.181818181818182,14.0,11.0,0.7272727272727273,0.3333333333333333,3.8181818181818183,1.6666666666666667,0.0,0.0,0.0,0.0,0.09090909090909091,0.3333333333333333,0.6363636363636364,0.3333333333333333,0.0,0.0,8.090909090909092,7.0,0.2727272727272727,0.3333333333333333,1725742800.0,0.06060606060606061,CHA,2025-ev-1,7.0,0.19082807195187323,79.83333333333333,0.1111111111111111,0.1111111111111111,0.0,0.0,1.0,1.0,1.0,1.0,1.0,1.3712574850299402,0.9751261176469785,34.7,46.8,18.5,13.52
Tyler,Carpenter,ATL,Defense,SSDM,003099,18,2025_game_4,15.181818181818182,14.0,11.0,0.7272727272727273,0.3333333333333333,3.8181818181818183,1.6666666666666667,0.0,0.0,0.0,0.0,0.09090909090909091,0.3333333333333333,0.6363636363636364,0.3333333333333333,0.0,0.0,8.090909090909092,7.0,0.2727272727272727,0.3333333333333333,1725742800.0,0.06060606060606061,CHA,2025-ev-1,7.0,0.19082807195187323,79.83333333333333,0.1111111111111111,0.1111111111111111,0.0,0.0,1.0,1.0,1.0,1.0,1.0,1.3712574850299402,0.9751261176469785,34.7,46.8,18.5,13.52
Jack,Rowlett,CHA,Defense,Defensemen,000365,20,2025_game_1,12.5671875,11.666666666666666,20.0,0.25,0.3333333333333333,1.484375,1.6666666666666667,0.0,0.0,0.09375,0.0,0.0625,0.0,1.078125,1.0,0.03160919540229885,0.0,6.303125,5.333333333333333,0.03125,0.0,1725751800.0,-0.03125,ATL,2025-ev-1,7.0,-0.19082807195187323,83.5,0.1111111111111111,0.1111111111111111,0.0,0.0,1.0,1.0,1.0,1.0,1.0,0.8244746984955863,1.016973375446445,33.2,48.3,18.6,13.2
Jack,Posey,CHA,Defense,Defensemen,003128,3,2025_game_1,2.2,4.333333333333333,0.0,0.0,0.0,0.8,1.0,0.0,0.0,0.0,0.0,0.0,0.0,0.2,0.3333333333333333,0.0,0.0,3.4,1.6666666666666667,0.0,0.0,1725751800.0,0.0,ATL,2025-ev-1,7.0,-0.19082807195187323,83.5,0.1111111111111111,0.1111111111111111,0.0,0.0,1.0,1.0,1.0,1.0,1.0,1.0,1.016973375446445,28.3,48.9,22.9,11.78
Mark,Glicini,CHA,Defense,SSDM,000275,8,2025_game_1,4.085714285714285,4.333333333333333,11.0,0.17142857142857143,0.3333333333333333,1.1428571428571428,1.0,0.0,0.0,0.0,0.0,0.02857142857142857,0.0,0.3142857142857143,0.3333333333333333,0.0,0.0,5.085714285714285,4.0,0.02857142857142857,0.0,1722115800.0,-0.02857142857142857,ATL,2025-ev-1,7.0,-0.19082807195187323,83.5,0.1111111111111111,0.1111111111111111,0.0,0.0,1.0,1.0,1.0,1.0,1.0,0.8905502392344498,1.2127118265626178,31.7,48.2,20.1,12.74
Levi,Verch,CHA,Defense,SSDM,003171,5,2025_game_1,0.0,0.0,0.0,0.0,0.0,0.0,0.0,0.0,0.0,0.0,0.0,0.0,0.0,0.0,0.0,0.0,0.0,0.0,0.0,0.0,0.0,0.0,0.0,ATL,2025-ev-1,7.0,-0.19082807195187323,83.5,0.1111111111111111,0.1111111111111111,0.0,0.0,1.0,1.0,1.0,1.0,1.0,1.0,1.2127118265626178,10.3,72.9,16.7,8.5
Jarrod,Neumann,CHA,Defense,Defensemen,000269,6,2025_game_1,9.805970149253731,12.666666666666666,10.0,0.7164179104477612,0.6666666666666666,1.626865671641791,2.6666666666666665,0.0,0.0,0.0,0.0,0.04477611940298507,0.0,0.6716417910447762,1.0,0.0,0.0,5.723880597014926,7.0,0.04353233830845771,0.0,1725751800.0,-0.04353233830845771,ATL,2025-ev-1,7.0,-0.19082807195187323,83.5,0.1111111111111111,0.1111111111111111,0.0,0.0,1.0,1.0,1.0,1.0,1.0,0.7480974124809742,1.016973375446445,35.2,47.5,17.2,13.73
Ray,Dearth,CHA,Defense,SSDM,003212,15,2025_game_1,0.0,0.0,0.0,0.0,0.0,0.0,0.0,0.0,0.0,0.0,0.0,0.0,0.0,0.0,0.0,0.0,0.0,0.0,0.0,0.0,0.0,0.0,0.0,ATL,2025-ev-1,7.0,-0.19082807195187323,83.5,0.1111111111111111,0.1111111111111111,0.0,0.0,1.0,1.0,1.0,1.0,1.0,1.0,1.2127118265626178,10.3,72.9,16.7,8.5
Troy,Reh,CHA,Defense,SSDM,000281,11,2025_game_1,11.818181818181818,18.333333333333332,2.0,0.6666666666666666,0.0,2.3333333333333335,5.0,0.0,0.0,0.0,0.0,0.045454545454545456,0.0,0.7878787878787878,1.3333333333333333,0.0,0.0,7.257575757575758,10.0,0.11363636363636363,0.0,1725751800.0,-0.11363636363636363,ATL,2025-ev-1,7.0,-0.19082807195187323,83.5,0.1111111111111111,0.1111111111111111,0.0,0.0,1.0,1.0,1.0,1.0,1.0,1.3544871794871796,1.2127118265626178,35.0,48.1,16.9,13.72
Brett,Makar,ATL,Defense,Defensemen,003009,11,2025_game_1,10.590909090909092,23.666666666666668,45.0,0.22727272727272727,0.0,3.090909090909091,4.0,0.0,0.0,0.0,0.0,0.09090909090909091,0.0,0.7727272727272727,2.0,0.0,0.0,8.318181818181818,8.0,0.0,0.0,1725742800.0,0.0,CAN,2025-ev-4,7.0,0.29834215332740127,86.0,0.1111111111111111,0.0,0.0,0.0,1.0,1.0,1.0,1.0,1.0,0.9343347639484978,1.1173152501015429,37.7,49.1,13.2,14.63
Brett,Makar,ATL,Defense,Defensemen,003009,11,2025_game_4,10.590909090909092,23.666666666666668,45.0,0.22727272727272727,0.0,3.090909090909091,4.0,0.0,0.0,0.0,0.0,0.09090909090909091,0.0,0.7727272727272727,2.0,0.0,0.0,8.318181818181818,8.0,0.0,0.0,1725742800.0,0.0,CAN,2025-ev-4,7.0,0.29834215332740127,86.0,0.1111111111111111,0.0,0.0,0.0,1.0,1.0,1.0,1.0,1.0,0.9343347639484978,1.1173152501015429,37.7,49.1,13.2,14.63
Michael,Rexrode,ATL,Defense,Defensemen,001397,15,2025_game_1,12.829545454545455,10.333333333333334,23.0,0.13636363636363635,0.0,1.75,1.3333333333333333,0.0,0.0,0.0,0.0,0.0,0.0,1.1136363636363635,1.0,0.0,0.0,5.361363636363636,5.0,0.045454545454545456,0.0,1725742800.0,-0.045454545454545456,CAN,2025-ev-4,7.0,0.29834215332740127,86.0,0.1111111111111111,0.0,0.0,0.0,1.0,1.0,1.0,1.0,1.0,1.3871314690623815,1.1173152501015429,37.6,48.9,13.5,14.58
Michael,Rexrode,ATL,Defense,Defensemen,001397,15,2025_game_4,12.829545454545455,10.333333333333334,23.0,0.13636363636363635,0.0,1.75,1.3333333333333333,0.0,0.0,0.0,0.0,0.0,0.0,1.1136363636363635,1.0,0.0,0.0,5.361363636363636,5.0,0.045454545454545456,0.0,1725742800.0,-0.045454545454545456,CAN,2025-ev-4,7.0,0.29834215332740127,86.0,0.1111111111111111,0.0,0.0,0.0,1.0,1.0,1.0,1.0,1.0,1.3871314690623815,1.1173152501015429,37.6,48.9,13.5,14.58
Danny,Logan,ATL,Defense,SSDM,001819,5,2025_game_1,11.448837209302326,4.866666666666667,10.3,0.813953488372093,0.3333333333333333,1.6744186046511629,1.3333333333333333,0.0,0.0,0.2558139534883721,0.6666666666666666,0.20930232558139536,0.3333333333333333,0.46511627906976744,0.0,0.14341085271317827,0.5,7.881395348837208,7.666666666666667,0.2558139534883721,0.0,1725742800.0,-0.2558139534883721,CAN,2025-ev-4,7.0,0.29834215332740127,86.0,0.1111111111111111,0.0,0.0,0.0,1.0,1.0,1.0,1.0,1.0,1.0908418211891706,1.0157452173594343,33.3,46.6,20.0,13.08
Danny,Logan,ATL,Defense,SSDM,001819,5,2025_game_4,11.448837209302326,4.866666666666667,10.3,0.813953488372093,0.3333333333333333,1.6744186046511629,1.3333333333333333,0.0,0.0,0.2558139534883721,0.6666666666666666,0.20930232558139536,0.3333333333333333,0.46511627906976744,0.0,0.14341085271317827,0.5,7.881395348837208,7.666666666666667,0.2558139534883721,0.0,1725742800.0,-0.2558139534883721,CAN,2025-ev-4,7.0,0.29834215332740127,86.0,0.1111111111111111,0.0,0.0,0.0,1.0,1.0,1.0,1.0,1.0,1.0908418211891706,1.0157452173594343,33.3,46.6,20.0,13.08
Koby,Smith,ATL,Defense,SSDM,002019,12,2025_game_4,9.24,3.6666666666666665,0.0,0.88,1.0,1.24,1.3333333333333333,0.0,0.0,0.0,0.0,0.08,0.0,0.4,0.3333333333333333,0.0,0.0,3.96,6.0,0.16,0.0,1725742800.0,-0.16,CAN,2025-ev-4,7.0,0.29834215332740127,86.0,0.1111111111111111,0.0,0.0,0.0,1.0,1.0,1.0,1.0,1.0,1.3284632034632033,1.0157452173594343,29.5,31.8,38.6,10.61
Gavin,Adler,ATL,Defense,Defensemen,003008,27,2025_game_1,19.157894736842106,32.0,11.0,0.05263157894736842,0.0,1.4736842105263157,2.0,0.0,0.0,0.0,0.0,0.05263157894736842,0.3333333333333333,1.5789473684210527,2.3333333333333335,0.0,0.0,6.684210526315789,8.0,0.05263157894736842,0.0,1725742800.0,-0.05263157894736842,CAN,2025-ev-4,7.0,0.29834215332740127,86.0,0.1111111111111111,0.0,0.0,0.0,1.0,1.0,1.0,1.0,1.0,0.7063492063492063,1.1173152501015429,38.6,43.9,17.5,14.43
Gavin,Adler,ATL,Defense,Defensemen,003008,27,2025_game_4,19.157894736842106,32.0,11.0,0.05263157894736842,0.0,1.4736842105263157,2.0,0.0,0.0,0.0,0.0,0.05263157894736842,0.3333333333333333,1.5789473684210527,2.3333333333333335,0.0,0.0,6.684210526315789,8.0,0.05263157894736842,0.0,1725742800.0,-0.05263157894736842,CAN,2025-ev-4,7.0,0.29834215332740127,86.0,0.1111111111111111,0.0,0.0,0.0,1.0,1.0,1.0,1.0,1.0,0.7063492063492063,1.1173152501015429,38.6,43.9,17.5,14.43
Chet,Comizio,ATL,Defense,SSDM,003039,7,2025_game_1,7.631578947368421,5.0,2.0,0.631578947368421,1.0,1.5789473684210527,1.3333333333333333,0.0,0.0,0.0,0.0,0.10526315789473684,0.0,0.42105263157894735,0.6666666666666666,0.0,0.0,7.947368421052632,8.333333333333334,0.21052631578947367,0.0,1725742800.0,-0.21052631578947367,CAN,2025-ev-4,7.0,0.29834215332740127,86.0,0.1111111111111111,0.0,0.0,0.0,1.0,1.0,1.0,1.0,1.0,1.4509578544061301,1.0157452173594343,30.3,34.9,34.8,11.13
Chet,Comizio,ATL,Defense,SSDM,003039,7,2025_game_4,7.631578947368421,5.0,2.0,0.631578947368421,1.0,1.5789473684210527,1.3333333333333333,0.0,0.0,0.0,0.0,0.10526315789473684,0.0,0.42105263157894735,0.6666666666666666,0.0,0.0,7.947368421052632,8.333333333333334,0.21052631578947367,0.0,1725742800.0,-0.21052631578947367,CAN,2025-ev-4,7.0,0.29834215332740127,86.0,0.1111111111111111,0.0,0.0,0.0,1.0,1.0,1.0,1.0,1.0,1.4509578544061301,1.0157452173594343,30.3,34.9,34.8,11.13
Tyler,Carpenter,ATL,Defense,SSDM,003099,18,2025_game_1,15.181818181818182,14.0,11.0,0.7272727272727273,0.3333333333333333,3.8181818181818183,1.6666666666666667,0.0,0.0,0.0,0.0,0.09090909090909091,0.3333333333333333,0.6363636363636364,0.3333333333333333,0.0,0.0,8.090909090909092,7.0,0.2727272727272727,0.3333333333333333,1725742800.0,0.06060606060606061,CAN,2025-ev-4,7.0,0.29834215332740127,86.0,0.1111111111111111,0.0,0.0,0.0,1.0,1.0,1.0,1.0,1.0,0.7331052181351583,1.0157452173594343,35.0,46.8,18.2,13.61
Tyler,Carpenter,ATL,Defense,SSDM,003099,18,2025_game_4,15.181818181818182,14.0,11.0,0.7272727272727273,0.3333333333333333,3.8181818181818183,1.6666666666666667,0.0,0.0,0.0,0.0,0.09090909090909091,0.3333333333333333,0.6363636363636364,0.3333333333333333,0.0,0.0,8.090909090909092,7.0,0.2727272727272727,0.3333333333333333,1725742800.0,0.06060606060606061,CAN,2025-ev-4,7.0,0.29834215332740127,86.0,0.1111111111111111,0.0,0.0,0.0,1.0,1.0,1.0,1.0,1.0,0.7331052181351583,1.0157452173594343,35.0,46.8,18.2,13.61
Jack,Kielty,CAN,Defense,Defensemen,001817,4,2025_game_4,9.34375,17.666666666666668,12.0,0.09375,0.0,1.53125,2.6666666666666665,0.0,0.0,0.0,0.0,0.0,0.0,0.8125,1.3333333333333333,0.0,0.0,7.06875,10.333333333333334,0.0,0.0,1694381400.0,0.0,ATL,2025-ev-4,7.0,-0.29834215332740127,83.5,0.0,0.1111111111111111,0.0,0.0,1.0,1.0,1.0,1.0,1.0,1.1925863991081382,1.016973375446445,34.3,44.5,21.2,13.19
Ethan,Rall,CAN,Defense,SSDM,003041,15,2025_game_4,18.068181818181817,20.333333333333332,1.0,0.4090909090909091,0.6666666666666666,3.0454545454545454,3.0,0.0,0.0,0.45454545454545453,0.0,0.045454545454545456,0.0,1.5454545454545454,1.6666666666666667,0.1863628748585123,0.3,4.5,4.0,0.13636363636363635,0.0,1725307200.0,-0.13636363636363635,ATL,2025-ev-4,7.0,-0.29834215332740127,83.5,0.0,0.1111111111111111,0.0,0.0,1.0,1.0,1.0,1.0,1.0,0.8630691823899371,1.2127118265626178,41.0,49.1,9.9,15.62
Garrett,Epple,CAN,Defense,Defensemen,000315,33,2025_game_4,21.365079365079364,7.666666666666667,2.0,0.23809523809523808,0.3333333333333333,2.4126984126984126,2.0,0.0,0.0,0.0,0.0,0.031746031746031744,0.0,1.8095238095238095,0.6666666666666666,0.0,0.0,8.08095238095238,11.0,0.05555555555555555,0.0,1725307200.0,-0.05555555555555555,ATL,2025-ev-4,7.0,-0.29834215332740127,83.5,0.0,0.1111111111111111,0.0,0.0,1.0,1.0,1.0,1.0,1.0,1.141505695889054,1.016973375446445,38.3,43.2,18.6,14.28
Owen,Grant,CAN,Defense,SSDM,003023,5,2025_game_4,14.0,19.666666666666668,11.0,2.0,1.6666666666666667,1.0,1.3333333333333333,0.0,0.0,0.0,0.0,0.0,0.0,0.8,1.0,0.0,0.0,4.8,5.0,0.3,0.5,1694372400.0,0.2,ATL,2025-ev-4,7.0,-0.29834215332740127,83.5,0.0,0.1111111111111111,0.0,0.0,1.0,1.0,1.0,1.0,1.0,1.2678571428571428,1.2127118265626178,34.4,46.6,19.0,13.41
Zach,Goodrich,CAN,Defense,SSDM,001671,4,2025_game_4,7.976744186046512,6.833333333333333,0.0,0.27906976744186046,0.3333333333333333,0.9069767441860465,0.3333333333333333,0.0,0.0,0.11627906976744186,0.0,0.06976744186046512,0.0,0.6744186046511628,0.6666666666666666,0.03986710963455149,0.0,5.953488372093023,3.3333333333333335,0.011627906976744186,0.0,1725307200.0,-0.011627906976744186,ATL,2025-ev-4,7.0,-0.29834215332740127,83.5,0.0,0.1111111111111111,0.0,0.0,1.0,1.0,1.0,1.0,1.0,1.0045605997501041,1.2127118265626178,23.5,58.3,18.2,11.17
Bryce,Young,CAN,Defense,Defensemen,000337,14,2025_game_4,11.984126984126984,27.666666666666668,36.0,0.19047619047619047,0.0,1.9523809523809523,2.0,0.0,0.0,0.0,0.0,0.047619047619047616,0.0,0.9523809523809523,2.3333333333333335,0.0,0.0,6.238095238095238,7.666666666666667,0.047619047619047616,0.0,1725307200.0,-0.047619047619047616,ATL,2025-ev-4,7.0,-0.29834215332740127,83.5,0.0,0.1111111111111111,0.0,0.0,1.0,1.0,1.0,1.0,1.0,1.012771996215705,1.016973375446445,31.0,49.6,19.4,12.65
Ben,Ramsey,CAN,Defense,SSDM,003184,2,2025_game_4,0.0,0.0,0.0,0.0,0.0,0.0,0.0,0.0,0.0,0.0,0.0,0.0,0.0,0.0,0.0,0.0,0.0,0.0,0.0,0.0,0.0,0.0,0.0,ATL,2025-ev-4,7.0,-0.29834215332740127,83.5,0.0,0.1111111111111111,0.0,0.0,1.0,1.0,1.0,1.0,1.0,1.0,1.2127118265626178,25.2,61.7,13.1,11.99
Jeff,Trainor,CAN,Defense,SSDM,001826,18,2025_game_4,12.956521739130435,6.0,1.0,1.0434782608695652,1.0,1.0869565217391304,1.3333333333333333,0.0,0.0,0.0,0.0,0.2608695652173913,0.3333333333333333,0.6086956521739131,0.3333333333333333,0.0,0.0,8.217391304347826,10.0,0.18478260869565216,0.0,1725307200.0,-0.18478260869565216,ATL,2025-ev-4,7.0,-0.29834215332740127,83.5,0.0,0.1111111111111111,0.0,0.0,1.0,1.0,1.0,1.0,1.0,1.4143977849561604,1.2127118265626178,34.9,46.8,18.3,13.58
Nick,Grill,OUT,Defense,SSDM,001839,7,2025_game_2,6.893939393939394,9.333333333333334,0.0,0.030303030303030304,0.0,1.2424242424242424,2.6666666666666665,0.0,0.0,0.0,0.0,0.030303030303030304,0.0,0.5757575757575758,0.6666666666666666,0.0,0.0,3.466666666666667,4.0,0.0,0.0,1725316200.0,0.0,RED,2025-ev-2,7.0,-0.04672449731527162,64.83333333333333,0.05555555555555555,0.0,0.0,0.0,1.0,1.0,1.0,1.0,1.0,0.8244505494505494,1.0313854527428916,33.8,46.1,20.1,13.18
Michael,Manley,OUT,Defense,Defensemen,000302,15,2025_game_2,13.11111111111111,11.666666666666666,4.0,0.7592592592592593,0.3333333333333333,2.0925925925925926,2.6666666666666665,0.0,0.0,0.0,0.0,0.09259259259259259,0.0,0.9629629629629629,1.0,0.0,0.0,7.9222222222222225,5.0,0.10185185185185185,0.0,1725316200.0,-0.10185185185185185,RED,2025-ev-2,7.0,-0.04672449731527162,64.83333333333333,0.05555555555555555,0.0,0.0,0.0,1.0,1.0,1.0,1.0,1.0,0.8606403013182674,0.8816595593015025,36.1,49.4,14.5,14.17
Ryan,Terefenko,OUT,Defense,SSDM,001820,8,2025_game_2,9.487804878048781,5.166666666666667,2.0,0.926829268292683,0.0,1.9268292682926829,2.0,0.0,0.0,0.0,0.0,0.2926829268292683,0.3333333333333333,0.3902439024390244,0.3333333333333333,0.0,0.0,10.87560975609756,11.333333333333334,0.2276422764227642,0.0,1725316200.0,-0.2276422764227642,RED,2025-ev-2,7.0,-0.04672449731527162,64.83333333333333,0.05555555555555555,0.0,0.0,0.0,1.0,1.0,1.0,1.0,1.0,1.1283510833639367,1.0313854527428916,34.8,45.5,19.7,13.43
Jesse,Bernhardt,OUT,Defense,Defensemen,000405,19,2025_game_2,13.529411764705882,18.333333333333332,45.0,0.3235294117647059,1.0,1.8823529411764706,0.0,0.0,0.0,0.0,0.0,0.17647058823529413,0.0,0.9705882352941176,1.3333333333333333,0.0,0.0,8.264705882352942,9.333333333333334,0.00980392156862745,0.1111111111111111,1725316200.0,0.10130718954248366,RED,2025-ev-2,7.0,-0.04672449731527162,64.83333333333333,0.05555555555555555,0.0,0.0,0.0,1.0,1.0,1.0,1.0,1.0,0.8304347826086956,0.8816595593015025,35.8,46.3,18.0,13.8
Zach,Geddes,OUT,Defense,SSDM,002022,13,2025_game_2,9.362068965517242,2.0,5.0,1.0689655172413792,1.3333333333333333,1.5862068965517242,0.6666666666666666,0.0,0.0,0.0,0.0,0.13793103448275862,0.0,0.41379310344827586,0.0,0.0,0.0,7.448275862068965,8.666666666666666,0.16206896551724134,0.3333333333333333,1725751800.0,0.17126436781609197,RED,2025-ev-2,7.0,-0.04672449731527162,64.83333333333333,0.05555555555555555,0.0,0.0,0.0,1.0,1.0,1.0,1.0,1.0,0.9329343155310006,1.0313854527428916,34.6,47.5,17.9,13.55
Alexander,Smith,OUT,Defense,SSDM,002074,3,2025_game_2,3.361111111111111,2.0,-3.0,0.05555555555555555,0.0,0.8888888888888888,0.6666666666666666,0.0,0.0,0.0,0.0,0.05555555555555555,0.0,0.2777777777777778,0.3333333333333333,0.0,0.0,5.055555555555555,5.0,0.0,0.0,1725316200.0,0.0,RED,2025-ev-2,7.0,-0.04672449731527162,64.83333333333333,0.05555555555555555,0.0,0.0,0.0,1.0,1.0,1.0,1.0,1.0,1.0,1.0313854527428916,31.4,50.2,18.4,12.83
Jake,Piseno,OUT,Defense,SSDM,003083,10,2025_game_2,9.727272727272727,9.333333333333334,2.0,1.0909090909090908,0.3333333333333333,2.909090909090909,2.6666666666666665,0.0,0.0,0.0,0.0,0.09090909090909091,0.0,0.6363636363636364,0.6666666666666666,0.0,0.0,8.0,5.666666666666667,0.0303030303030303,0.0,1725316200.0,-0.0303030303030303,RED,2025-ev-2,7.0,-0.04672449731527162,64.83333333333333,0.05555555555555555,0.0,0.0,0.0,1.0,1.0,1.0,1.0,1.0,1.0520694259012018,1.0313854527428916,35.8,50.6,13.5,14.19
JT,Giles-Harris,OUT,Defense,Defensemen,001811,11,2025_game_2,9.838709677419354,0.6666666666666666,0.0,0.03225806451612903,0.0,1.6129032258064515,0.6666666666666666,0.0,0.0,0.0,0.0,0.0,0.0,0.8709677419354839,0.0,0.0,0.0,8.290322580645162,5.0,0.0,0.0,1725316200.0,0.0,RED,2025-ev-2,7.0,-0.04672449731527162,64.83333333333333,0.05555555555555555,0.0,0.0,0.0,1.0,1.0,1.0,1.0,1.0,0.9756440281030445,0.8816595593015025,31.3,49.9,18.8,12.77
Chris,Conlin,RED,Defense,Defensemen,003109,11,2025_game_2,12.11111111111111,20.0,36.0,0.0,0.0,1.8888888888888888,1.6666666666666667,0.0,0.0,0.0,0.0,0.0,0.0,1.0,1.6666666666666667,0.0,0.0,8.333333333333334,9.0,0.0,0.0,1723852800.0,0.0,OUT,2025-ev-2,7.0,0.04672449731527162,65.86666666666667,0.0,0.1111111111111111,0.0,0.0,1.0,1.0,1.0,1.0,1.0,1.1035386631716908,0.9606846821848178,34.6,47.1,18.3,13.51
Chris,Fake,RED,Defense,Defensemen,003029,4,2025_game_2,4.636363636363637,1.3333333333333333,0.0,0.45454545454545453,0.3333333333333333,1.1818181818181819,1.3333333333333333,0.0,0.0,0.0,0.0,0.0,0.0,0.2727272727272727,0.0,0.0,0.0,6.818181818181818,6.0,0.09090909090909091,0.0,1723852800.0,-0.09090909090909091,OUT,2025-ev-2,7.0,0.04672449731527162,65.86666666666667,0.0,0.1111111111111111,0.0,0.0,1.0,1.0,1.0,1.0,1.0,1.0,0.9606846821848178,36.6,48.9,14.5,14.28
Chris,Merle,RED,Defense,SSDM,002054,20,2025_game_2,12.555555555555555,22.333333333333332,21.0,0.5555555555555556,1.6666666666666667,1.7777777777777777,2.6666666666666665,0.0,0.0,0.0,0.0,0.05555555555555555,0.0,0.9444444444444444,2.0,0.0,0.0,7.055555555555555,8.333333333333334,0.16666666666666666,0.0,1723852800.0,-0.16666666666666666,OUT,2025-ev-2,7.0,0.04672449731527162,65.86666666666667,0.0,0.1111111111111111,0.0,0.0,1.0,1.0,1.0,1.0,1.0,0.9759797724399495,1.0616297881016752,34.3,45.0,20.7,13.24
Arden,Cohen,RED,Defense,SSDM,002017,13,2025_game_2,8.272727272727273,13.333333333333334,13.0,0.06060606060606061,0.0,1.878787878787879,4.333333333333333,0.0,0.0,0.0,0.0,0.030303030303030304,0.0,0.6666666666666666,1.0,0.0,0.0,4.787878787878788,6.666666666666667,0.030303030303030304,0.0,1723852800.0,-0.030303030303030304,OUT,2025-ev-2,7.0,0.04672449731527162,65.86666666666667,0.0,0.1111111111111111,0.0,0.0,1.0,1.0,1.0,1.0,1.0,1.335949764521193,1.0616297881016752,38.8,45.0,16.3,14.59
Carter,Rice,RED,Defense,SSDM,003185,2,2025_game_2,0.0,0.0,0.0,0.0,0.0,0.0,0.0,0.0,0.0,0.0,0.0,0.0,0.0,0.0,0.0,0.0,0.0,0.0,0.0,0.0,0.0,0.0,0.0,OUT,2025-ev-2,7.0,0.04672449731527162,65.86666666666667,0.0,0.1111111111111111,0.0,0.0,1.0,1.0,1.0,1.0,1.0,1.0,1.0616297881016752,37.3,48.5,14.1,14.45
BJ,Farrare,RED,Defense,SSDM,003059,16,2025_game_2,16.0,16.0,10.0,0.0,0.0,1.0,1.0,0.0,0.0,0.0,0.0,0.5,0.5,1.0,1.0,0.0,0.0,3.0,3.0,0.0,0.0,1723852800.0,0.0,OUT,2025-ev-2,7.0,0.04672449731527162,65.86666666666667,0.0,0.1111111111111111,0.0,0.0,1.0,1.0,1.0,1.0,1.0,0.0,1.0616297881016752,35.1,44.0,20.9,13.39
Brian,Tevlin,RED,Defense,SSDM,003024,19,2025_game_2,12.373684210526315,20.166666666666668,2.5,1.263157894736842,2.0,2.263157894736842,4.333333333333333,0.0,0.0,0.10526315789473684,0.0,0.05263157894736842,0.0,0.9473684210526315,1.6666666666666667,0.1111111111111111,0.0,10.736842105263158,14.0,0.08947368421052632,0.0,1723852800.0,-0.08947368421052632,OUT,2025-ev-2,7.0,0.04672449731527162,65.86666666666667,0.0,0.1111111111111111,0.0,0.0,1.0,1.0,1.0,1.0,1.0,0.7794555508294343,1.0616297881016752,37.7,44.5,17.7,14.22
Jared,Conners,RED,Defense,SSDM,001813,9,2025_game_2,9.114285714285714,3.0,3.0,0.7142857142857143,0.6666666666666666,2.261904761904762,3.0,0.0,0.0,0.023809523809523808,0.0,0.14285714285714285,0.0,0.5952380952380952,0.0,0.06756756756756757,0.0,6.345238095238095,5.666666666666667,0.07142857142857142,0.0,1723852800.0,-0.07142857142857142,OUT,2025-ev-2,7.0,0.04672449731527162,65.86666666666667,0.0,0.1111111111111111,0.0,0.0,1.0,1.0,1.0,1.0,1.0,1.0904612628750558,1.0616297881016752,38.0,47.5,14.5,14.58
Patrick,Resch,ARC,Defense,SSDM,000279,7,2025_game_1,7.625,6.666666666666667,1.0,0.2708333333333333,0.0,1.25,1.0,0.0,0.0,0.0,0.0,0.1875,0.0,0.4583333333333333,0.6666666666666666,0.0,0.0,7.5125,10.333333333333334,0.0625,0.0,1725751800.0,-0.0625,WHP,2025-ev-3,7.0,-0.08894740117162847,65.76666666666667,0.05555555555555555,0.0,0.0,0.0,1.0,1.0,1.0,1.0,1.0,0.5282112845138056,0.8770037087031111,34.5,47.3,18.2,13.5
Graeme,Hossack,ARC,Defense,Defensemen,000922,16,2025_game_3,16.71627906976744,15.333333333333334,13.0,0.37209302325581395,0.6666666666666666,3.2790697674418605,2.0,0.0,0.0,0.37209302325581395,0.0,0.023255813953488372,0.0,1.302325581395349,0.6666666666666666,0.38759689922480617,1.0,7.53953488372093,6.333333333333333,0.023255813953488372,0.3333333333333333,1726426800.0,0.31007751937984496,WHP,2025-ev-3,7.0,-0.08894740117162847,65.76666666666667,0.05555555555555555,0.0,0.0,0.0,1.0,1.0,1.0,1.0,1.0,1.0428028195140049,1.0411746176616494,38.4,44.1,17.4,14.39
Beau,Pederson,ARC,Defense,SSDM,003087,5,2025_game_3,6.066666666666666,10.766666666666666,14.0,0.25,0.3333333333333333,1.0833333333333333,2.0,0.0,0.0,0.08333333333333333,0.3333333333333333,0.08333333333333333,0.0,0.4166666666666667,0.6666666666666666,0.027777777777777776,0.1111111111111111,6.583333333333333,7.0,0.08333333333333333,0.3333333333333333,1726426800.0,0.25,WHP,2025-ev-3,7.0,-0.08894740117162847,65.76666666666667,0.05555555555555555,0.0,0.0,0.0,1.0,1.0,1.0,1.0,1.0,1.3029827315541602,0.8770037087031111,31.3,49.3,19.4,12.72
Mason,Woodward,ARC,Defense,SSDM,003082,20,2025_game_3,18.833333333333332,28.0,33.0,1.0833333333333333,1.6666666666666667,2.1666666666666665,3.0,0.0,0.0,0.0,0.0,0.0,0.0,1.0,1.3333333333333333,0.0,0.0,9.75,11.333333333333334,0.3333333333333333,0.5,1726426800.0,0.16666666666666669,WHP,2025-ev-3,7.0,-0.08894740117162847,65.76666666666667,0.05555555555555555,0.0,0.0,0.0,1.0,1.0,1.0,1.0,1.0,1.048040455120101,0.8770037087031111,33.3,48.5,18.3,13.25
Warren,Jeffrey,ARC,Defense,Defensemen,001661,6,2025_game_3,7.575757575757576,7.333333333333333,2.0,0.0,0.0,1.3333333333333333,1.6666666666666667,0.0,0.0,0.0,0.0,0.06060606060606061,0.0,0.6363636363636364,0.6666666666666666,0.0,0.0,4.799999999999999,3.6666666666666665,0.0,0.0,1726426800.0,0.0,WHP,2025-ev-3,7.0,-0.08894740117162847,65.76666666666667,0.05555555555555555,0.0,0.0,0.0,1.0,1.0,1.0,1.0,1.0,0.8145454545454545,1.0411746176616494,33.7,44.1,22.2,12.98
Brendan,Lavelle,ARC,Defense,Defensemen,003163,6,2025_game_3,0.0,0.0,0.0,0.0,0.0,0.0,0.0,0.0,0.0,0.0,0.0,0.0,0.0,0.0,0.0,0.0,0.0,0.0,0.0,0.0,0.0,0.0,0.0,WHP,2025-ev-3,7.0,-0.08894740117162847,65.76666666666667,0.05555555555555555,0.0,0.0,0.0,1.0,1.0,1.0,1.0,1.0,1.0,1.0411746176616494,36.4,49.8,13.8,14.3
Connor,Maher,ARC,Defense,SSDM,003005,6,2025_game_3,6.833333333333333,1.1666666666666667,1.5,0.5416666666666666,0.0,1.3333333333333333,1.3333333333333333,0.0,0.0,0.0,0.0,0.041666666666666664,0.0,0.375,0.0,0.0,0.0,6.375,6.0,0.14583333333333334,0.0,1726426800.0,-0.14583333333333334,WHP,2025-ev-3,7.0,-0.08894740117162847,65.76666666666667,0.05555555555555555,0.0,0.0,0.0,1.0,1.0,1.0,1.0,1.0,0.953929539295393,0.8770037087031111,34.8,47.0,18.2,13.57
Piper,Bond,ARC,Defense,SSDM,003006,5,2025_game_3,5.354166666666667,5.833333333333333,10.5,0.6666666666666666,0.0,1.8333333333333333,1.3333333333333333,0.0,0.0,0.0,0.0,0.125,0.0,0.375,0.6666666666666666,0.0,0.0,11.666666666666666,13.333333333333334,0.05555555555555555,0.0,1726426800.0,-0.05555555555555555,WHP,2025-ev-3,7.0,-0.08894740117162847,65.76666666666667,0.05555555555555555,0.0,0.0,0.0,1.0,1.0,1.0,1.0,1.0,1.811067877215737,0.8770037087031111,34.7,43.2,22.1,13.2
Tim,Muller,WHP,Defense,Defensemen,000359,9,2025_game_3,10.2,11.0,13.0,0.06153846153846154,0.0,1.676923076923077,1.0,0.0,0.0,0.0,0.0,0.06153846153846154,0.0,0.7846153846153846,1.0,0.0,0.0,6.470769230769231,7.666666666666667,0.03076923076923077,0.0,1726426800.0,-0.03076923076923077,ARC,2025-ev-3,7.0,0.08894740117162847,66.5,0.0,0.1111111111111111,0.0,0.0,1.0,1.0,1.0,1.0,1.0,0.8104575163398693,0.8790092156525597,36.5,47.0,16.5,14.08
Ajax,Zappitello,WHP,Defense,Defensemen,003077,19,2025_game_3,16.76923076923077,19.666666666666668,13.0,0.38461538461538464,0.6666666666666666,2.6153846153846154,4.0,0.0,0.0,0.0,0.0,0.07692307692307693,0.0,1.3076923076923077,1.3333333333333333,0.0,0.0,8.538461538461538,9.333333333333334,0.11538461538461539,0.16666666666666666,1726426800.0,0.051282051282051266,ARC,2025-ev-3,7.0,0.08894740117162847,66.5,0.0,0.1111111111111111,0.0,0.0,1.0,1.0,1.0,1.0,1.0,0.8761467889908257,0.8790092156525597,39.2,47.7,13.1,14.95
Alex,Mazzone,WHP,Defense,SSDM,003028,4,2025_game_3,4.933333333333334,3.0,8.0,0.2,0.0,1.9333333333333333,0.6666666666666666,0.0,0.0,0.0,0.0,0.0,0.0,0.4,0.3333333333333333,0.0,0.0,4.466666666666667,2.3333333333333335,0.0,0.0,1726426800.0,0.0,ARC,2025-ev-3,7.0,0.08894740117162847,66.5,0.0,0.1111111111111111,0.0,0.0,1.0,1.0,1.0,1.0,1.0,1.0,0.9118512350059164,36.3,43.4,20.3,13.7
Christian,Mazur,WHP,Defense,SSDM,003180,3,2025_game_3,0.0,0.0,0.0,0.0,0.0,0.0,0.0,0.0,0.0,0.0,0.0,0.0,0.0,0.0,0.0,0.0,0.0,0.0,0.0,0.0,0.0,0.0,0.0,ARC,2025-ev-3,7.0,0.08894740117162847,66.5,0.0,0.1111111111111111,0.0,0.0,1.0,1.0,1.0,1.0,1.0,1.0,0.9118512350059164,37.3,48.5,14.1,14.45
Roman,Puglise,WHP,Defense,SSDM,002021,6,2025_game_3,7.195652173913044,4.333333333333333,11.0,0.7391304347826086,0.3333333333333333,1.1304347826086956,1.0,0.0,0.0,0.0,0.0,0.043478260869565216,0.0,0.2608695652173913,0.3333333333333333,0.0,0.0,7.913043478260869,7.333333333333333,0.23188405797101447,0.0,1726426800.0,-0.23188405797101447,ARC,2025-ev-3,7.0,0.08894740117162847,66.5,0.0,0.1111111111111111,0.0,0.0,1.0,1.0,1.0,1.0,1.0,0.7408526351124538,0.9118512350059164,36.0,46.1,17.9,13.85
Colin,Squires,WHP,Defense,SSDM,001831,9,2025_game_3,8.402127659574468,1.6666666666666667,1.0,0.23404255319148937,0.3333333333333333,2.382978723404255,3.6666666666666665,0.0,0.0,0.1702127659574468,0.0,0.0425531914893617,0.0,0.574468085106383,0.0,0.10869565217391304,0.0,4.493617021276595,4.666666666666667,0.031914893617021274,0.0,1726426800.0,-0.031914893617021274,ARC,2025-ev-3,7.0,0.08894740117162847,66.5,0.0,0.1111111111111111,0.0,0.0,1.0,1.0,1.0,1.0,1.0,0.8957119945977885,0.9118512350059164,34.6,46.4,19.0,13.45
Jake,Bernhardt,WHP,Defense,SSDM,000345,4,2025_game_3,5.735714285714287,17.7,11.8,0.6190476190476191,1.3333333333333333,0.5952380952380952,0.6666666666666666,0.0,0.0,0.07142857142857142,0.6666666666666666,0.047619047619047616,0.0,0.35714285714285715,1.0,0.055555555555555546,0.6666666666666666,5.780952380952381,7.666666666666667,0.125,0.3333333333333333,1726426800.0,0.20833333333333331,ARC,2025-ev-3,7.0,0.08894740117162847,66.5,0.0,0.1111111111111111,0.0,0.0,1.0,1.0,1.0,1.0,1.0,0.7732036736898974,0.9118512350059164,31.8,46.1,22.1,12.58
Matthew,Dunn,WHP,Defense,Defensemen,000355,20,2025_game_3,9.079365079365079,13.333333333333334,21.0,0.2222222222222222,1.0,1.380952380952381,1.0,0.0,0.0,0.0,0.0,0.07936507936507936,0.0,0.6984126984126984,1.3333333333333333,0.0,0.0,6.444444444444445,12.666666666666666,0.015873015873015872,0.0,1726426800.0,-0.015873015873015872,ARC,2025-ev-3,7.0,0.08894740117162847,66.5,0.0,0.1111111111111111,0.0,0.0,1.0,1.0,1.0,1.0,1.0,0.8106060606060607,0.8790092156525597,35.0,50.7,14.3,13.96
Trevor,Baptiste,ATL,Faceoff,Faceoff,000254,43,2025_game_1,26.16779661016949,23.866666666666664,48.8,1.6101694915254237,1.3333333333333333,10.423728813559322,10.0,0.0,0.0,17.16949152542373,15.666666666666666,0.22033898305084745,0.0,0.1864406779661017,0.3333333333333333,0.6641967558902347,0.59896051974013,11.791830508474577,12.333333333333334,0.19689265536723163,0.3333333333333333,1725742800.0,0.13644067796610168,CHA,2025-ev-1,7.0,0.19082807195187323,12.033333333333331,0.1111111111111111,0.1111111111111111,0.0,0.0,1.0,1.0,1.0,1.0,1.0,1.042117365114321,1.0155772842794673,57.1,33.3,9.6,23.02
Trevor,Baptiste,ATL,Faceoff,Faceoff,000254,45,2025_game_4,26.16779661016949,23.866666666666664,48.8,1.6101694915254237,1.3333333333333333,10.423728813559322,10.0,0.0,0.0,17.16949152542373,15.666666666666666,0.22033898305084745,0.0,0.1864406779661017,0.3333333333333333,0.6641967558902347,0.59896051974013,11.791830508474577,12.333333333333334,0.19689265536723163,0.3333333333333333,1725742800.0,0.13644067796610168,CHA,2025-ev-1,7.0,0.19082807195187323,12.033333333333331,0.1111111111111111,0.1111111111111111,0.0,0.0,1.0,1.0,1.0,1.0,1.0,1.042117365114321,1.0155772842794673,57.1,33.3,9.6,23.02
Nick,Rowlett,CHA,Faceoff,Faceoff,003018,6,2025_game_1,11.785,6.3,5.6,1.0,0.6666666666666666,7.2,5.333333333333333,0.0,0.0,10.7,7.666666666666667,0.1,0.0,0.25,0.0,0.46913737132146405,0.41622960372960377,7.25,5.333333333333333,0.15,0.3333333333333333,1725751800.0,0.18333333333333332,ATL,2025-ev-1,7.0,-0.19082807195187323,4.2,0.1111111111111111,0.1111111111111111,0.0,0.0,1.0,1.0,1.0,1.0,1.0,0.6500393963270501,0.6355739169841014,46.9,33.6,19.5,19.71
Trevor,Baptiste,ATL,Faceoff,Faceoff,000254,43,2025_game_1,26.16779661016949,23.866666666666664,48.8,1.6101694915254237,1.3333333333333333,10.423728813559322,10.0,0.0,0.0,17.16949152542373,15.666666666666666,0.22033898305084745,0.0,0.1864406779661017,0.3333333333333333,0.6641967558902347,0.59896051974013,11.791830508474577,12.333333333333334,0.19689265536723163,0.3333333333333333,1725742800.0,0.13644067796610168,CAN,2025-ev-4,7.0,0.29834215332740127,10.866666666666665,0.1111111111111111,0.0,0.0,0.0,1.0,1.0,1.0,1.0,1.0,1.2844003590165907,1.4567095555606107,55.2,33.2,11.6,22.39
Trevor,Baptiste,ATL,Faceoff,Faceoff,000254,45,2025_game_4,26.16779661016949,23.866666666666664,48.8,1.6101694915254237,1.3333333333333333,10.423728813559322,10.0,0.0,0.0,17.16949152542373,15.666666666666666,0.22033898305084745,0.0,0.1864406779661017,0.3333333333333333,0.6641967558902347,0.59896051974013,11.791830508474577,12.333333333333334,0.19689265536723163,0.3333333333333333,1725742800.0,0.13644067796610168,CAN,2025-ev-4,7.0,0.29834215332740127,10.866666666666665,0.1111111111111111,0.0,0.0,0.0,1.0,1.0,1.0,1.0,1.0,1.2844003590165907,1.4567095555606107,55.2,33.2,11.6,22.39
Zac,Tucci,CAN,Faceoff,Faceoff,002067,16,2025_game_4,12.146666666666667,7.333333333333333,2.9,2.0,2.6666666666666665,6.066666666666666,7.333333333333333,0.0,0.0,10.6,10.0,0.06666666666666667,0.0,0.2,0.0,0.4555875095114226,0.4694444444444444,5.733333333333333,7.0,0.05,0.0,1725307200.0,-0.05,ATL,2025-ev-4,7.0,-0.29834215332740127,4.2,0.0,0.1111111111111111,0.0,0.0,1.0,1.0,1.0,1.0,1.0,0.8389524854947468,0.6355739169841014,35.4,44.0,20.6,17.05
Luke,Wierman,OUT,Faceoff,Faceoff,003098,21,2025_game_2,15.990909090909092,13.300000000000002,3.5,1.3636363636363635,1.3333333333333333,5.909090909090909,4.666666666666667,0.0,0.0,12.090909090909092,11.0,0.09090909090909091,0.0,0.2727272727272727,0.0,0.48784846393542036,0.5363469059121234,7.454545454545454,6.666666666666667,0.3181818181818182,0.5,1725316200.0,0.18181818181818182,RED,2025-ev-2,7.0,-0.04672449731527162,20.600000000000005,0.05555555555555555,0.0,0.0,0.0,1.0,1.0,1.0,1.0,1.0,1.0260700073093478,0.8539252999836424,34.9,46.0,19.1,17.1
TD,Ierlan,RED,Faceoff,Faceoff,001812,37,2025_game_2,20.753658536585366,15.233333333333334,7.0,0.9512195121951219,1.3333333333333333,9.121951219512194,7.666666666666667,0.0,0.0,14.829268292682928,13.0,0.04878048780487805,0.0,0.36585365853658536,0.0,0.6084646766845925,0.5822402159244264,9.258926829268292,9.333333333333334,0.1138211382113821,0.3333333333333333,1723852800.0,0.21951219512195122,OUT,2025-ev-2,7.0,0.04672449731527162,16.0,0.0,0.1111111111111111,0.0,0.0,1.0,1.0,1.0,1.0,1.0,1.052263989389386,0.9364564983478405,38.9,51.7,9.5,19.02
Mike,Sisselberger,ARC,Faceoff,Faceoff,003004,14,2025_game_3,15.183333333333335,3.233333333333333,8.6,0.9583333333333334,0.6666666666666666,9.708333333333334,3.6666666666666665,0.0,0.0,15.125,8.0,0.041666666666666664,0.0,0.125,0.3333333333333333,0.597826356257145,0.43956043956043955,8.875,3.3333333333333335,0.1284722222222222,0.0,1726426800.0,-0.1284722222222222,WHP,2025-ev-3,7.0,-0.08894740117162847,21.933333333333326,0.05555555555555555,0.0,0.0,0.0,1.0,1.0,1.0,1.0,1.0,1.008537626539822,0.720943537447535,48.7,30.0,21.3,19.92
Joseph,Nardella,WHP,Faceoff,Faceoff,000350,29,2025_game_3,21.981132075471695,15.700000000000001,23.2,1.1320754716981132,1.0,8.339622641509434,6.333333333333333,0.0,0.0,14.90566037735849,12.333333333333334,0.3584905660377358,0.3333333333333333,0.16981132075471697,0.3333333333333333,0.6087183566886902,0.5467171717171717,9.908377358490567,7.666666666666667,0.19182389937106917,0.0,1726426800.0,-0.19182389937106917,ARC,2025-ev-3,7.0,0.08894740117162847,9.900000000000006,0.0,0.1111111111111111,0.0,0.0,1.0,1.0,1.0,1.0,1.0,1.0537206999009574,0.907459572753065,39.8,52.6,7.6,19.41
Liam,Entenmann,ATL,Goalie,Goalie,003079,42,2025_game_1,29.142857142857142,27.666666666666668,19.0,0.0,0.0,3.2857142857142856,3.0,11.428571428571429,12.0,0.0,0.0,0.0,0.0,0.2857142857142857,0.3333333333333333,0.0,0.0,16.142857142857142,19.333333333333332,0.0,0.0,1725742800.0,0.0,CHA,2025-ev-1,7.0,0.19082807195187323,30.333333333333332,0.1111111111111111,0.1111111111111111,0.0,0.0,1.0,1.0,1.0,1.0,1.0,0.0,1.0432401892818715,36.2,52.2,11.7,34.63
Liam,Entenmann,ATL,Goalie,Goalie,003079,42,2025_game_4,29.142857142857142,27.666666666666668,19.0,0.0,0.0,3.2857142857142856,3.0,11.428571428571429,12.0,0.0,0.0,0.0,0.0,0.2857142857142857,0.3333333333333333,0.0,0.0,16.142857142857142,19.333333333333332,0.0,0.0,1725742800.0,0.0,CHA,2025-ev-1,7.0,0.19082807195187323,30.333333333333332,0.1111111111111111,0.1111111111111111,0.0,0.0,1.0,1.0,1.0,1.0,1.0,0.0,1.0432401892818715,36.2,52.2,11.7,34.63
Will,Mark,ATL,Goalie,Goalie,003108,4,2025_game_4,0.0,0.0,0.0,0.0,0.0,0.0,0.0,0.0,0.0,0.0,0.0,0.0,0.0,0.0,0.0,0.0,0.0,0.0,0.0,0.0,0.0,0.0,0.0,CHA,2025-ev-1,7.0,0.19082807195187323,30.333333333333332,0.1111111111111111,0.1111111111111111,0.0,0.0,1.0,1.0,1.0,1.0,1.0,1.0,1.0432401892818715,7.2,45.8,47.0,20.67
Blaze,Riorden,CHA,Goalie,Goalie,000258,48,2025_game_1,42.40625,29.333333333333332,19.0,0.15625,0.3333333333333333,2.1875,3.3333333333333335,14.78125,10.0,0.0,0.0,0.1875,0.0,0.421875,0.0,0.0,0.0,14.616375,14.0,0.015625,0.0,1725751800.0,-0.015625,ATL,2025-ev-1,7.0,-0.19082807195187323,42.333333333333336,0.1111111111111111,0.1111111111111111,0.0,0.0,1.0,1.0,1.0,1.0,1.0,1.1083941850338312,1.1266142159586043,64.2,25.5,10.3,41.21
Liam,Entenmann,ATL,Goalie,Goalie,003079,42,2025_game_1,29.142857142857142,27.666666666666668,19.0,0.0,0.0,3.2857142857142856,3.0,11.428571428571429,12.0,0.0,0.0,0.0,0.0,0.2857142857142857,0.3333333333333333,0.0,0.0,16.142857142857142,19.333333333333332,0.0,0.0,1725742800.0,0.0,CAN,2025-ev-4,7.0,0.29834215332740127,22.666666666666668,0.1111111111111111,0.0,0.0,0.0,1.0,1.0,1.0,1.0,1.0,0.9076797385620915,0.917649165073028,26.8,54.8,18.3,31.07
Liam,Entenmann,ATL,Goalie,Goalie,003079,42,2025_game_4,29.142857142857142,27.666666666666668,19.0,0.0,0.0,3.2857142857142856,3.0,11.428571428571429,12.0,0.0,0.0,0.0,0.0,0.2857142857142857,0.3333333333333333,0.0,0.0,16.142857142857142,19.333333333333332,0.0,0.0,1725742800.0,0.0,CAN,2025-ev-4,7.0,0.29834215332740127,22.666666666666668,0.1111111111111111,0.0,0.0,0.0,1.0,1.0,1.0,1.0,1.0,0.9076797385620915,0.917649165073028,26.8,54.8,18.3,31.07
Will,Mark,ATL,Goalie,Goalie,003108,4,2025_game_4,0.0,0.0,0.0,0.0,0.0,0.0,0.0,0.0,0.0,0.0,0.0,0.0,0.0,0.0,0.0,0.0,0.0,0.0,0.0,0.0,0.0,0.0,0.0,CAN,2025-ev-4,7.0,0.29834215332740127,22.666666666666668,0.1111111111111111,0.0,0.0,0.0,1.0,1.0,1.0,1.0,1.0,1.0,0.917649165073028,0.0,35.5,64.5,15.38
Colin,Kirst,CAN,Goalie,Goalie,002038,17,2025_game_4,29.695652173913043,32.666666666666664,39.0,0.0,0.0,2.1739130434782608,1.6666666666666667,12.565217391304348,12.0,0.0,0.0,0.043478260869565216,0.0,0.13043478260869565,0.6666666666666666,0.0,0.0,17.0,16.0,0.0,0.0,1725307200.0,0.0,ATL,2025-ev-4,7.0,-0.29834215332740127,42.333333333333336,0.0,0.1111111111111111,0.0,0.0,1.0,1.0,1.0,1.0,1.0,0.904099560761347,1.1266142159586043,43.3,35.6,21.1,34.24
Owen,McElroy,OUT,Goalie,Goalie,002039,41,2025_game_2,25.916666666666668,31.333333333333332,44.0,0.08333333333333333,0.0,2.75,3.6666666666666665,11.0,12.333333333333334,0.0,0.0,0.0,0.0,0.08333333333333333,0.0,0.0,0.0,13.25,13.333333333333334,0.0,0.0,1725316200.0,0.0,RED,2025-ev-2,7.0,-0.04672449731527162,33.666666666666664,0.05555555555555555,0.0,0.0,0.0,1.0,1.0,1.0,1.0,1.0,1.215893431327515,1.1403655169211637,39.1,41.1,19.8,33.56
Chayse,Ierlan,RED,Goalie,Goalie,003102,11,2025_game_2,2.0,2.0,3.0,0.5,0.5,0.5,0.5,2.5,2.5,0.0,0.0,0.0,0.0,0.0,0.0,0.0,0.0,4.0,4.0,0.0,0.0,1722713400.0,0.0,OUT,2025-ev-2,7.0,0.04672449731527162,41.0,0.0,0.1111111111111111,0.0,0.0,1.0,1.0,1.0,1.0,1.0,1.0,1.0551053187627584,36.0,40.9,23.1,32.17
Brett,Dobson,ARC,Goalie,Goalie,002026,49,2025_game_3,39.16,62.666666666666664,60.0,0.08,0.3333333333333333,2.52,2.3333333333333335,14.32,18.666666666666668,0.0,0.0,0.04,0.0,0.28,0.6666666666666666,0.0,0.0,14.32,18.0,0.0,0.0,1726426800.0,0.0,WHP,2025-ev-3,7.0,-0.08894740117162847,25.333333333333332,0.05555555555555555,0.0,0.0,0.0,1.0,1.0,1.0,1.0,1.0,1.015832482124617,1.0119274616460283,40.6,45.3,14.1,35.09
Brendan,Krebs,WHP,Goalie,Goalie,002059,43,2025_game_3,31.823529411764707,34.0,19.0,0.058823529411764705,0.3333333333333333,3.0,3.3333333333333335,12.823529411764707,13.333333333333334,0.0,0.0,0.058823529411764705,0.3333333333333333,0.29411764705882354,0.0,0.0,0.0,17.0,20.666666666666668,0.0,0.0,1726426800.0,0.0,ARC,2025-ev-3,7.0,0.08894740117162847,20.666666666666668,0.0,0.1111111111111111,0.0,0.0,1.0,1.0,1.0,1.0,1.0,0.8449630314232902,0.8171840052006728,30.7,62.8,6.6,34.45
