firstName,lastName,team,positionGroup,subPosition,officialId,salary,eventId,fp_season_avg,fp_last3_avg,fp_lag1,shots_season_avg,shots_last3_avg,groundBalls_season_avg,groundBalls_last3_avg,saves_season_avg,saves_last3_avg,faceoffsWon_season_avg,faceoffsWon_last3_avg,assists_season_avg,assists_last3_avg,causedTurnovers_season_avg,causedTurnovers_last3_avg,faceoffPct_season_avg,faceoffPct_last3_avg,touches_season_avg,touches_last3_avg,shotPct_season_avg,shotPct_last3_avg,last_startTime,shotPct_anomaly,opponent,game_id,days_since_last_game,team_faceoff_advantage,opp_fp_allowed_to_position_last3,team_roster_churn,opp_def_churn,team_vacated_touch_share,team_inactive_fp_avg,opp_def_health,opp_ssdm_health,opp_goalie_health,pairing_rating,opponent_rating,player_vs_team_rating,team_def_rating,PredictedPoints,BoomProbability,AvgProbability,BustProbability,EV
Ryder,Garnsey,RED,Attack,Attack,000373,31,2025_game_17,24.859375,23.666666666666668,8.0,5.375,4.666666666666667,1.46875,2.3333333333333335,0.0,0.0,0.0,0.0,0.859375,1.0,0.15625,0.3333333333333333,0.0,0.0,29.794874999999998,31.333333333333332,0.3210757124819624,0.17777777777777778,1749861000.0,-0.14329793470418464,OUT,2025-ev-17,7.0,0.05052345177824413,66.33333333333333,0.05555555555555555,0.1111111111111111,0.0,0.0,1.0,1.0,1.0,1.0,1.0,0.8261313639220615,0.8575564170519984,22.96797,45.0,36.8,18.2,33.25
Ryder,Garnsey,RED,Attack,Attack,000373,32,2025_game_19,24.859375,23.666666666666668,8.0,5.375,4.666666666666667,1.46875,2.3333333333333335,0.0,0.0,0.0,0.0,0.859375,1.0,0.15625,0.3333333333333333,0.0,0.0,29.794874999999998,31.333333333333332,0.3210757124819624,0.17777777777777778,1749861000.0,-0.14329793470418464,OUT,2025-ev-17,7.0,0.05052345177824413,66.33333333333333,0.05555555555555555,0.1111111111111111,0.0,0.0,1.0,1.0,1.0,1.0,1.0,0.8261313639220615,0.8575564170519984,22.96797,45.0,36.8,18.2,33.25
Chris,Kavanagh,RED,Attack,Attack,003168,42,2025_game_17,38.333333333333336,38.333333333333336,13.0,7.666666666666667,7.666666666666667,3.0,3.0,0.0,0.0,0.0,0.0,0.6666666666666666,0.6666666666666666,0.6666666666666666,0.6666666666666666,0.0,0.0,39.666666666666664,39.666666666666664,0.3748917748917749,0.3748917748917749,1749861000.0,0.0,OUT,2025-ev-17,7.0,0.05052345177824413,66.33333333333333,0.05555555555555555,0.1111111111111111,0.0,0.0,1.0,1.0,1.0,1.0,1.0,1.0681159420289856,0.8575564170519984,29.11541,54.2,30.3,15.5,36.83
Chris,Kavanagh,RED,Attack,Attack,003168,43,2025_game_19,38.333333333333336,38.333333333333336,13.0,7.666666666666667,7.666666666666667,3.0,3.0,0.0,0.0,0.0,0.0,0.6666666666666666,0.6666666666666666,0.6666666666666666,0.6666666666666666,0.0,0.0,39.666666666666664,39.666666666666664,0.3748917748917749,0.3748917748917749,1749861000.0,0.0,OUT,2025-ev-17,7.0,0.05052345177824413,66.33333333333333,0.05555555555555555,0.1111111111111111,0.0,0.0,1.0,1.0,1.0,1.0,1.0,1.0681159420289856,0.8575564170519984,29.11541,54.2,30.3,15.5,36.83
Dylan,Molloy,RED,Attack,Attack,001001,46,2025_game_17,27.941176470588236,47.666666666666664,39.0,6.235294117647059,9.333333333333334,1.588235294117647,1.6666666666666667,0.0,0.0,0.0,0.0,1.1176470588235294,1.3333333333333333,0.23529411764705882,0.3333333333333333,0.0,0.0,33.246235294117646,32.333333333333336,0.27162167897462014,0.28998316498316495,1749861000.0,0.018361486008544814,OUT,2025-ev-17,7.0,0.05052345177824413,66.33333333333333,0.05555555555555555,0.1111111111111111,0.0,0.0,1.0,1.0,1.0,1.0,1.0,1.1419753086419753,0.8575564170519984,28.95359,47.7,36.7,15.6,34.66
Dylan,Molloy,RED,Attack,Attack,001001,47,2025_game_19,27.941176470588236,47.666666666666664,39.0,6.235294117647059,9.333333333333334,1.588235294117647,1.6666666666666667,0.0,0.0,0.0,0.0,1.1176470588235294,1.3333333333333333,0.23529411764705882,0.3333333333333333,0.0,0.0,33.246235294117646,32.333333333333336,0.27162167897462014,0.28998316498316495,1749861000.0,0.018361486008544814,OUT,2025-ev-17,7.0,0.05052345177824413,66.33333333333333,0.05555555555555555,0.1111111111111111,0.0,0.0,1.0,1.0,1.0,1.0,1.0,1.1419753086419753,0.8575564170519984,28.95359,47.7,36.7,15.6,34.66
Logan,Wisnauskas,OUT,Attack,Attack,002015,21,2025_game_17,27.44,7.333333333333333,21.0,6.0,4.333333333333333,1.32,0.0,0.0,0.0,0.0,0.0,0.84,0.3333333333333333,0.12,0.0,0.0,0.0,31.08,26.666666666666668,0.27938095238095234,0.21428571428571427,1750608000.0,-0.06509523809523807,RED,2025-ev-17,7.0,-0.05052345177824413,63.0,0.05555555555555555,0.0,0.0,0.0,1.0,1.0,1.0,1.0,1.0,1.0884353741496597,1.1013227532914436,24.00619,41.2,39.4,19.4,31.76
Brennan,O'Neill,OUT,Attack,Attack,003075,37,2025_game_17,27.266666666666666,24.333333333333332,18.0,8.733333333333333,9.666666666666666,1.4666666666666666,1.3333333333333333,0.0,0.0,0.0,0.0,0.8,0.6666666666666666,0.06666666666666667,0.3333333333333333,0.0,0.0,31.933333333333334,37.666666666666664,0.19304713804713805,0.13703703703703704,1750608000.0,-0.05601010101010101,RED,2025-ev-17,7.0,-0.05052345177824413,63.0,0.05555555555555555,0.0,0.0,0.0,1.0,1.0,1.0,1.0,1.0,1.0421760391198043,1.1013227532914436,26.569708,49.5,35.0,15.5,35.28
Pat,Kavanagh,OUT,Attack,Attack,003080,41,2025_game_17,23.181818181818183,42.666666666666664,49.0,6.545454545454546,9.333333333333334,0.9090909090909091,1.0,0.0,0.0,0.0,0.0,0.7272727272727273,1.3333333333333333,0.36363636363636365,1.3333333333333333,0.0,0.0,31.181818181818183,50.0,0.22536402990948445,0.17792207792207793,1750608000.0,-0.04744195198740653,RED,2025-ev-17,7.0,-0.05052345177824413,63.0,0.05555555555555555,0.0,0.0,0.0,1.0,1.0,1.0,1.0,1.0,0.9627450980392157,1.1013227532914436,32.097565,44.7,35.9,19.4,32.92
Ryder,Garnsey,RED,Attack,Attack,000373,31,2025_game_17,24.859375,23.666666666666668,8.0,5.375,4.666666666666667,1.46875,2.3333333333333335,0.0,0.0,0.0,0.0,0.859375,1.0,0.15625,0.3333333333333333,0.0,0.0,29.794874999999998,31.333333333333332,0.3210757124819624,0.17777777777777778,1749861000.0,-0.14329793470418464,WAT,2025-ev-19,7.0,0.14718382696669874,80.33333333333333,0.05555555555555555,0.25,0.0,0.0,1.0,1.0,1.0,1.0,1.0,1.2642991829038341,1.0250230575228498,31.745583,46.0,35.3,18.7,33.49
Ryder,Garnsey,RED,Attack,Attack,000373,32,2025_game_19,24.859375,23.666666666666668,8.0,5.375,4.666666666666667,1.46875,2.3333333333333335,0.0,0.0,0.0,0.0,0.859375,1.0,0.15625,0.3333333333333333,0.0,0.0,29.794874999999998,31.333333333333332,0.3210757124819624,0.17777777777777778,1749861000.0,-0.14329793470418464,WAT,2025-ev-19,7.0,0.14718382696669874,80.33333333333333,0.05555555555555555,0.25,0.0,0.0,1.0,1.0,1.0,1.0,1.0,1.2642991829038341,1.0250230575228498,31.745583,46.0,35.3,18.7,33.49
Chris,Kavanagh,RED,Attack,Attack,003168,42,2025_game_17,38.333333333333336,38.333333333333336,13.0,7.666666666666667,7.666666666666667,3.0,3.0,0.0,0.0,0.0,0.0,0.6666666666666666,0.6666666666666666,0.6666666666666666,0.6666666666666666,0.0,0.0,39.666666666666664,39.666666666666664,0.3748917748917749,0.3748917748917749,1749861000.0,0.0,WAT,2025-ev-19,7.0,0.14718382696669874,80.33333333333333,0.05555555555555555,0.25,0.0,0.0,1.0,1.0,1.0,1.0,1.0,1.0,1.0250230575228498,34.588333,54.2,29.7,16.1,36.71
Chris,Kavanagh,RED,Attack,Attack,003168,43,2025_game_19,38.333333333333336,38.333333333333336,13.0,7.666666666666667,7.666666666666667,3.0,3.0,0.0,0.0,0.0,0.0,0.6666666666666666,0.6666666666666666,0.6666666666666666,0.6666666666666666,0.0,0.0,39.666666666666664,39.666666666666664,0.3748917748917749,0.3748917748917749,1749861000.0,0.0,WAT,2025-ev-19,7.0,0.14718382696669874,80.33333333333333,0.05555555555555555,0.25,0.0,0.0,1.0,1.0,1.0,1.0,1.0,1.0,1.0250230575228498,34.588333,54.2,29.7,16.1,36.71
Dylan,Molloy,RED,Attack,Attack,001001,46,2025_game_17,27.941176470588236,47.666666666666664,39.0,6.235294117647059,9.333333333333334,1.588235294117647,1.6666666666666667,0.0,0.0,0.0,0.0,1.1176470588235294,1.3333333333333333,0.23529411764705882,0.3333333333333333,0.0,0.0,33.246235294117646,32.333333333333336,0.27162167897462014,0.28998316498316495,1749861000.0,0.018361486008544814,WAT,2025-ev-19,7.0,0.14718382696669874,80.33333333333333,0.05555555555555555,0.25,0.0,0.0,1.0,1.0,1.0,1.0,1.0,1.1574074074074074,1.0250230575228498,29.595158,47.9,37.1,15.0,34.85
Dylan,Molloy,RED,Attack,Attack,001001,47,2025_game_19,27.941176470588236,47.666666666666664,39.0,6.235294117647059,9.333333333333334,1.588235294117647,1.6666666666666667,0.0,0.0,0.0,0.0,1.1176470588235294,1.3333333333333333,0.23529411764705882,0.3333333333333333,0.0,0.0,33.246235294117646,32.333333333333336,0.27162167897462014,0.28998316498316495,1749861000.0,0.018361486008544814,WAT,2025-ev-19,7.0,0.14718382696669874,80.33333333333333,0.05555555555555555,0.25,0.0,0.0,1.0,1.0,1.0,1.0,1.0,1.1574074074074074,1.0250230575228498,29.595158,47.9,37.1,15.0,34.85
Michael,Sowers,WAT,Attack,Attack,001810,50,2025_game_19,35.63414634146341,39.666666666666664,22.0,6.560975609756097,5.666666666666667,0.8536585365853658,1.0,0.0,0.0,0.0,0.0,1.7804878048780488,2.6666666666666665,0.024390243902439025,0.0,0.0,0.0,31.650341463414634,28.666666666666668,0.3084107626790553,0.21666666666666667,1750536000.0,-0.09174409601238864,RED,2025-ev-19,7.0,-0.14718382696669874,63.0,0.17647058823529413,0.0,0.0,0.0,1.0,1.0,1.0,1.0,1.0,1.0459445585215605,1.1013227532914436,31.359142,46.5,38.3,15.2,34.34
Jake,Taylor,WAT,Attack,Attack,003167,25,2025_game_19,22.25,23.666666666666668,19.0,4.5,4.333333333333333,1.5,1.6666666666666667,0.0,0.0,0.0,0.0,0.25,0.3333333333333333,0.0,0.0,0.0,0.0,11.25,11.333333333333334,0.45416666666666666,0.47222222222222215,1750536000.0,0.01805555555555549,RED,2025-ev-19,7.0,-0.14718382696669874,63.0,0.17647058823529413,0.0,0.0,0.0,1.0,1.0,1.0,1.0,1.0,1.0,1.1013227532914436,15.868678,34.1,40.6,25.3,28.25
Kieran,McArdle,WAT,Attack,Attack,000240,37,2025_game_19,31.553846153846155,16.0,15.0,6.092307692307692,5.333333333333333,1.3692307692307693,1.3333333333333333,0.0,0.0,0.0,0.0,1.476923076923077,0.0,0.09230769230769231,0.0,0.0,0.0,31.39403076923077,23.0,0.3108197358197358,0.4166666666666667,1750536000.0,0.10584693084693086,RED,2025-ev-19,7.0,-0.14718382696669874,63.0,0.17647058823529413,0.0,0.0,0.0,1.0,1.0,1.0,1.0,1.0,0.9026084836665043,1.1013227532914436,25.892149,45.1,35.8,19.1,33.11
Josh,Zawada,CHA,Attack,Attack,003092,6,2025_game_20,8.0,8.0,-1.0,2.0,2.0,0.5,0.5,0.0,0.0,0.0,0.0,0.5,0.5,0.0,0.0,0.0,0.0,25.0,25.0,0.6666666666666666,0.6666666666666666,1749247200.0,0.0,CAN,2025-ev-20,7.0,0.09534924142725898,93.33333333333333,0.29411764705882354,0.0,0.0,0.0,1.0,1.0,1.0,1.0,1.0,0.7505307855626328,1.0684092432175878,16.112484,38.5,39.5,22.0,30.35
Owen,Hiltz,CHA,Attack,Attack,003166,13,2025_game_20,12.0,12.0,12.0,5.0,5.0,1.0,1.0,0.0,0.0,0.0,0.0,1.0,1.0,0.0,0.0,0.0,0.0,23.0,23.0,0.2,0.2,1750617000.0,0.0,CAN,2025-ev-20,7.0,0.09534924142725898,93.33333333333333,0.29411764705882354,0.0,0.0,0.0,1.0,1.0,1.0,1.0,1.0,1.0,1.0684092432175878,23.217628,41.1,37.9,21.0,31.41
Jackson,Eicher,CHA,Attack,Attack,003192,26,2025_game_20,22.75,12.666666666666666,20.0,6.0,4.666666666666667,0.25,0.0,0.0,0.0,0.0,0.0,0.75,0.3333333333333333,0.0,0.0,0.0,0.0,20.0,17.0,0.2922619047619047,0.28968253968253965,1750617000.0,-0.00257936507936507,CAN,2025-ev-20,7.0,0.09534924142725898,93.33333333333333,0.29411764705882354,0.0,0.0,0.0,1.0,1.0,1.0,1.0,1.0,1.0,1.0684092432175878,17.710073,34.8,41.7,23.5,28.83
Adam,Charalambides,CHA,Attack,Attack,001846,21,2025_game_20,18.0,19.333333333333332,4.0,6.4,7.333333333333333,1.4,0.3333333333333333,0.0,0.0,0.0,0.0,0.0,0.0,0.0,0.0,0.0,0.0,27.8,31.666666666666668,0.2538888888888889,0.2981481481481481,1750617000.0,0.04425925925925922,CAN,2025-ev-20,7.0,0.09534924142725898,93.33333333333333,0.29411764705882354,0.0,0.0,0.0,1.0,1.0,1.0,1.0,1.0,1.0,1.0684092432175878,22.695139,39.5,38.9,21.5,30.76
Asher,Nolting,CAN,Attack,Attack,002024,39,2025_game_20,31.33783783783784,29.0,56.0,5.0,4.0,1.3783783783783783,1.0,0.0,0.0,0.0,0.0,1.972972972972973,2.6666666666666665,0.13513513513513514,0.0,0.0,0.0,30.7027027027027,30.333333333333332,0.30509535509535507,0.2333333333333333,1750546800.0,-0.07176202176202176,CHA,2025-ev-20,7.0,-0.09534924142725898,85.33333333333333,0.058823529411764705,0.1111111111111111,0.0,0.0,1.0,1.0,1.0,1.0,1.0,0.8923865650903167,0.944222802313854,30.818777,51.9,29.6,18.5,35.48
Marcus,Holman,CAN,Attack,Attack,000216,33,2025_game_20,31.514705882352942,19.333333333333332,7.0,6.602941176470588,5.666666666666667,2.235294117647059,2.0,0.0,0.0,0.0,0.0,0.6764705882352942,0.3333333333333333,0.27941176470588236,0.6666666666666666,0.0,0.0,34.17594117647059,40.666666666666664,0.30955861948509006,0.13333333333333333,1750546800.0,-0.17622528615175673,CHA,2025-ev-20,7.0,-0.09534924142725898,85.33333333333333,0.058823529411764705,0.1111111111111111,0.0,0.0,1.0,1.0,1.0,1.0,1.0,0.9903378990420246,0.944222802313854,33.50145,48.9,33.1,18.0,34.58
Coulter,Mackesy,CAN,Attack,Attack,003162,30,2025_game_20,26.333333333333332,26.333333333333332,34.0,8.666666666666666,8.666666666666666,2.3333333333333335,2.3333333333333335,0.0,0.0,0.0,0.0,0.3333333333333333,0.3333333333333333,0.3333333333333333,0.3333333333333333,0.0,0.0,39.333333333333336,39.333333333333336,0.225,0.225,1750546800.0,0.0,CHA,2025-ev-20,7.0,-0.09534924142725898,85.33333333333333,0.058823529411764705,0.1111111111111111,0.0,0.0,1.0,1.0,1.0,1.0,1.0,1.0,0.944222802313854,32.000317,54.2,29.7,16.1,36.71
Xander,Dickson,ATL,Attack,Attack,003010,36,2025_game_18,30.933333333333334,30.666666666666668,3.0,5.4,5.666666666666667,1.8,3.3333333333333335,0.0,0.0,0.0,0.0,0.4666666666666667,0.0,0.5333333333333333,0.6666666666666666,0.0,0.0,18.4,17.666666666666668,0.3403968253968254,0.31746031746031744,1750536000.0,-0.022936507936507977,ARC,2025-ev-18,7.0,0.1431314404136445,49.333333333333336,0.17647058823529413,0.0,0.0,0.0,1.0,1.0,1.0,1.0,1.0,1.0408163265306123,0.8784973209888418,18.549458,34.4,45.2,20.4,29.31
Jeff,Teat,ATL,Attack,Attack,001809,49,2025_game_18,45.56521739130435,50.0,93.0,5.739130434782608,6.666666666666667,1.9565217391304348,1.0,0.0,0.0,0.0,0.0,2.3043478260869565,2.3333333333333335,0.2608695652173913,0.3333333333333333,0.0,0.0,36.88782608695652,33.0,0.3764375117635988,0.319047619047619,1750536000.0,-0.05738989271597977,ARC,2025-ev-18,7.0,0.1431314404136445,49.333333333333336,0.17647058823529413,0.0,0.0,0.0,1.0,1.0,1.0,1.0,1.0,1.0432569974554706,0.8784973209888418,34.57799,42.0,41.8,16.2,32.66
Connor,Shellenberger,ATL,Attack,Attack,003076,47,2025_game_18,35.84615384615385,48.0,25.0,4.615384615384615,4.666666666666667,2.1538461538461537,2.0,0.0,0.0,0.0,0.0,1.5384615384615385,2.3333333333333335,0.15384615384615385,0.3333333333333333,0.0,0.0,36.0,38.666666666666664,0.3938034188034188,0.45833333333333326,1750536000.0,0.06452991452991447,ARC,2025-ev-18,7.0,0.1431314404136445,49.333333333333336,0.17647058823529413,0.0,0.0,0.0,1.0,1.0,1.0,1.0,1.0,0.8937768240343348,0.8784973209888418,35.64747,45.6,36.4,18.0,33.49
Connor,Fields,ARC,Attack,Attack,000262,40,2025_game_18,27.036363636363635,20.0,47.0,6.090909090909091,4.333333333333333,1.4181818181818182,2.3333333333333335,0.0,0.0,0.0,0.0,0.8363636363636363,1.3333333333333333,0.2,0.0,0.0,0.0,29.282109090909092,22.333333333333332,0.31757575757575757,0.21428571428571427,1750608000.0,-0.10329004329004329,ATL,2025-ev-18,7.0,-0.1431314404136445,116.33333333333333,0.0,0.2857142857142857,0.0,0.0,1.0,1.0,1.0,1.0,1.0,0.9193675889328063,1.1438840824576078,25.423323,38.6,35.9,25.4,29.69
Sam,King,ARC,Attack,Attack,003174,26,2025_game_18,24.25,22.333333333333332,28.0,3.25,4.0,0.75,0.6666666666666666,0.0,0.0,0.0,0.0,1.75,1.3333333333333333,0.0,0.0,0.0,0.0,15.5,15.333333333333334,0.13333333333333333,0.17777777777777778,1750608000.0,0.04444444444444445,ATL,2025-ev-18,7.0,-0.1431314404136445,116.33333333333333,0.0,0.2857142857142857,0.0,0.0,1.0,1.0,1.0,1.0,1.0,1.0,1.1438840824576078,23.721935,33.2,39.4,27.4,27.53
Mac,O'Keefe,ARC,Attack,Attack,001814,17,2025_game_18,24.375,9.333333333333334,22.0,6.45,6.666666666666667,1.225,1.0,0.0,0.0,0.0,0.0,0.3,0.0,0.2,0.3333333333333333,0.0,0.0,23.5582,21.0,0.26272727272727275,0.13888888888888887,1750608000.0,-0.12383838383838389,ATL,2025-ev-18,7.0,-0.1431314404136445,116.33333333333333,0.0,0.2857142857142857,0.0,0.0,1.0,1.0,1.0,1.0,1.0,0.8496527777777778,1.1438840824576078,16.857183,21.3,54.8,23.9,24.29
Max,Merklinger,ARC,Attack,Attack,003208,2,2025_game_18,0.0,0.0,0.0,0.0,0.0,0.0,0.0,0.0,0.0,0.0,0.0,0.0,0.0,0.0,0.0,0.0,0.0,0.0,0.0,0.0,0.0,1750608000.0,0.0,ATL,2025-ev-18,7.0,-0.1431314404136445,116.33333333333333,0.0,0.2857142857142857,0.0,0.0,1.0,1.0,1.0,1.0,1.0,1.0,1.1438840824576078,16.280233,19.7,50.5,29.9,22.6
Sam,English,RED,Midfield,Midfield,003161,17,2025_game_17,17.0,17.0,17.0,3.0,3.0,0.0,0.0,0.0,0.0,0.0,0.0,0.0,0.0,2.0,2.0,0.0,0.0,16.0,16.0,0.0,0.0,1749861000.0,0.0,OUT,2025-ev-17,7.0,0.05052345177824413,70.26666666666667,0.05555555555555555,0.1111111111111111,0.0,0.0,1.0,1.0,1.0,1.0,1.0,0.0,1.0136029712938863,13.877698,38.3,40.7,21.0,18.38
Sam,English,RED,Midfield,Midfield,003161,18,2025_game_19,17.0,17.0,17.0,3.0,3.0,0.0,0.0,0.0,0.0,0.0,0.0,0.0,0.0,2.0,2.0,0.0,0.0,16.0,16.0,0.0,0.0,1749861000.0,0.0,OUT,2025-ev-17,7.0,0.05052345177824413,70.26666666666667,0.05555555555555555,0.1111111111111111,0.0,0.0,1.0,1.0,1.0,1.0,1.0,0.0,1.0136029712938863,13.877698,38.3,40.7,21.0,18.38
Andrew,McAdorey,RED,Midfield,Midfield,003160,37,2025_game_17,32.199999999999996,32.199999999999996,-0.7,3.6666666666666665,3.6666666666666665,1.0,1.0,0.0,0.0,0.6666666666666666,0.6666666666666666,1.0,1.0,0.3333333333333333,0.3333333333333333,0.5,0.5,21.333333333333332,21.333333333333332,0.611111111111111,0.611111111111111,1749861000.0,0.0,OUT,2025-ev-17,7.0,0.05052345177824413,70.26666666666667,0.05555555555555555,0.1111111111111111,0.0,0.0,1.0,1.0,1.0,1.0,1.0,1.044513457556936,1.0136029712938863,12.551267,36.8,43.5,19.7,18.17
Andrew,McAdorey,RED,Midfield,Midfield,003160,38,2025_game_19,32.199999999999996,32.199999999999996,-0.7,3.6666666666666665,3.6666666666666665,1.0,1.0,0.0,0.0,0.6666666666666666,0.6666666666666666,1.0,1.0,0.3333333333333333,0.3333333333333333,0.5,0.5,21.333333333333332,21.333333333333332,0.611111111111111,0.611111111111111,1749861000.0,0.0,OUT,2025-ev-17,7.0,0.05052345177824413,70.26666666666667,0.05555555555555555,0.1111111111111111,0.0,0.0,1.0,1.0,1.0,1.0,1.0,1.044513457556936,1.0136029712938863,12.551267,36.8,43.5,19.7,18.17
Romar,Dennis,RED,Midfield,Midfield,000305,11,2025_game_19,12.694915254237289,10.333333333333334,10.0,4.067796610169491,5.666666666666667,0.5932203389830508,0.3333333333333333,0.0,0.0,0.0,0.0,0.1864406779661017,0.3333333333333333,0.22033898305084745,0.0,0.0,0.0,17.32884745762712,20.666666666666668,0.16716437987624425,0.06666666666666667,1749337200.0,-0.10049771320957758,OUT,2025-ev-17,7.0,0.05052345177824413,70.26666666666667,0.05555555555555555,0.1111111111111111,0.0,0.0,1.0,1.0,1.0,1.0,1.0,1.0090120160213618,1.0136029712938863,15.946775,34.9,44.0,21.1,17.48
Charlie,Bertrand,RED,Midfield,Midfield,001832,18,2025_game_17,15.095238095238095,12.0,20.0,4.238095238095238,3.0,0.5476190476190477,0.6666666666666666,0.0,0.0,0.0,0.0,0.2619047619047619,0.3333333333333333,0.07142857142857142,0.0,0.0,0.0,19.733238095238097,17.0,0.30226757369614515,0.3055555555555555,1749861000.0,0.0032879818594103716,OUT,2025-ev-17,7.0,0.05052345177824413,70.26666666666667,0.05555555555555555,0.1111111111111111,0.0,0.0,1.0,1.0,1.0,1.0,1.0,0.9810725552050473,1.0136029712938863,13.613273,43.3,38.0,18.7,20.01
Sam,Handley,RED,Midfield,Midfield,003019,13,2025_game_17,14.818181818181818,22.333333333333332,30.0,4.7727272727272725,4.666666666666667,0.45454545454545453,0.0,0.0,0.0,0.0,0.0,0.5,0.6666666666666666,0.045454545454545456,0.0,0.0,0.0,19.181818181818183,14.333333333333334,0.1899350649350649,0.19444444444444442,1749861000.0,0.004509379509379519,OUT,2025-ev-17,7.0,0.05052345177824413,70.26666666666667,0.05555555555555555,0.1111111111111111,0.0,0.0,1.0,1.0,1.0,1.0,1.0,0.7995910020449898,1.0136029712938863,13.488479,30.3,55.1,14.6,17.16
Sam,Handley,RED,Midfield,Midfield,003019,15,2025_game_19,14.818181818181818,22.333333333333332,30.0,4.7727272727272725,4.666666666666667,0.45454545454545453,0.0,0.0,0.0,0.0,0.0,0.5,0.6666666666666666,0.045454545454545456,0.0,0.0,0.0,19.181818181818183,14.333333333333334,0.1899350649350649,0.19444444444444442,1749861000.0,0.004509379509379519,OUT,2025-ev-17,7.0,0.05052345177824413,70.26666666666667,0.05555555555555555,0.1111111111111111,0.0,0.0,1.0,1.0,1.0,1.0,1.0,0.7995910020449898,1.0136029712938863,13.488479,30.3,55.1,14.6,17.16
Josh,Balcarcel,RED,Midfield,Midfield,003211,15,2025_game_17,14.666666666666666,14.666666666666666,8.0,3.0,3.0,1.0,1.0,0.0,0.0,0.0,0.0,0.3333333333333333,0.3333333333333333,0.0,0.0,0.0,0.0,15.333333333333334,15.333333333333334,0.4444444444444444,0.4444444444444444,1749861000.0,0.0,OUT,2025-ev-17,7.0,0.05052345177824413,70.26666666666667,0.05555555555555555,0.1111111111111111,0.0,0.0,1.0,1.0,1.0,1.0,1.0,1.003787878787879,1.0136029712938863,12.689889,40.8,41.1,18.1,19.44
Josh,Balcarcel,RED,Midfield,Midfield,003211,16,2025_game_19,14.666666666666666,14.666666666666666,8.0,3.0,3.0,1.0,1.0,0.0,0.0,0.0,0.0,0.3333333333333333,0.3333333333333333,0.0,0.0,0.0,0.0,15.333333333333334,15.333333333333334,0.4444444444444444,0.4444444444444444,1749861000.0,0.0,OUT,2025-ev-17,7.0,0.05052345177824413,70.26666666666667,0.05555555555555555,0.1111111111111111,0.0,0.0,1.0,1.0,1.0,1.0,1.0,1.003787878787879,1.0136029712938863,12.689889,40.8,41.1,18.1,19.44
Dalton,Young,OUT,Midfield,Midfield,003106,18,2025_game_17,14.571428571428571,16.666666666666668,17.0,2.857142857142857,2.6666666666666665,0.7857142857142857,1.0,0.0,0.0,0.0,0.0,0.42857142857142855,0.0,0.0,0.0,0.0,0.0,13.5,19.0,0.3892857142857143,0.7222222222222222,1750608000.0,0.3329365079365079,RED,2025-ev-17,7.0,-0.05052345177824413,51.333333333333336,0.05555555555555555,0.0,0.0,0.0,1.0,1.0,1.0,1.0,1.0,0.8480392156862745,1.0493166595435406,12.012519,29.2,48.3,22.5,15.79
Justin,Anderson,OUT,Midfield,Midfield,001828,6,2025_game_17,15.688888888888888,2.0,11.0,3.511111111111111,2.3333333333333335,1.3111111111111111,1.6666666666666667,0.0,0.0,0.0,0.0,0.35555555555555557,0.0,0.28888888888888886,0.0,0.0,0.0,19.6338,18.666666666666668,0.2564021164021164,0.16666666666666666,1750608000.0,-0.08973544973544975,RED,2025-ev-17,7.0,-0.05052345177824413,51.333333333333336,0.05555555555555555,0.0,0.0,0.0,1.0,1.0,1.0,1.0,1.0,1.2384915014164306,1.0493166595435406,12.578341,37.6,42.2,20.2,18.31
Graham,Bundy,OUT,Midfield,Midfield,003085,19,2025_game_17,18.8,17.333333333333332,20.0,5.933333333333334,4.333333333333333,0.5333333333333333,0.6666666666666666,0.0,0.0,0.0,0.0,0.2,0.0,0.06666666666666667,0.3333333333333333,0.0,0.0,22.333333333333332,25.0,0.20161375661375663,0.13888888888888887,1750608000.0,-0.06272486772486777,RED,2025-ev-17,7.0,-0.05052345177824413,51.333333333333336,0.05555555555555555,0.0,0.0,0.0,1.0,1.0,1.0,1.0,1.0,1.3164893617021276,1.0493166595435406,19.194513,42.4,37.9,19.7,19.64
Jared,Bernhardt,OUT,Midfield,Midfield,001827,15,2025_game_17,16.666666666666668,16.666666666666668,51.0,6.0,6.0,1.0,1.0,0.0,0.0,0.0,0.0,0.3333333333333333,0.3333333333333333,0.0,0.0,0.0,0.0,24.333333333333332,24.333333333333332,0.2333333333333333,0.2333333333333333,1750608000.0,0.0,RED,2025-ev-17,7.0,-0.05052345177824413,51.333333333333336,0.05555555555555555,0.0,0.0,0.0,1.0,1.0,1.0,1.0,1.0,0.0,1.0493166595435406,21.013226,45.4,41.7,13.0,21.35
Jack,VanOverbeke,OUT,Midfield,Midfield,003120,3,2025_game_17,7.125,-0.3333333333333333,-3.0,3.375,3.0,0.625,0.6666666666666666,0.0,0.0,0.0,0.0,0.375,0.0,0.0,0.0,0.0,0.0,14.25,11.333333333333334,0.125,0.0,1750608000.0,-0.125,RED,2025-ev-17,7.0,-0.05052345177824413,51.333333333333336,0.05555555555555555,0.0,0.0,0.0,1.0,1.0,1.0,1.0,1.0,1.4761904761904763,1.0493166595435406,10.23946,37.5,44.9,17.5,18.64
Sam,English,RED,Midfield,Midfield,003161,17,2025_game_17,17.0,17.0,17.0,3.0,3.0,0.0,0.0,0.0,0.0,0.0,0.0,0.0,0.0,2.0,2.0,0.0,0.0,16.0,16.0,0.0,0.0,1749861000.0,0.0,WAT,2025-ev-19,7.0,0.14718382696669874,36.333333333333336,0.05555555555555555,0.25,0.0,0.0,1.0,1.0,1.0,1.0,1.0,1.0,0.9403132275624609,15.409336,37.9,44.9,17.3,18.8
Sam,English,RED,Midfield,Midfield,003161,18,2025_game_19,17.0,17.0,17.0,3.0,3.0,0.0,0.0,0.0,0.0,0.0,0.0,0.0,0.0,2.0,2.0,0.0,0.0,16.0,16.0,0.0,0.0,1749861000.0,0.0,WAT,2025-ev-19,7.0,0.14718382696669874,36.333333333333336,0.05555555555555555,0.25,0.0,0.0,1.0,1.0,1.0,1.0,1.0,1.0,0.9403132275624609,15.409336,37.9,44.9,17.3,18.8
Andrew,McAdorey,RED,Midfield,Midfield,003160,37,2025_game_17,32.199999999999996,32.199999999999996,-0.7,3.6666666666666665,3.6666666666666665,1.0,1.0,0.0,0.0,0.6666666666666666,0.6666666666666666,1.0,1.0,0.3333333333333333,0.3333333333333333,0.5,0.5,21.333333333333332,21.333333333333332,0.611111111111111,0.611111111111111,1749861000.0,0.0,WAT,2025-ev-19,7.0,0.14718382696669874,36.333333333333336,0.05555555555555555,0.25,0.0,0.0,1.0,1.0,1.0,1.0,1.0,1.0,0.9403132275624609,13.787496,42.8,44.1,13.1,20.65
Andrew,McAdorey,RED,Midfield,Midfield,003160,38,2025_game_19,32.199999999999996,32.199999999999996,-0.7,3.6666666666666665,3.6666666666666665,1.0,1.0,0.0,0.0,0.6666666666666666,0.6666666666666666,1.0,1.0,0.3333333333333333,0.3333333333333333,0.5,0.5,21.333333333333332,21.333333333333332,0.611111111111111,0.611111111111111,1749861000.0,0.0,WAT,2025-ev-19,7.0,0.14718382696669874,36.333333333333336,0.05555555555555555,0.25,0.0,0.0,1.0,1.0,1.0,1.0,1.0,1.0,0.9403132275624609,13.787496,42.8,44.1,13.1,20.65
Romar,Dennis,RED,Midfield,Midfield,000305,11,2025_game_19,12.694915254237289,10.333333333333334,10.0,4.067796610169491,5.666666666666667,0.5932203389830508,0.3333333333333333,0.0,0.0,0.0,0.0,0.1864406779661017,0.3333333333333333,0.22033898305084745,0.0,0.0,0.0,17.32884745762712,20.666666666666668,0.16716437987624425,0.06666666666666667,1749337200.0,-0.10049771320957758,WAT,2025-ev-19,7.0,0.14718382696669874,36.333333333333336,0.05555555555555555,0.25,0.0,0.0,1.0,1.0,1.0,1.0,1.0,1.2923898531375166,0.9403132275624609,17.297325,34.5,44.6,20.9,17.4
Charlie,Bertrand,RED,Midfield,Midfield,001832,18,2025_game_17,15.095238095238095,12.0,20.0,4.238095238095238,3.0,0.5476190476190477,0.6666666666666666,0.0,0.0,0.0,0.0,0.2619047619047619,0.3333333333333333,0.07142857142857142,0.0,0.0,0.0,19.733238095238097,17.0,0.30226757369614515,0.3055555555555555,1749861000.0,0.0032879818594103716,WAT,2025-ev-19,7.0,0.14718382696669874,36.333333333333336,0.05555555555555555,0.25,0.0,0.0,1.0,1.0,1.0,1.0,1.0,1.4365141955835963,0.9403132275624609,12.779132,41.3,40.6,18.1,19.57
Sam,Handley,RED,Midfield,Midfield,003019,13,2025_game_17,14.818181818181818,22.333333333333332,30.0,4.7727272727272725,4.666666666666667,0.45454545454545453,0.0,0.0,0.0,0.0,0.0,0.5,0.6666666666666666,0.045454545454545456,0.0,0.0,0.0,19.181818181818183,14.333333333333334,0.1899350649350649,0.19444444444444442,1749861000.0,0.004509379509379519,WAT,2025-ev-19,7.0,0.14718382696669874,36.333333333333336,0.05555555555555555,0.25,0.0,0.0,1.0,1.0,1.0,1.0,1.0,0.8010517090271692,0.9403132275624609,16.368654,31.9,54.6,13.5,17.73
Sam,Handley,RED,Midfield,Midfield,003019,15,2025_game_19,14.818181818181818,22.333333333333332,30.0,4.7727272727272725,4.666666666666667,0.45454545454545453,0.0,0.0,0.0,0.0,0.0,0.5,0.6666666666666666,0.045454545454545456,0.0,0.0,0.0,19.181818181818183,14.333333333333334,0.1899350649350649,0.19444444444444442,1749861000.0,0.004509379509379519,WAT,2025-ev-19,7.0,0.14718382696669874,36.333333333333336,0.05555555555555555,0.25,0.0,0.0,1.0,1.0,1.0,1.0,1.0,0.8010517090271692,0.9403132275624609,16.368654,31.9,54.6,13.5,17.73
Josh,Balcarcel,RED,Midfield,Midfield,003211,15,2025_game_17,14.666666666666666,14.666666666666666,8.0,3.0,3.0,1.0,1.0,0.0,0.0,0.0,0.0,0.3333333333333333,0.3333333333333333,0.0,0.0,0.0,0.0,15.333333333333334,15.333333333333334,0.4444444444444444,0.4444444444444444,1749861000.0,0.0,WAT,2025-ev-19,7.0,0.14718382696669874,36.333333333333336,0.05555555555555555,0.25,0.0,0.0,1.0,1.0,1.0,1.0,1.0,1.0,0.9403132275624609,14.309819,38.6,43.8,17.6,18.93
Josh,Balcarcel,RED,Midfield,Midfield,003211,16,2025_game_19,14.666666666666666,14.666666666666666,8.0,3.0,3.0,1.0,1.0,0.0,0.0,0.0,0.0,0.3333333333333333,0.3333333333333333,0.0,0.0,0.0,0.0,15.333333333333334,15.333333333333334,0.4444444444444444,0.4444444444444444,1749861000.0,0.0,WAT,2025-ev-19,7.0,0.14718382696669874,36.333333333333336,0.05555555555555555,0.25,0.0,0.0,1.0,1.0,1.0,1.0,1.0,1.0,0.9403132275624609,14.309819,38.6,43.8,17.6,18.93
Connor,Kelly,WAT,Midfield,Midfield,000339,16,2025_game_19,20.75,4.0,-2.0,5.933333333333334,4.666666666666667,0.85,1.3333333333333333,0.0,0.0,0.0,0.0,0.5333333333333333,0.0,0.1,0.0,0.0,0.0,23.7155,20.0,0.21303881303881303,0.13095238095238096,1750536000.0,-0.08208643208643207,RED,2025-ev-19,7.0,-0.14718382696669874,51.333333333333336,0.17647058823529413,0.0,0.0,0.0,1.0,1.0,1.0,1.0,1.0,1.3965863453815262,1.0493166595435406,15.211806,40.5,42.1,17.4,19.45
Jack,Hannah,WAT,Midfield,Midfield,002028,22,2025_game_19,16.88235294117647,11.333333333333334,21.0,5.9411764705882355,5.666666666666667,0.8823529411764706,1.0,0.0,0.0,0.0,0.0,0.47058823529411764,0.0,0.11764705882352941,0.3333333333333333,0.0,0.0,18.441176470588236,22.333333333333332,0.20567226890756302,0.1865079365079365,1750536000.0,-0.019164332399626505,RED,2025-ev-19,7.0,-0.14718382696669874,51.333333333333336,0.17647058823529413,0.0,0.0,0.0,1.0,1.0,1.0,1.0,1.0,0.6888999502239921,1.0493166595435406,18.121536,36.8,52.2,11.0,19.36
Thomas,McConvey,WAT,Midfield,Midfield,003027,25,2025_game_19,14.181818181818182,21.0,-2.0,3.0,5.0,0.6363636363636364,1.3333333333333333,0.0,0.0,0.0,0.0,0.18181818181818182,0.0,0.18181818181818182,0.3333333333333333,0.0,0.0,12.636363636363637,16.333333333333332,0.3045454545454545,0.3055555555555555,1750536000.0,0.0010101010101010166,RED,2025-ev-19,7.0,-0.14718382696669874,51.333333333333336,0.17647058823529413,0.0,0.0,0.0,1.0,1.0,1.0,1.0,1.0,0.0,1.0493166595435406,14.523686,33.0,46.7,20.3,17.09
Zach,Currier,WAT,Midfield,Midfield,000409,19,2025_game_19,27.687037037037037,17.0,29.0,3.1296296296296298,4.0,4.666666666666667,1.0,0.0,0.0,1.4259259259259258,0.0,0.8148148148148148,0.6666666666666666,0.7777777777777778,0.3333333333333333,0.19799504729428005,0.0,24.150296296296297,19.0,0.31424162257495597,0.2619047619047619,1750536000.0,-0.05233686067019405,RED,2025-ev-19,7.0,-0.14718382696669874,51.333333333333336,0.17647058823529413,0.0,0.0,0.0,1.0,1.0,1.0,1.0,1.0,1.3047087151361114,1.0493166595435406,19.244572,41.9,37.7,20.4,19.41
Mikie,Schlosser,WAT,Midfield,Midfield,001391,3,2025_game_19,10.090909090909092,1.3333333333333333,0.0,3.0454545454545454,1.0,0.7272727272727273,0.0,0.0,0.0,0.0,0.0,0.045454545454545456,0.0,0.0,0.0,0.0,0.0,16.008181818181814,12.333333333333334,0.27499999999999997,0.3333333333333333,1749256200.0,0.05833333333333335,RED,2025-ev-19,7.0,-0.14718382696669874,51.333333333333336,0.17647058823529413,0.0,0.0,0.0,1.0,1.0,1.0,1.0,1.0,0.8355855855855856,1.0493166595435406,10.795809,42.3,43.7,14.0,20.39
JJ,Sillstrop,CHA,Midfield,Midfield,003149,21,2025_game_20,18.75,9.333333333333334,8.0,2.25,1.0,0.25,0.3333333333333333,0.0,0.0,0.0,0.0,0.75,0.6666666666666666,0.5,0.0,0.0,0.0,19.0,17.0,0.16666666666666666,0.1111111111111111,1750617000.0,-0.05555555555555555,CAN,2025-ev-20,7.0,0.09534924142725898,86.0,0.29411764705882354,0.0,0.0,0.0,1.0,1.0,1.0,1.0,1.0,1.0,0.9066854560679295,14.062579,36.5,40.9,22.7,17.69
Sergio,Perkovic,CHA,Midfield,Midfield,000333,3,2025_game_20,16.4468085106383,0.0,0.0,4.25531914893617,2.3333333333333335,0.6808510638297872,0.0,0.0,0.0,0.0,0.0,0.14893617021276595,0.0,0.2127659574468085,0.0,0.0,0.0,19.20487234042553,13.0,0.23050489699425866,0.0,1750617000.0,-0.23050489699425866,CAN,2025-ev-20,7.0,0.09534924142725898,86.0,0.29411764705882354,0.0,0.0,0.0,1.0,1.0,1.0,1.0,1.0,0.5821705426356589,0.9066854560679295,12.2164345,32.8,47.0,20.2,17.05
Shane,Knobloch,CHA,Midfield,Midfield,003078,25,2025_game_20,10.846153846153847,6.666666666666667,26.0,4.846153846153846,6.333333333333333,1.0,1.6666666666666667,0.0,0.0,0.0,0.0,0.38461538461538464,0.6666666666666666,0.0,0.0,0.0,0.0,20.76923076923077,19.333333333333332,0.23141025641025642,0.041666666666666664,1750617000.0,-0.18974358974358976,CAN,2025-ev-20,7.0,0.09534924142725898,86.0,0.29411764705882354,0.0,0.0,0.0,1.0,1.0,1.0,1.0,1.0,0.8328267477203648,0.9066854560679295,16.005743,32.2,55.1,12.7,17.92
Ross,Scott,CHA,Midfield,Midfield,003093,15,2025_game_20,10.75,12.666666666666666,-3.0,4.25,4.333333333333333,0.5,0.3333333333333333,0.0,0.0,0.0,0.0,0.75,0.6666666666666666,0.0,0.0,0.0,0.0,22.0,23.666666666666668,0.15,0.19999999999999998,1750617000.0,0.04999999999999999,CAN,2025-ev-20,7.0,0.09534924142725898,86.0,0.29411764705882354,0.0,0.0,0.0,1.0,1.0,1.0,1.0,1.0,0.9604395604395605,0.9066854560679295,17.6066,42.2,43.8,14.0,20.37
Mic,Kelly,CAN,Midfield,Midfield,003170,18,2025_game_20,18.5,18.5,27.0,3.5,3.5,0.0,0.0,0.0,0.0,0.0,0.0,0.5,0.5,0.5,0.5,0.0,0.0,17.5,17.5,0.29166666666666663,0.29166666666666663,1750546800.0,0.0,CHA,2025-ev-20,7.0,-0.09534924142725898,55.166666666666664,0.058823529411764705,0.1111111111111111,0.0,0.0,1.0,1.0,1.0,1.0,1.0,1.0,1.0085216609891285,14.058037,33.9,48.3,17.8,17.67
Matt,Campbell,CAN,Midfield,Midfield,003013,31,2025_game_20,19.037037037037038,23.333333333333332,32.0,4.777777777777778,5.0,0.9629629629629629,1.0,0.0,0.0,0.0,0.0,0.48148148148148145,0.3333333333333333,0.037037037037037035,0.0,0.0,0.0,23.666666666666668,21.333333333333332,0.29700176366843034,0.3841269841269841,1750546800.0,0.08712522045855375,CHA,2025-ev-20,7.0,-0.09534924142725898,55.166666666666664,0.058823529411764705,0.1111111111111111,0.0,0.0,1.0,1.0,1.0,1.0,1.0,0.8285505836575875,1.0085216609891285,25.58108,39.9,39.5,20.6,18.86
Ryan,Drenner,CAN,Midfield,Midfield,000358,29,2025_game_20,19.783783783783782,18.0,36.0,4.324324324324325,4.666666666666667,0.8108108108108109,0.6666666666666666,0.0,0.0,0.0,0.0,0.35135135135135137,0.0,0.05405405405405406,0.0,0.0,0.0,24.0,21.333333333333332,0.3436722436722437,0.38888888888888884,1750546800.0,0.045216645216645146,CHA,2025-ev-20,7.0,-0.09534924142725898,55.166666666666664,0.058823529411764705,0.1111111111111111,0.0,0.0,1.0,1.0,1.0,1.0,1.0,0.998873366381253,1.0085216609891285,19.283306,40.7,38.9,20.3,19.1
Connor,Kirst,CAN,Midfield,Midfield,001815,15,2025_game_20,9.51304347826087,4.0,11.0,3.1739130434782608,4.0,0.8695652173913043,0.3333333333333333,0.0,0.0,0.2608695652173913,0.0,0.13043478260869565,0.3333333333333333,0.08695652173913043,0.0,0.21333333333333335,0.08333333333333333,13.486521739130435,12.333333333333334,0.24444444444444444,0.1111111111111111,1750546800.0,-0.13333333333333333,CHA,2025-ev-20,7.0,-0.09534924142725898,55.166666666666664,0.058823529411764705,0.1111111111111111,0.0,0.0,1.0,1.0,1.0,1.0,1.0,0.8671257332313187,1.0085216609891285,12.8262415,29.7,55.5,14.8,16.98
Alexander,Vardaro,CAN,Midfield,Midfield,003088,8,2025_game_20,8.5,6.0,7.0,3.3,3.0,0.3,0.3333333333333333,0.0,0.0,0.0,0.0,0.1,0.3333333333333333,0.0,0.0,0.0,0.0,14.1,18.0,0.29,0.16666666666666666,1749315600.0,-0.12333333333333332,CHA,2025-ev-20,7.0,-0.09534924142725898,55.166666666666664,0.058823529411764705,0.1111111111111111,0.0,0.0,1.0,1.0,1.0,1.0,1.0,0.8991596638655462,1.0085216609891285,13.897514,36.9,46.3,16.8,18.59
Jake,Stevens,ATL,Midfield,Midfield,003084,8,2025_game_18,9.727272727272727,7.666666666666667,7.0,4.0,4.0,0.9090909090909091,0.6666666666666666,0.0,0.0,0.0,0.0,0.18181818181818182,0.0,0.09090909090909091,0.3333333333333333,0.0,0.0,13.090909090909092,12.333333333333334,0.26753246753246757,0.13333333333333333,1750536000.0,-0.13419913419913423,ARC,2025-ev-18,7.0,0.1431314404136445,53.1,0.17647058823529413,0.0,0.0,0.0,1.0,1.0,1.0,1.0,1.0,1.1931464174454829,1.0350868713045205,11.903968,34.0,50.2,15.8,17.97
Hugh,Kelleher,ATL,Midfield,Midfield,003186,9,2025_game_18,9.0,9.0,7.0,3.0,3.0,0.5,0.5,0.0,0.0,0.0,0.0,0.0,0.0,0.0,0.0,0.0,0.0,10.5,10.5,0.3333333333333333,0.3333333333333333,1750536000.0,0.0,ARC,2025-ev-18,7.0,0.1431314404136445,53.1,0.17647058823529413,0.0,0.0,0.0,1.0,1.0,1.0,1.0,1.0,1.0,1.0350868713045205,10.865664,39.0,46.8,14.3,19.5
Bryan,Costabile,ATL,Midfield,Midfield,000395,30,2025_game_18,22.826923076923077,24.333333333333332,60.0,6.211538461538462,6.0,1.7115384615384615,2.0,0.0,0.0,0.0,0.0,0.6346153846153846,0.3333333333333333,0.2692307692307692,0.0,0.0,0.0,27.205750000000002,29.333333333333332,0.23781170752324599,0.30833333333333335,1750536000.0,0.07052162581008736,ARC,2025-ev-18,7.0,0.1431314404136445,53.1,0.17647058823529413,0.0,0.0,0.0,1.0,1.0,1.0,1.0,1.0,0.8218899185622017,1.0350868713045205,17.466318,33.3,55.2,11.5,18.37
Matt,Traynor,ATL,Midfield,Midfield,003164,24,2025_game_18,24.25,28.333333333333332,43.0,3.25,2.6666666666666665,1.75,2.0,0.0,0.0,0.0,0.0,1.0,1.3333333333333333,0.25,0.3333333333333333,0.0,0.0,14.25,13.333333333333334,0.30833333333333335,0.27777777777777773,1750536000.0,-0.030555555555555614,ARC,2025-ev-18,7.0,0.1431314404136445,53.1,0.17647058823529413,0.0,0.0,0.0,1.0,1.0,1.0,1.0,1.0,1.0,1.0350868713045205,10.194182,40.4,41.9,17.8,19.38
Reid,Bowering,ATL,Midfield,Midfield,002006,20,2025_game_18,12.6,9.0,28.0,2.2,1.3333333333333333,1.6,1.0,0.0,0.0,0.0,0.0,0.4,0.3333333333333333,0.0,0.0,0.0,0.0,8.6,7.0,0.4666666666666666,0.3333333333333333,1750536000.0,-0.1333333333333333,ARC,2025-ev-18,7.0,0.1431314404136445,53.1,0.17647058823529413,0.0,0.0,0.0,1.0,1.0,1.0,1.0,1.0,0.0,1.0350868713045205,11.911326,34.4,46.9,18.6,17.68
Grant,Ament,ARC,Midfield,Midfield,000391,18,2025_game_18,20.28,2.6666666666666665,5.0,3.72,3.0,0.88,1.0,0.0,0.0,0.0,0.0,1.28,0.6666666666666666,0.0,0.0,0.0,0.0,29.16,26.333333333333332,0.30614285714285716,0.0,1750608000.0,-0.30614285714285716,ATL,2025-ev-18,7.0,-0.1431314404136445,92.76666666666667,0.0,0.2857142857142857,0.0,0.0,1.0,1.0,1.0,1.0,1.0,0.820156569574723,1.0165926008212762,21.555578,43.9,41.5,14.6,20.73
Tom,Schreiber,ARC,Midfield,Midfield,000225,28,2025_game_18,29.28125,27.0,27.0,5.828125,4.666666666666667,1.09375,1.0,0.0,0.0,0.0,0.0,1.375,1.6666666666666667,0.109375,0.0,0.0,0.0,30.346390624999998,26.666666666666668,0.29227712391774896,0.3333333333333333,1750608000.0,0.041056209415584355,ATL,2025-ev-18,7.0,-0.1431314404136445,92.76666666666667,0.0,0.2857142857142857,0.0,0.0,1.0,1.0,1.0,1.0,1.0,0.9206433907607867,1.0165926008212762,16.882454,47.7,44.2,8.1,22.62
Ryan,Ambler,ARC,Midfield,Midfield,000221,7,2025_game_18,13.26865671641791,7.0,17.0,3.029850746268657,1.0,0.5373134328358209,0.0,0.0,0.0,0.0,0.0,0.4626865671641791,0.0,0.11940298507462686,0.0,0.0,0.0,17.238492537313434,10.333333333333334,0.2969793887704335,0.6666666666666666,1750608000.0,0.3696872778962331,ATL,2025-ev-18,7.0,-0.1431314404136445,92.76666666666667,0.0,0.2857142857142857,0.0,0.0,1.0,1.0,1.0,1.0,1.0,1.0515828378595535,1.0165926008212762,9.396001,25.6,58.2,16.2,15.71
Dyson,Williams,ARC,Midfield,Midfield,003090,17,2025_game_18,11.090909090909092,16.333333333333332,10.0,2.3636363636363638,3.0,0.45454545454545453,1.0,0.0,0.0,0.0,0.0,0.09090909090909091,0.3333333333333333,0.0,0.0,0.0,0.0,6.181818181818182,8.0,0.48787878787878786,0.3333333333333333,1750608000.0,-0.15454545454545454,ATL,2025-ev-18,7.0,-0.1431314404136445,92.76666666666667,0.0,0.2857142857142857,0.0,0.0,1.0,1.0,1.0,1.0,1.0,0.9836065573770492,1.0165926008212762,12.189669,30.4,51.1,18.5,16.65
Chris,Conlin,RED,Defense,Defensemen,003109,6,2025_game_17,10.416666666666666,5.333333333333333,0.0,0.0,0.0,1.9166666666666667,2.0,0.0,0.0,0.0,0.0,0.0,0.0,0.8333333333333334,0.3333333333333333,0.0,0.0,8.5,9.0,0.0,0.0,1749861000.0,0.0,OUT,2025-ev-17,7.0,0.05052345177824413,35.166666666666664,0.05555555555555555,0.1111111111111111,0.0,0.0,1.0,1.0,1.0,1.0,1.0,1.057,0.8716487701690455,10.426973,36.1,49.4,14.6,13.78
Chris,Conlin,RED,Defense,Defensemen,003109,8,2025_game_19,10.416666666666666,5.333333333333333,0.0,0.0,0.0,1.9166666666666667,2.0,0.0,0.0,0.0,0.0,0.0,0.0,0.8333333333333334,0.3333333333333333,0.0,0.0,8.5,9.0,0.0,0.0,1749861000.0,0.0,OUT,2025-ev-17,7.0,0.05052345177824413,35.166666666666664,0.05555555555555555,0.1111111111111111,0.0,0.0,1.0,1.0,1.0,1.0,1.0,1.057,0.8716487701690455,10.426973,36.1,49.4,14.6,13.78
Chris,Fake,RED,Defense,Defensemen,003029,5,2025_game_17,5.071428571428571,6.666666666666667,7.0,0.5,0.6666666666666666,1.1428571428571428,1.0,0.0,0.0,0.0,0.0,0.0,0.0,0.35714285714285715,0.6666666666666666,0.0,0.0,7.142857142857143,8.333333333333334,0.07142857142857142,0.0,1749861000.0,-0.07142857142857142,OUT,2025-ev-17,7.0,0.05052345177824413,35.166666666666664,0.05555555555555555,0.1111111111111111,0.0,0.0,1.0,1.0,1.0,1.0,1.0,0.8961267605633803,0.8716487701690455,8.690489,34.4,44.3,21.2,12.84
Chris,Fake,RED,Defense,Defensemen,003029,6,2025_game_19,5.071428571428571,6.666666666666667,7.0,0.5,0.6666666666666666,1.1428571428571428,1.0,0.0,0.0,0.0,0.0,0.0,0.0,0.35714285714285715,0.6666666666666666,0.0,0.0,7.142857142857143,8.333333333333334,0.07142857142857142,0.0,1749861000.0,-0.07142857142857142,OUT,2025-ev-17,7.0,0.05052345177824413,35.166666666666664,0.05555555555555555,0.1111111111111111,0.0,0.0,1.0,1.0,1.0,1.0,1.0,0.8961267605633803,0.8716487701690455,8.690489,34.4,44.3,21.2,12.84
Arden,Cohen,RED,Defense,SSDM,002017,37,2025_game_17,10.694444444444445,37.333333333333336,31.0,0.05555555555555555,0.0,1.9444444444444444,2.6666666666666665,0.0,0.0,0.0,0.0,0.027777777777777776,0.0,0.8888888888888888,3.3333333333333335,0.0,0.0,4.861111111111111,5.666666666666667,0.027777777777777776,0.0,1749861000.0,-0.027777777777777776,OUT,2025-ev-17,7.0,0.05052345177824413,35.166666666666664,0.05555555555555555,0.1111111111111111,0.0,0.0,1.0,1.0,1.0,1.0,1.0,1.3029220779220778,0.9743910738449452,8.768495,26.0,62.9,11.1,11.96
Arden,Cohen,RED,Defense,SSDM,002017,38,2025_game_19,10.694444444444445,37.333333333333336,31.0,0.05555555555555555,0.0,1.9444444444444444,2.6666666666666665,0.0,0.0,0.0,0.0,0.027777777777777776,0.0,0.8888888888888888,3.3333333333333335,0.0,0.0,4.861111111111111,5.666666666666667,0.027777777777777776,0.0,1749861000.0,-0.027777777777777776,OUT,2025-ev-17,7.0,0.05052345177824413,35.166666666666664,0.05555555555555555,0.1111111111111111,0.0,0.0,1.0,1.0,1.0,1.0,1.0,1.3029220779220778,0.9743910738449452,8.768495,26.0,62.9,11.1,11.96
Carter,Rice,RED,Defense,SSDM,003185,3,2025_game_17,0.6666666666666666,0.6666666666666666,1.0,0.0,0.0,0.6666666666666666,0.6666666666666666,0.0,0.0,0.0,0.0,0.0,0.0,0.0,0.0,0.0,0.0,7.666666666666667,7.666666666666667,0.0,0.0,1749861000.0,0.0,OUT,2025-ev-17,7.0,0.05052345177824413,35.166666666666664,0.05555555555555555,0.1111111111111111,0.0,0.0,1.0,1.0,1.0,1.0,1.0,1.0,0.9743910738449452,7.8962255,33.0,50.7,16.3,12.97
Carter,Rice,RED,Defense,SSDM,003185,3,2025_game_19,0.6666666666666666,0.6666666666666666,1.0,0.0,0.0,0.6666666666666666,0.6666666666666666,0.0,0.0,0.0,0.0,0.0,0.0,0.0,0.0,0.0,0.0,7.666666666666667,7.666666666666667,0.0,0.0,1749861000.0,0.0,OUT,2025-ev-17,7.0,0.05052345177824413,35.166666666666664,0.05555555555555555,0.1111111111111111,0.0,0.0,1.0,1.0,1.0,1.0,1.0,1.0,0.9743910738449452,7.8962255,33.0,50.7,16.3,12.97
BJ,Farrare,RED,Defense,SSDM,003059,6,2025_game_17,8.7,3.8333333333333335,10.0,0.2,0.3333333333333333,0.8,0.6666666666666666,0.0,0.0,0.0,0.0,0.2,0.0,0.6,0.3333333333333333,0.0,0.0,2.8,2.6666666666666665,0.0,0.0,1749861000.0,0.0,OUT,2025-ev-17,7.0,0.05052345177824413,35.166666666666664,0.05555555555555555,0.1111111111111111,0.0,0.0,1.0,1.0,1.0,1.0,1.0,0.8524904214559388,0.9743910738449452,8.238011,50.0,31.7,18.4,16.36
BJ,Farrare,RED,Defense,SSDM,003059,7,2025_game_19,8.7,3.8333333333333335,10.0,0.2,0.3333333333333333,0.8,0.6666666666666666,0.0,0.0,0.0,0.0,0.2,0.0,0.6,0.3333333333333333,0.0,0.0,2.8,2.6666666666666665,0.0,0.0,1749861000.0,0.0,OUT,2025-ev-17,7.0,0.05052345177824413,35.166666666666664,0.05555555555555555,0.1111111111111111,0.0,0.0,1.0,1.0,1.0,1.0,1.0,0.8524904214559388,0.9743910738449452,8.238011,50.0,31.7,18.4,16.36
Cole,Kastner,RED,Defense,Defensemen,003105,6,2025_game_17,0.0,0.0,0.0,0.0,0.0,0.0,0.0,0.0,0.0,0.0,0.0,0.0,0.0,0.0,0.0,0.0,0.0,0.0,0.0,0.0,0.0,1749942000.0,0.0,OUT,2025-ev-17,7.0,0.05052345177824413,35.166666666666664,0.05555555555555555,0.1111111111111111,0.0,0.0,1.0,1.0,1.0,1.0,1.0,1.0,0.8716487701690455,8.432092,27.6,57.9,14.5,12.0
Brian,Tevlin,RED,Defense,SSDM,003024,17,2025_game_17,12.436363636363637,12.833333333333334,14.5,1.3636363636363635,2.0,2.5,4.0,0.0,0.0,0.09090909090909091,0.0,0.045454545454545456,0.0,0.9090909090909091,0.6666666666666666,0.08333333333333333,0.0,11.090909090909092,13.333333333333334,0.12272727272727274,0.3333333333333333,1749861000.0,0.21060606060606057,OUT,2025-ev-17,7.0,0.05052345177824413,35.166666666666664,0.05555555555555555,0.1111111111111111,0.0,0.0,1.0,1.0,1.0,1.0,1.0,0.7717209690893901,0.9743910738449452,14.690402,38.2,45.2,16.5,14.04
Brian,Tevlin,RED,Defense,SSDM,003024,18,2025_game_19,12.436363636363637,12.833333333333334,14.5,1.3636363636363635,2.0,2.5,4.0,0.0,0.0,0.09090909090909091,0.0,0.045454545454545456,0.0,0.9090909090909091,0.6666666666666666,0.08333333333333333,0.0,11.090909090909092,13.333333333333334,0.12272727272727274,0.3333333333333333,1749861000.0,0.21060606060606057,OUT,2025-ev-17,7.0,0.05052345177824413,35.166666666666664,0.05555555555555555,0.1111111111111111,0.0,0.0,1.0,1.0,1.0,1.0,1.0,0.7717209690893901,0.9743910738449452,14.690402,38.2,45.2,16.5,14.04
Carter,Parlette,RED,Defense,SSDM,003110,2,2025_game_19,0.0,0.0,0.0,0.0,0.0,0.0,0.0,0.0,0.0,0.0,0.0,0.0,0.0,0.0,0.0,0.0,0.0,0.0,0.0,0.0,0.0,1749942000.0,0.0,OUT,2025-ev-17,7.0,0.05052345177824413,35.166666666666664,0.05555555555555555,0.1111111111111111,0.0,0.0,1.0,1.0,1.0,1.0,1.0,1.0,0.9743910738449452,8.432092,27.2,58.7,14.1,11.95
Jared,Conners,RED,Defense,SSDM,001813,12,2025_game_17,9.217777777777778,10.666666666666666,12.0,0.7111111111111111,0.6666666666666666,2.2222222222222223,1.6666666666666667,0.0,0.0,0.022222222222222223,0.0,0.17777777777777778,0.6666666666666666,0.5777777777777777,0.3333333333333333,0.0625,0.0,6.433333333333334,7.666666666666667,0.06666666666666667,0.0,1749861000.0,-0.06666666666666667,OUT,2025-ev-17,7.0,0.05052345177824413,35.166666666666664,0.05555555555555555,0.1111111111111111,0.0,0.0,1.0,1.0,1.0,1.0,1.0,0.9368972999035681,0.9743910738449452,10.982011,42.0,41.8,16.1,14.87
Jared,Conners,RED,Defense,SSDM,001813,14,2025_game_19,9.217777777777778,10.666666666666666,12.0,0.7111111111111111,0.6666666666666666,2.2222222222222223,1.6666666666666667,0.0,0.0,0.022222222222222223,0.0,0.17777777777777778,0.6666666666666666,0.5777777777777777,0.3333333333333333,0.0625,0.0,6.433333333333334,7.666666666666667,0.06666666666666667,0.0,1749861000.0,-0.06666666666666667,OUT,2025-ev-17,7.0,0.05052345177824413,35.166666666666664,0.05555555555555555,0.1111111111111111,0.0,0.0,1.0,1.0,1.0,1.0,1.0,0.9368972999035681,0.9743910738449452,10.982011,42.0,41.8,16.1,14.87
Michael,Manley,OUT,Defense,Defensemen,000302,20,2025_game_17,13.379310344827585,22.333333333333332,11.0,0.7586206896551724,0.6666666666666666,2.0517241379310347,1.6666666666666667,0.0,0.0,0.0,0.0,0.08620689655172414,0.0,0.9655172413793104,1.3333333333333333,0.0,0.0,7.755172413793104,5.666666666666667,0.12931034482758622,0.6666666666666666,1750608000.0,0.5373563218390804,RED,2025-ev-17,7.0,-0.05052345177824413,83.0,0.05555555555555555,0.0,0.0,0.0,1.0,1.0,1.0,1.0,1.0,0.7765463917525773,0.8962589382784357,12.48319,37.4,44.4,18.2,13.73
AJ,Pilate,OUT,Defense,Defensemen,003190,3,2025_game_17,1.0,1.0,1.0,1.0,1.0,1.0,1.0,0.0,0.0,0.0,0.0,0.0,0.0,0.0,0.0,0.0,0.0,3.0,3.0,0.0,0.0,1750608000.0,0.0,RED,2025-ev-17,7.0,-0.05052345177824413,83.0,0.05555555555555555,0.0,0.0,0.0,1.0,1.0,1.0,1.0,1.0,1.0,0.8962589382784357,7.1885986,33.6,51.2,15.1,13.2
Ryan,Terefenko,OUT,Defense,SSDM,001820,5,2025_game_17,9.022222222222222,2.8333333333333335,-2.5,0.9555555555555556,1.6666666666666667,1.9111111111111112,1.6666666666666667,0.0,0.0,0.0,0.0,0.28888888888888886,0.0,0.35555555555555557,0.0,0.0,0.0,11.042222222222222,12.666666666666666,0.2185185185185185,0.16666666666666666,1750608000.0,-0.05185185185185184,RED,2025-ev-17,7.0,-0.05052345177824413,83.0,0.05555555555555555,0.0,0.0,0.0,1.0,1.0,1.0,1.0,1.0,1.123768472906404,1.041764432899067,8.665816,36.1,46.4,17.6,13.52
Jesse,Bernhardt,OUT,Defense,Defensemen,000405,12,2025_game_17,12.894736842105264,6.333333333333333,0.0,0.2894736842105263,0.0,1.763157894736842,0.6666666666666666,0.0,0.0,0.0,0.0,0.15789473684210525,0.0,0.9473684210526315,0.6666666666666666,0.0,0.0,8.052631578947368,5.0,0.008771929824561403,0.0,1750608000.0,-0.008771929824561403,RED,2025-ev-17,7.0,-0.05052345177824413,83.0,0.05555555555555555,0.0,0.0,0.0,1.0,1.0,1.0,1.0,1.0,0.838265306122449,0.8962589382784357,9.07975,37.4,45.7,16.9,13.84
Zach,Geddes,OUT,Defense,SSDM,002022,21,2025_game_17,10.318181818181818,9.0,8.0,1.0606060606060606,0.3333333333333333,1.5454545454545454,1.0,0.0,0.0,0.0,0.0,0.15151515151515152,0.3333333333333333,0.45454545454545453,0.6666666666666666,0.0,0.0,7.545454545454546,7.666666666666667,0.16262626262626262,0.0,1750608000.0,-0.16262626262626262,RED,2025-ev-17,7.0,-0.05052345177824413,83.0,0.05555555555555555,0.0,0.0,0.0,1.0,1.0,1.0,1.0,1.0,1.1301253812267027,1.041764432899067,7.4486837,32.8,51.6,15.5,12.99
Alexander,Smith,OUT,Defense,SSDM,002074,2,2025_game_17,4.068181818181818,9.666666666666666,20.0,0.045454545454545456,0.0,0.8181818181818182,0.6666666666666666,0.0,0.0,0.0,0.0,0.045454545454545456,0.0,0.36363636363636365,1.0,0.0,0.0,4.909090909090909,5.0,0.0,0.0,1750608000.0,0.0,RED,2025-ev-17,7.0,-0.05052345177824413,83.0,0.05555555555555555,0.0,0.0,0.0,1.0,1.0,1.0,1.0,1.0,1.0,1.041764432899067,6.8965163,26.3,48.1,25.6,10.77
Jake,Piseno,OUT,Defense,SSDM,003083,29,2025_game_17,13.6,24.666666666666668,2.0,1.2666666666666666,1.6666666666666667,3.0,3.3333333333333335,0.0,0.0,0.0,0.0,0.26666666666666666,1.0,0.7333333333333333,1.0,0.0,0.0,8.6,11.666666666666666,0.08888888888888888,0.16666666666666666,1750608000.0,0.07777777777777778,RED,2025-ev-17,7.0,-0.05052345177824413,83.0,0.05555555555555555,0.0,0.0,0.0,1.0,1.0,1.0,1.0,1.0,1.0477941176470589,1.041764432899067,14.836195,34.1,49.0,17.0,13.15
JT,Giles-Harris,OUT,Defense,Defensemen,001811,3,2025_game_17,8.857142857142858,1.0,2.0,0.02857142857142857,0.0,1.5714285714285714,1.0,0.0,0.0,0.0,0.0,0.0,0.0,0.7714285714285715,0.0,0.0,0.0,7.857142857142857,4.666666666666667,0.0,0.0,1750608000.0,0.0,RED,2025-ev-17,7.0,-0.05052345177824413,83.0,0.05555555555555555,0.0,0.0,0.0,1.0,1.0,1.0,1.0,1.0,0.907258064516129,0.8962589382784357,8.470059,36.2,44.8,19.0,13.41
Chris,Conlin,RED,Defense,Defensemen,003109,6,2025_game_17,10.416666666666666,5.333333333333333,0.0,0.0,0.0,1.9166666666666667,2.0,0.0,0.0,0.0,0.0,0.0,0.0,0.8333333333333334,0.3333333333333333,0.0,0.0,8.5,9.0,0.0,0.0,1749861000.0,0.0,WAT,2025-ev-19,7.0,0.14718382696669874,94.33333333333333,0.05555555555555555,0.25,0.0,0.0,1.0,1.0,1.0,1.0,1.0,0.8813333333333334,0.9131629022914833,10.428482,30.0,52.5,17.6,12.24
Chris,Conlin,RED,Defense,Defensemen,003109,8,2025_game_19,10.416666666666666,5.333333333333333,0.0,0.0,0.0,1.9166666666666667,2.0,0.0,0.0,0.0,0.0,0.0,0.0,0.8333333333333334,0.3333333333333333,0.0,0.0,8.5,9.0,0.0,0.0,1749861000.0,0.0,WAT,2025-ev-19,7.0,0.14718382696669874,94.33333333333333,0.05555555555555555,0.25,0.0,0.0,1.0,1.0,1.0,1.0,1.0,0.8813333333333334,0.9131629022914833,10.428482,30.0,52.5,17.6,12.24
Chris,Fake,RED,Defense,Defensemen,003029,5,2025_game_17,5.071428571428571,6.666666666666667,7.0,0.5,0.6666666666666666,1.1428571428571428,1.0,0.0,0.0,0.0,0.0,0.0,0.0,0.35714285714285715,0.6666666666666666,0.0,0.0,7.142857142857143,8.333333333333334,0.07142857142857142,0.0,1749861000.0,-0.07142857142857142,WAT,2025-ev-19,7.0,0.14718382696669874,94.33333333333333,0.05555555555555555,0.25,0.0,0.0,1.0,1.0,1.0,1.0,1.0,0.8661971830985916,0.9131629022914833,7.2672076,37.0,44.0,18.9,13.58
Chris,Fake,RED,Defense,Defensemen,003029,6,2025_game_19,5.071428571428571,6.666666666666667,7.0,0.5,0.6666666666666666,1.1428571428571428,1.0,0.0,0.0,0.0,0.0,0.0,0.0,0.35714285714285715,0.6666666666666666,0.0,0.0,7.142857142857143,8.333333333333334,0.07142857142857142,0.0,1749861000.0,-0.07142857142857142,WAT,2025-ev-19,7.0,0.14718382696669874,94.33333333333333,0.05555555555555555,0.25,0.0,0.0,1.0,1.0,1.0,1.0,1.0,0.8661971830985916,0.9131629022914833,7.2672076,37.0,44.0,18.9,13.58
Arden,Cohen,RED,Defense,SSDM,002017,37,2025_game_17,10.694444444444445,37.333333333333336,31.0,0.05555555555555555,0.0,1.9444444444444444,2.6666666666666665,0.0,0.0,0.0,0.0,0.027777777777777776,0.0,0.8888888888888888,3.3333333333333335,0.0,0.0,4.861111111111111,5.666666666666667,0.027777777777777776,0.0,1749861000.0,-0.027777777777777776,WAT,2025-ev-19,7.0,0.14718382696669874,94.33333333333333,0.05555555555555555,0.25,0.0,0.0,1.0,1.0,1.0,1.0,1.0,0.8120129870129871,0.923979997038691,9.669281,33.2,46.1,20.7,12.64
Arden,Cohen,RED,Defense,SSDM,002017,38,2025_game_19,10.694444444444445,37.333333333333336,31.0,0.05555555555555555,0.0,1.9444444444444444,2.6666666666666665,0.0,0.0,0.0,0.0,0.027777777777777776,0.0,0.8888888888888888,3.3333333333333335,0.0,0.0,4.861111111111111,5.666666666666667,0.027777777777777776,0.0,1749861000.0,-0.027777777777777776,WAT,2025-ev-19,7.0,0.14718382696669874,94.33333333333333,0.05555555555555555,0.25,0.0,0.0,1.0,1.0,1.0,1.0,1.0,0.8120129870129871,0.923979997038691,9.669281,33.2,46.1,20.7,12.64
Carter,Rice,RED,Defense,SSDM,003185,3,2025_game_17,0.6666666666666666,0.6666666666666666,1.0,0.0,0.0,0.6666666666666666,0.6666666666666666,0.0,0.0,0.0,0.0,0.0,0.0,0.0,0.0,0.0,0.0,7.666666666666667,7.666666666666667,0.0,0.0,1749861000.0,0.0,WAT,2025-ev-19,7.0,0.14718382696669874,94.33333333333333,0.05555555555555555,0.25,0.0,0.0,1.0,1.0,1.0,1.0,1.0,1.0,0.923979997038691,6.4729404,28.7,49.3,22.0,11.58
Carter,Rice,RED,Defense,SSDM,003185,3,2025_game_19,0.6666666666666666,0.6666666666666666,1.0,0.0,0.0,0.6666666666666666,0.6666666666666666,0.0,0.0,0.0,0.0,0.0,0.0,0.0,0.0,0.0,0.0,7.666666666666667,7.666666666666667,0.0,0.0,1749861000.0,0.0,WAT,2025-ev-19,7.0,0.14718382696669874,94.33333333333333,0.05555555555555555,0.25,0.0,0.0,1.0,1.0,1.0,1.0,1.0,1.0,0.923979997038691,6.4729404,28.7,49.3,22.0,11.58
BJ,Farrare,RED,Defense,SSDM,003059,6,2025_game_17,8.7,3.8333333333333335,10.0,0.2,0.3333333333333333,0.8,0.6666666666666666,0.0,0.0,0.0,0.0,0.2,0.0,0.6,0.3333333333333333,0.0,0.0,2.8,2.6666666666666665,0.0,0.0,1749861000.0,0.0,WAT,2025-ev-19,7.0,0.14718382696669874,94.33333333333333,0.05555555555555555,0.25,0.0,0.0,1.0,1.0,1.0,1.0,1.0,1.2547892720306515,0.923979997038691,6.7722116,28.0,49.4,22.6,11.38
BJ,Farrare,RED,Defense,SSDM,003059,7,2025_game_19,8.7,3.8333333333333335,10.0,0.2,0.3333333333333333,0.8,0.6666666666666666,0.0,0.0,0.0,0.0,0.2,0.0,0.6,0.3333333333333333,0.0,0.0,2.8,2.6666666666666665,0.0,0.0,1749861000.0,0.0,WAT,2025-ev-19,7.0,0.14718382696669874,94.33333333333333,0.05555555555555555,0.25,0.0,0.0,1.0,1.0,1.0,1.0,1.0,1.2547892720306515,0.923979997038691,6.7722116,28.0,49.4,22.6,11.38
Cole,Kastner,RED,Defense,Defensemen,003105,6,2025_game_17,0.0,0.0,0.0,0.0,0.0,0.0,0.0,0.0,0.0,0.0,0.0,0.0,0.0,0.0,0.0,0.0,0.0,0.0,0.0,0.0,0.0,1749942000.0,0.0,WAT,2025-ev-19,7.0,0.14718382696669874,94.33333333333333,0.05555555555555555,0.25,0.0,0.0,1.0,1.0,1.0,1.0,1.0,1.0,0.9131629022914833,6.5539365,27.8,53.7,18.5,11.7
Brian,Tevlin,RED,Defense,SSDM,003024,17,2025_game_17,12.436363636363637,12.833333333333334,14.5,1.3636363636363635,2.0,2.5,4.0,0.0,0.0,0.09090909090909091,0.0,0.045454545454545456,0.0,0.9090909090909091,0.6666666666666666,0.08333333333333333,0.0,11.090909090909092,13.333333333333334,0.12272727272727274,0.3333333333333333,1749861000.0,0.21060606060606057,WAT,2025-ev-19,7.0,0.14718382696669874,94.33333333333333,0.05555555555555555,0.25,0.0,0.0,1.0,1.0,1.0,1.0,1.0,1.309088693957115,0.923979997038691,14.899526,33.6,51.2,15.1,13.2
Brian,Tevlin,RED,Defense,SSDM,003024,18,2025_game_19,12.436363636363637,12.833333333333334,14.5,1.3636363636363635,2.0,2.5,4.0,0.0,0.0,0.09090909090909091,0.0,0.045454545454545456,0.0,0.9090909090909091,0.6666666666666666,0.08333333333333333,0.0,11.090909090909092,13.333333333333334,0.12272727272727274,0.3333333333333333,1749861000.0,0.21060606060606057,WAT,2025-ev-19,7.0,0.14718382696669874,94.33333333333333,0.05555555555555555,0.25,0.0,0.0,1.0,1.0,1.0,1.0,1.0,1.309088693957115,0.923979997038691,14.899526,33.6,51.2,15.1,13.2
Carter,Parlette,RED,Defense,SSDM,003110,2,2025_game_19,0.0,0.0,0.0,0.0,0.0,0.0,0.0,0.0,0.0,0.0,0.0,0.0,0.0,0.0,0.0,0.0,0.0,0.0,0.0,0.0,0.0,1749942000.0,0.0,WAT,2025-ev-19,7.0,0.14718382696669874,94.33333333333333,0.05555555555555555,0.25,0.0,0.0,1.0,1.0,1.0,1.0,1.0,1.0,0.923979997038691,6.5539365,27.8,53.7,18.5,11.7
Jared,Conners,RED,Defense,SSDM,001813,12,2025_game_17,9.217777777777778,10.666666666666666,12.0,0.7111111111111111,0.6666666666666666,2.2222222222222223,1.6666666666666667,0.0,0.0,0.022222222222222223,0.0,0.17777777777777778,0.6666666666666666,0.5777777777777777,0.3333333333333333,0.0625,0.0,6.433333333333334,7.666666666666667,0.06666666666666667,0.0,1749861000.0,-0.06666666666666667,WAT,2025-ev-19,7.0,0.14718382696669874,94.33333333333333,0.05555555555555555,0.25,0.0,0.0,1.0,1.0,1.0,1.0,1.0,0.5596673095467696,0.923979997038691,10.575463,33.6,46.0,20.4,12.75
Jared,Conners,RED,Defense,SSDM,001813,14,2025_game_19,9.217777777777778,10.666666666666666,12.0,0.7111111111111111,0.6666666666666666,2.2222222222222223,1.6666666666666667,0.0,0.0,0.022222222222222223,0.0,0.17777777777777778,0.6666666666666666,0.5777777777777777,0.3333333333333333,0.0625,0.0,6.433333333333334,7.666666666666667,0.06666666666666667,0.0,1749861000.0,-0.06666666666666667,WAT,2025-ev-19,7.0,0.14718382696669874,94.33333333333333,0.05555555555555555,0.25,0.0,0.0,1.0,1.0,1.0,1.0,1.0,0.5596673095467696,0.923979997038691,10.575463,33.6,46.0,20.4,12.75
Christian,Scarpello,WAT,Defense,SSDM,001795,2,2025_game_19,5.2,5.5,6.5,0.23333333333333334,0.6666666666666666,1.2666666666666666,1.0,0.0,0.0,0.0,0.0,0.1,0.0,0.3,0.3333333333333333,0.0,0.0,6.833333333333333,8.0,0.06666666666666667,0.3333333333333333,1723933800.0,0.26666666666666666,RED,2025-ev-19,7.0,-0.14718382696669874,83.0,0.17647058823529413,0.0,0.0,0.0,1.0,1.0,1.0,1.0,1.0,1.0,1.041764432899067,7.261875,34.7,45.3,20.0,13.01
Jimmy,Freehill,WAT,Defense,Defensemen,003181,4,2025_game_19,5.0,5.0,2.0,1.0,1.0,1.6666666666666667,1.6666666666666667,0.0,0.0,0.0,0.0,0.0,0.0,0.3333333333333333,0.3333333333333333,0.0,0.0,8.0,8.0,0.0,0.0,1749942000.0,0.0,RED,2025-ev-19,7.0,-0.14718382696669874,83.0,0.17647058823529413,0.0,0.0,0.0,1.0,1.0,1.0,1.0,1.0,1.0,0.8962589382784357,8.266968,36.2,45.7,18.2,13.49
Dylan,Hess,WAT,Defense,SSDM,003101,9,2025_game_19,9.875,13.333333333333334,36.5,0.25,0.3333333333333333,1.5,2.0,0.0,0.0,0.0,0.0,0.0,0.0,0.75,1.0,0.0,0.0,8.5,8.333333333333334,0.0,0.0,1750536000.0,0.0,RED,2025-ev-19,7.0,-0.14718382696669874,83.0,0.17647058823529413,0.0,0.0,0.0,1.0,1.0,1.0,1.0,1.0,1.0,1.041764432899067,10.876287,39.1,44.0,17.0,14.2
Ben,Wayer,WAT,Defense,SSDM,003179,5,2025_game_19,6.0,4.666666666666667,13.0,1.5,1.3333333333333333,2.5,2.3333333333333335,0.0,0.0,0.0,0.0,0.0,0.0,0.25,0.3333333333333333,0.0,0.0,5.75,4.666666666666667,0.125,0.0,1750536000.0,-0.125,RED,2025-ev-19,7.0,-0.14718382696669874,83.0,0.17647058823529413,0.0,0.0,0.0,1.0,1.0,1.0,1.0,1.0,1.0,1.041764432899067,10.498918,28.4,46.4,25.2,11.24
Marcus,Hudgins,WAT,Defense,SSDM,003096,23,2025_game_19,14.5,20.0,57.0,0.1,0.3333333333333333,2.1,2.6666666666666665,0.0,0.0,0.0,0.0,0.1,0.3333333333333333,1.1,1.3333333333333333,0.0,0.0,6.3,6.666666666666667,0.0,0.0,1750536000.0,0.0,RED,2025-ev-19,7.0,-0.14718382696669874,83.0,0.17647058823529413,0.0,0.0,0.0,1.0,1.0,1.0,1.0,1.0,0.8333333333333334,1.041764432899067,14.690065,36.1,52.6,11.2,14.06
Matt,Whitcher,WAT,Defense,SSDM,001707,6,2025_game_19,8.215909090909092,6.666666666666667,22.0,0.8181818181818182,1.0,1.4545454545454546,2.0,0.0,0.0,0.0,0.0,0.0,0.0,0.5227272727272727,0.3333333333333333,0.0,0.0,6.702272727272727,9.333333333333334,0.196969696969697,0.16666666666666666,1750536000.0,-0.03030303030303033,RED,2025-ev-19,7.0,-0.14718382696669874,83.0,0.17647058823529413,0.0,0.0,0.0,1.0,1.0,1.0,1.0,1.0,0.731673582295989,1.041764432899067,8.276028,33.3,47.2,19.5,12.76
Ben,Randall,WAT,Defense,Defensemen,001406,19,2025_game_19,15.395833333333334,15.0,9.0,0.3541666666666667,0.3333333333333333,2.1041666666666665,2.0,0.0,0.0,0.0,0.0,0.041666666666666664,0.0,1.25,1.3333333333333333,0.0,0.0,7.958333333333333,9.333333333333334,0.07291666666666667,0.0,1750536000.0,-0.07291666666666667,RED,2025-ev-19,7.0,-0.14718382696669874,83.0,0.17647058823529413,0.0,0.0,0.0,1.0,1.0,1.0,1.0,1.0,0.7864982709367012,0.8962589382784357,12.466814,34.6,48.7,16.8,13.27
Kenny,Brower,WAT,Defense,Defensemen,003089,23,2025_game_19,20.0,19.0,1.0,0.0,0.0,1.25,0.6666666666666666,0.0,0.0,0.0,0.0,0.0,0.0,1.75,1.6666666666666667,0.0,0.0,6.25,6.0,0.0,0.0,1750536000.0,0.0,RED,2025-ev-19,7.0,-0.14718382696669874,83.0,0.17647058823529413,0.0,0.0,0.0,1.0,1.0,1.0,1.0,1.0,1.0,0.8962589382784357,14.485926,37.9,44.6,17.5,13.9
Jack,Rowlett,CHA,Defense,Defensemen,000365,10,2025_game_20,12.210294117647058,5.333333333333333,20.0,0.23529411764705882,0.0,1.4264705882352942,0.6666666666666666,0.0,0.0,0.08823529411764706,0.0,0.058823529411764705,0.0,1.0588235294117647,0.6666666666666666,0.029569892473118278,0.0,6.285294117647059,4.666666666666667,0.029411764705882353,0.0,1750617000.0,-0.029411764705882353,CAN,2025-ev-20,7.0,0.09534924142725898,54.1,0.29411764705882354,0.0,0.0,0.0,1.0,1.0,1.0,1.0,0.9493353574657479,0.7657607022896677,1.088040377454894,10.146775,34.3,50.2,15.5,13.32
Jack,Posey,CHA,Defense,Defensemen,003128,5,2025_game_20,4.444444444444445,9.333333333333334,10.0,0.0,0.0,1.0,1.3333333333333333,0.0,0.0,0.0,0.0,0.1111111111111111,0.3333333333333333,0.3333333333333333,0.6666666666666666,0.0,0.0,4.222222222222222,5.666666666666667,0.0,0.0,1750617000.0,0.0,CAN,2025-ev-20,7.0,0.09534924142725898,54.1,0.29411764705882354,0.0,0.0,0.0,1.0,1.0,1.0,1.0,1.0,1.0,1.088040377454894,7.490983,33.1,40.2,26.7,12.1
Greg,Langermeier,CHA,Defense,SSDM,003206,5,2025_game_20,7.0,7.0,12.0,1.3333333333333333,1.3333333333333333,1.3333333333333333,1.3333333333333333,0.0,0.0,0.0,0.0,0.3333333333333333,0.3333333333333333,0.3333333333333333,0.3333333333333333,0.0,0.0,7.333333333333333,7.333333333333333,0.0,0.0,1750617000.0,0.0,CAN,2025-ev-20,7.0,0.09534924142725898,54.1,0.29411764705882354,0.0,0.0,0.0,1.0,1.0,1.0,1.0,1.0,1.0,0.959640237640682,9.524179,35.4,47.2,17.3,13.38
Mark,Glicini,CHA,Defense,SSDM,000275,7,2025_game_20,4.397435897435898,9.666666666666666,-2.0,0.20512820512820512,0.3333333333333333,1.1282051282051282,1.3333333333333333,0.0,0.0,0.0,0.0,0.02564102564102564,0.0,0.3333333333333333,0.6666666666666666,0.0,0.0,5.230769230769231,6.666666666666667,0.05128205128205128,0.3333333333333333,1750617000.0,0.28205128205128205,CAN,2025-ev-20,7.0,0.09534924142725898,54.1,0.29411764705882354,0.0,0.0,0.0,1.0,1.0,1.0,1.0,1.0,0.6395273899033298,0.959640237640682,7.099646,35.5,38.9,25.7,12.7
Levi,Verch,CHA,Defense,SSDM,003171,3,2025_game_20,2.75,4.333333333333333,12.0,0.25,0.3333333333333333,1.75,2.0,0.0,0.0,0.0,0.0,0.0,0.0,0.25,0.3333333333333333,0.0,0.0,6.5,6.0,0.0,0.0,1750617000.0,0.0,CAN,2025-ev-20,7.0,0.09534924142725898,54.1,0.29411764705882354,0.0,0.0,0.0,1.0,1.0,1.0,1.0,1.0,1.0,0.959640237640682,7.040994,37.5,44.3,18.2,13.75
Jarrod,Neumann,CHA,Defense,Defensemen,000269,13,2025_game_20,9.971830985915492,17.0,1.0,0.7183098591549296,1.0,1.591549295774648,1.3333333333333333,0.0,0.0,0.0,0.0,0.04225352112676056,0.0,0.647887323943662,0.3333333333333333,0.0,0.0,5.711267605633803,6.333333333333333,0.05516431924882629,0.3333333333333333,1750617000.0,0.278169014084507,CAN,2025-ev-20,7.0,0.09534924142725898,54.1,0.29411764705882354,0.0,0.0,0.0,1.0,1.0,1.0,1.0,1.0,1.3122881355932203,1.088040377454894,10.330072,34.1,47.5,18.3,13.03
Ray,Dearth,CHA,Defense,SSDM,003212,2,2025_game_20,0.5,0.5,-1.0,0.5,0.5,2.5,2.5,0.0,0.0,0.0,0.0,0.0,0.0,0.0,0.0,0.0,0.0,8.0,8.0,0.0,0.0,1749247200.0,0.0,CAN,2025-ev-20,7.0,0.09534924142725898,54.1,0.29411764705882354,0.0,0.0,0.0,1.0,1.0,1.0,1.0,1.0,1.0,0.959640237640682,11.051268,32.1,51.1,16.8,12.74
Troy,Reh,CHA,Defense,SSDM,000281,16,2025_game_20,11.871428571428572,10.333333333333334,12.0,0.6428571428571429,0.3333333333333333,2.442857142857143,4.666666666666667,0.0,0.0,0.0,0.0,0.04285714285714286,0.0,0.8,0.6666666666666666,0.0,0.0,7.457142857142857,9.666666666666666,0.10714285714285714,0.0,1750617000.0,-0.10714285714285714,CAN,2025-ev-20,7.0,0.09534924142725898,54.1,0.29411764705882354,0.0,0.0,0.0,1.0,1.0,1.0,1.0,1.0,1.178098676293622,0.959640237640682,9.496844,34.4,48.5,17.1,13.2
Jack,Kielty,CAN,Defense,Defensemen,001817,17,2025_game_20,9.972222222222221,16.333333333333332,1.0,0.08333333333333333,0.0,1.5,1.3333333333333333,0.0,0.0,0.0,0.0,0.0,0.0,0.8611111111111112,1.3333333333333333,0.0,0.0,7.088888888888889,6.666666666666667,0.0,0.0,1750546800.0,0.0,CHA,2025-ev-20,7.0,-0.09534924142725898,88.66666666666667,0.058823529411764705,0.1111111111111111,0.0,0.0,1.0,1.0,1.0,1.0,1.0,0.9509052924791086,1.0301255650453358,10.469202,32.8,44.7,22.5,12.4
Ethan,Rall,CAN,Defense,SSDM,003041,25,2025_game_20,18.51923076923077,15.666666666666666,1.0,0.46153846153846156,0.0,2.8461538461538463,0.6666666666666666,0.0,0.0,0.38461538461538464,0.0,0.038461538461538464,0.0,1.5769230769230769,1.3333333333333333,0.20384550949566427,0.3,4.346153846153846,2.3333333333333335,0.11538461538461539,0.0,1750546800.0,-0.11538461538461539,CHA,2025-ev-20,7.0,-0.09534924142725898,88.66666666666667,0.058823529411764705,0.1111111111111111,0.0,0.0,1.0,1.0,1.0,1.0,1.0,0.9253634475597092,0.9999079385581939,14.447738,37.5,45.5,17.0,13.86
Garrett,Epple,CAN,Defense,Defensemen,000315,25,2025_game_20,21.223880597014926,17.666666666666668,21.0,0.2537313432835821,0.3333333333333333,2.3582089552238807,1.0,0.0,0.0,0.0,0.0,0.029850746268656716,0.0,1.8059701492537314,1.6666666666666667,0.0,0.0,8.105970149253732,8.333333333333334,0.05223880597014925,0.0,1750546800.0,-0.05223880597014925,CHA,2025-ev-20,7.0,-0.09534924142725898,88.66666666666667,0.058823529411764705,0.1111111111111111,0.0,0.0,1.0,1.0,1.0,1.0,1.0,1.0028520081262697,1.0301255650453358,14.514663,43.0,40.6,16.4,15.06
Owen,Grant,CAN,Defense,SSDM,003023,26,2025_game_20,18.333333333333332,24.333333333333332,23.0,1.6666666666666667,1.0,1.4444444444444444,2.0,0.0,0.0,0.0,0.0,0.1111111111111111,0.3333333333333333,1.1111111111111112,1.3333333333333333,0.0,0.0,5.555555555555555,6.666666666666667,0.2037037037037037,0.1111111111111111,1750546800.0,-0.09259259259259259,CHA,2025-ev-20,7.0,-0.09534924142725898,88.66666666666667,0.058823529411764705,0.1111111111111111,0.0,0.0,1.0,1.0,1.0,1.0,1.0,0.937878787878788,0.9999079385581939,11.134362,33.6,42.6,23.8,12.45
Zach,Goodrich,CAN,Defense,SSDM,001671,3,2025_game_20,7.48936170212766,4.0,0.0,0.2553191489361702,0.0,0.8936170212765957,1.0,0.0,0.0,0.10638297872340426,0.0,0.06382978723404255,0.0,0.6382978723404256,0.3333333333333333,0.0364741641337386,0.0,6.0,7.333333333333333,0.010638297872340425,0.0,1750546800.0,-0.010638297872340425,CHA,2025-ev-20,7.0,-0.09534924142725898,88.66666666666667,0.058823529411764705,0.1111111111111111,0.0,0.0,1.0,1.0,1.0,1.0,1.0,1.1742897727272728,0.9999079385581939,6.6377325,33.0,46.7,20.3,12.63
Bryce,Young,CAN,Defense,Defensemen,000337,6,2025_game_20,11.582089552238806,7.666666666666667,10.0,0.1791044776119403,0.0,1.9402985074626866,2.0,0.0,0.0,0.0,0.0,0.04477611940298507,0.0,0.9253731343283582,0.6666666666666666,0.0,0.0,6.074626865671642,2.6666666666666665,0.04477611940298507,0.0,1750546800.0,-0.04477611940298507,CHA,2025-ev-20,7.0,-0.09534924142725898,88.66666666666667,0.058823529411764705,0.1111111111111111,0.0,0.0,1.0,1.0,1.0,1.0,1.0,1.131586483390607,1.0301255650453358,9.9970255,33.4,44.6,22.0,12.57
Ben,Ramsey,CAN,Defense,SSDM,003184,21,2025_game_20,19.0,9.333333333333334,14.0,0.25,0.3333333333333333,2.75,2.6666666666666665,0.0,0.0,0.0,0.0,0.5,0.3333333333333333,0.75,0.0,0.0,0.0,9.0,9.333333333333334,0.25,0.3333333333333333,1750546800.0,0.08333333333333331,CHA,2025-ev-20,7.0,-0.09534924142725898,88.66666666666667,0.058823529411764705,0.1111111111111111,0.0,0.0,1.0,1.0,1.0,1.0,1.0,1.0,0.9999079385581939,10.796596,35.1,45.5,19.4,13.15
Jeff,Trainor,CAN,Defense,SSDM,001826,11,2025_game_20,12.148148148148149,6.333333333333333,19.0,1.1111111111111112,1.6666666666666667,1.1481481481481481,1.6666666666666667,0.0,0.0,0.0,0.0,0.2222222222222222,0.0,0.5925925925925926,0.6666666666666666,0.0,0.0,8.185185185185185,9.0,0.19444444444444445,0.0,1750546800.0,-0.19444444444444445,CHA,2025-ev-20,7.0,-0.09534924142725898,88.66666666666667,0.058823529411764705,0.1111111111111111,0.0,0.0,1.0,1.0,1.0,1.0,1.0,0.6938250428816466,0.9999079385581939,7.8572316,33.9,48.1,17.9,13.02
Brett,Makar,ATL,Defense,Defensemen,003009,19,2025_game_18,11.653846153846153,11.666666666666666,16.0,0.34615384615384615,1.0,3.1153846153846154,2.6666666666666665,0.0,0.0,0.0,0.0,0.07692307692307693,0.0,0.7692307692307693,0.3333333333333333,0.0,0.0,8.615384615384615,9.333333333333334,0.07692307692307693,0.3333333333333333,1750536000.0,0.2564102564102564,ARC,2025-ev-18,7.0,0.1431314404136445,95.03333333333335,0.17647058823529413,0.0,0.0,0.0,1.0,1.0,1.0,1.0,1.0,0.9349363507779349,0.8780707461213942,14.158078,34.0,50.8,15.3,13.28
Michael,Rexrode,ATL,Defense,Defensemen,001397,5,2025_game_18,12.010416666666666,3.3333333333333335,12.0,0.125,0.0,1.7083333333333333,1.0,0.0,0.0,0.0,0.0,0.0,0.0,1.0416666666666667,0.3333333333333333,0.0,0.0,5.33125,5.333333333333333,0.041666666666666664,0.0,1750536000.0,-0.041666666666666664,ARC,2025-ev-18,7.0,0.1431314404136445,95.03333333333335,0.17647058823529413,0.0,0.0,0.0,1.0,1.0,1.0,1.0,1.0,0.7747614917606245,0.8780707461213942,8.9026,33.0,57.5,9.5,13.56
Danny,Logan,ATL,Defense,SSDM,001819,3,2025_game_18,10.67608695652174,-0.4000000000000001,-2.2,0.7608695652173914,0.0,1.608695652173913,0.6666666666666666,0.0,0.0,0.2608695652173913,0.3333333333333333,0.1956521739130435,0.0,0.43478260869565216,0.0,0.16304347826086954,0.4444444444444444,7.715217391304347,5.333333333333333,0.2391304347826087,0.0,1750536000.0,-0.2391304347826087,ARC,2025-ev-18,7.0,0.1431314404136445,95.03333333333335,0.17647058823529413,0.0,0.0,0.0,1.0,1.0,1.0,1.0,1.0,0.6882712278558338,0.9218548427015528,6.5569406,32.4,48.7,18.9,12.62
Max,Krevsky,ATL,Defense,SSDM,003172,3,2025_game_18,0.5,0.5,7.0,0.5,0.5,0.0,0.0,0.0,0.0,0.0,0.0,0.0,0.0,0.5,0.5,0.0,0.0,7.5,7.5,0.0,0.0,1750536000.0,0.0,ARC,2025-ev-18,7.0,0.1431314404136445,95.03333333333335,0.17647058823529413,0.0,0.0,0.0,1.0,1.0,1.0,1.0,1.0,1.0,0.9218548427015528,6.6899395,17.4,58.1,24.6,9.0
Michael,Grace,ATL,Defense,SSDM,003178,5,2025_game_18,6.0,6.0,10.0,1.0,1.0,2.5,2.5,0.0,0.0,0.0,0.0,0.0,0.0,0.0,0.0,0.0,0.0,8.0,8.0,0.5,0.5,1750536000.0,0.0,ARC,2025-ev-18,7.0,0.1431314404136445,95.03333333333335,0.17647058823529413,0.0,0.0,0.0,1.0,1.0,1.0,1.0,1.0,1.0,0.9218548427015528,12.2301445,33.9,48.1,17.9,13.02
Gavin,Adler,ATL,Defense,Defensemen,003008,17,2025_game_18,17.73913043478261,15.0,10.0,0.043478260869565216,0.0,1.4782608695652173,1.3333333333333333,0.0,0.0,0.0,0.0,0.043478260869565216,0.0,1.5217391304347827,1.6666666666666667,0.0,0.0,6.608695652173913,6.666666666666667,0.043478260869565216,0.0,1750536000.0,-0.043478260869565216,ARC,2025-ev-18,7.0,0.1431314404136445,95.03333333333335,0.17647058823529413,0.0,0.0,0.0,1.0,1.0,1.0,1.0,1.0,1.286064425770308,0.8780707461213942,12.02043,34.4,42.9,22.7,12.72
Chet,Comizio,ATL,Defense,SSDM,003039,3,2025_game_18,6.659090909090909,0.5,1.0,0.5909090909090909,0.3333333333333333,1.4545454545454546,0.6666666666666666,0.0,0.0,0.0,0.0,0.09090909090909091,0.0,0.36363636363636365,0.0,0.0,0.0,7.818181818181818,7.0,0.18181818181818182,0.0,1750536000.0,-0.18181818181818182,ARC,2025-ev-18,7.0,0.1431314404136445,95.03333333333335,0.17647058823529413,0.0,0.0,0.0,1.0,1.0,1.0,1.0,1.0,1.3364212579229644,0.9218548427015528,6.0104313,33.0,46.7,20.3,12.63
Tyler,Carpenter,ATL,Defense,SSDM,003099,11,2025_game_18,13.0,8.333333333333334,1.0,0.8,1.3333333333333333,3.533333333333333,2.6666666666666665,0.0,0.0,0.0,0.0,0.06666666666666667,0.0,0.5333333333333333,0.3333333333333333,0.0,0.0,8.266666666666667,9.0,0.23333333333333334,0.16666666666666666,1750536000.0,-0.06666666666666668,ARC,2025-ev-18,7.0,0.1431314404136445,95.03333333333335,0.17647058823529413,0.0,0.0,0.0,1.0,1.0,1.0,1.0,1.0,1.2051282051282053,0.9218548427015528,14.003099,34.6,49.0,16.4,13.3
Graeme,Hossack,ARC,Defense,Defensemen,000922,30,2025_game_18,17.442553191489363,20.666666666666668,50.0,0.40425531914893614,1.0,3.234042553191489,2.3333333333333335,0.0,0.0,0.3404255319148936,0.0,0.02127659574468085,0.0,1.3404255319148937,1.3333333333333333,0.43971631205673756,1.0,7.62127659574468,8.0,0.031914893617021274,0.16666666666666666,1750608000.0,0.1347517730496454,ATL,2025-ev-18,7.0,-0.1431314404136445,70.33333333333333,0.0,0.2857142857142857,0.0,0.0,1.0,1.0,1.0,1.0,1.0,0.7167113930226885,0.9892897872491416,16.31186,40.8,42.7,16.5,14.59
Beau,Pederson,ARC,Defense,SSDM,003087,5,2025_game_18,5.88125,3.9333333333333336,2.3,0.3125,0.3333333333333333,1.125,1.6666666666666667,0.0,0.0,0.125,0.3333333333333333,0.0625,0.0,0.375,0.3333333333333333,0.05208333333333333,0.16666666666666666,7.25,9.0,0.125,0.0,1750608000.0,-0.125,ATL,2025-ev-18,7.0,-0.1431314404136445,70.33333333333333,0.0,0.2857142857142857,0.0,0.0,1.0,1.0,1.0,1.0,1.0,0.8333333333333334,1.2455361916718717,9.0285845,33.4,48.3,18.3,12.89
Mason,Woodward,ARC,Defense,SSDM,003082,9,2025_game_18,15.5625,8.333333333333334,3.0,0.9375,0.0,2.1875,2.6666666666666665,0.0,0.0,0.0,0.0,0.0,0.0,0.875,0.6666666666666666,0.0,0.0,8.9375,6.0,0.25,0.0,1750608000.0,-0.25,ATL,2025-ev-18,7.0,-0.1431314404136445,70.33333333333333,0.0,0.2857142857142857,0.0,0.0,1.0,1.0,1.0,1.0,1.0,1.0475234270414995,1.2455361916718717,12.684677,40.4,44.0,15.6,14.59
Warren,Jeffrey,ARC,Defense,Defensemen,001661,4,2025_game_18,7.108108108108108,0.6666666666666666,-2.0,0.0,0.0,1.3513513513513513,1.6666666666666667,0.0,0.0,0.0,0.0,0.05405405405405406,0.0,0.5945945945945946,0.0,0.0,0.0,4.821621621621621,4.333333333333333,0.0,0.0,1750608000.0,0.0,ATL,2025-ev-18,7.0,-0.1431314404136445,70.33333333333333,0.0,0.2857142857142857,0.0,0.0,1.0,1.0,1.0,1.0,1.0,1.0294676806083651,0.9892897872491416,6.675461,27.3,52.9,19.8,11.48
Brendan,Lavelle,ARC,Defense,Defensemen,003163,7,2025_game_18,7.75,9.666666666666666,18.0,0.0,0.0,3.5,4.0,0.0,0.0,0.0,0.0,0.0,0.0,0.5,0.6666666666666666,0.0,0.0,8.0,7.333333333333333,0.0,0.0,1750608000.0,0.0,ATL,2025-ev-18,7.0,-0.1431314404136445,70.33333333333333,0.0,0.2857142857142857,0.0,0.0,1.0,1.0,1.0,1.0,1.0,1.0,0.9892897872491416,11.188882,33.2,45.6,21.2,12.59
Cam,Wyers,ARC,Defense,Defensemen,003007,5,2025_game_18,7.875,6.0,-3.0,0.45,0.6666666666666666,1.5,1.3333333333333333,0.0,0.0,0.0,0.0,0.05,0.0,0.55,0.3333333333333333,0.0,0.0,3.25,4.0,0.075,0.3333333333333333,1750608000.0,0.2583333333333333,ATL,2025-ev-18,7.0,-0.1431314404136445,70.33333333333333,0.0,0.2857142857142857,0.0,0.0,1.0,1.0,1.0,1.0,1.0,1.0952380952380953,0.9892897872491416,9.07449,33.3,50.7,16.0,13.06
Connor,Maher,ARC,Defense,SSDM,003005,3,2025_game_18,5.832142857142857,0.7666666666666666,-0.5,0.5,0.3333333333333333,1.2142857142857142,0.6666666666666666,0.0,0.0,0.03571428571428571,0.3333333333333333,0.03571428571428571,0.0,0.32142857142857145,0.0,0.15384615384615385,0.6666666666666666,6.25,5.0,0.125,0.0,1750608000.0,-0.125,ATL,2025-ev-18,7.0,-0.1431314404136445,70.33333333333333,0.0,0.2857142857142857,0.0,0.0,1.0,1.0,1.0,1.0,1.0,1.706324905957484,1.2455361916718717,7.758784,33.7,48.3,18.0,12.97
Piper,Bond,ARC,Defense,SSDM,003006,7,2025_game_18,5.7250000000000005,7.433333333333334,12.0,0.6071428571428571,0.3333333333333333,1.7142857142857142,1.3333333333333333,0.0,0.0,0.03571428571428571,0.3333333333333333,0.14285714285714285,0.0,0.42857142857142855,1.0,0.07692307692307693,0.3333333333333333,11.357142857142858,9.666666666666666,0.047619047619047616,0.0,1750608000.0,-0.047619047619047616,ATL,2025-ev-18,7.0,-0.1431314404136445,70.33333333333333,0.0,0.2857142857142857,0.0,0.0,1.0,1.0,1.0,1.0,1.0,0.9388646288209608,1.2455361916718717,9.294252,33.9,48.5,17.6,13.05
TD,Ierlan,RED,Faceoff,Faceoff,001812,41,2025_game_17,21.652272727272727,33.93333333333334,30.1,1.0454545454545454,2.3333333333333335,9.068181818181818,8.333333333333334,0.0,0.0,14.863636363636363,15.333333333333334,0.09090909090909091,0.6666666666666666,0.36363636363636365,0.3333333333333333,0.6093868305768618,0.6219896004378763,9.195818181818181,8.333333333333334,0.13636363636363635,0.4444444444444444,1749861000.0,0.30808080808080807,OUT,2025-ev-17,7.0,0.05052345177824413,22.53333333333333,0.05555555555555555,0.1111111111111111,0.0,0.0,1.0,1.0,1.0,1.0,1.0,1.1601632203211925,1.0322602513458528,25.054247,51.5,43.4,5.1,22.55
TD,Ierlan,RED,Faceoff,Faceoff,001812,37,2025_game_19,21.652272727272727,33.93333333333334,30.1,1.0454545454545454,2.3333333333333335,9.068181818181818,8.333333333333334,0.0,0.0,14.863636363636363,15.333333333333334,0.09090909090909091,0.6666666666666666,0.36363636363636365,0.3333333333333333,0.6093868305768618,0.6219896004378763,9.195818181818181,8.333333333333334,0.13636363636363635,0.4444444444444444,1749861000.0,0.30808080808080807,OUT,2025-ev-17,7.0,0.05052345177824413,22.53333333333333,0.05555555555555555,0.1111111111111111,0.0,0.0,1.0,1.0,1.0,1.0,1.0,1.1601632203211925,1.0322602513458528,25.054247,51.5,43.4,5.1,22.55
Luke,Wierman,OUT,Faceoff,Faceoff,003098,17,2025_game_17,14.719999999999999,10.366666666666665,9.7,1.4666666666666666,0.6666666666666666,6.333333333333333,7.666666666666667,0.0,0.0,12.066666666666666,12.333333333333334,0.06666666666666667,0.0,0.26666666666666666,0.0,0.49084406613179066,0.5390058479532164,7.666666666666667,8.666666666666666,0.23333333333333334,0.0,1750608000.0,-0.23333333333333334,RED,2025-ev-17,7.0,-0.05052345177824413,11.800000000000002,0.05555555555555555,0.0,0.0,0.0,1.0,1.0,1.0,1.0,1.0,1.0385529891304348,0.8949721939589576,4.836,26.8,40.7,32.5,14.01
TD,Ierlan,RED,Faceoff,Faceoff,001812,41,2025_game_17,21.652272727272727,33.93333333333334,30.1,1.0454545454545454,2.3333333333333335,9.068181818181818,8.333333333333334,0.0,0.0,14.863636363636363,15.333333333333334,0.09090909090909091,0.6666666666666666,0.36363636363636365,0.3333333333333333,0.6093868305768618,0.6219896004378763,9.195818181818181,8.333333333333334,0.13636363636363635,0.4444444444444444,1749861000.0,0.30808080808080807,WAT,2025-ev-19,7.0,0.14718382696669874,12.333333333333334,0.05555555555555555,0.25,0.0,0.0,1.0,1.0,1.0,1.0,1.0,0.987124313355026,1.3344436414718157,22.044147,51.7,42.1,6.1,22.47
TD,Ierlan,RED,Faceoff,Faceoff,001812,37,2025_game_19,21.652272727272727,33.93333333333334,30.1,1.0454545454545454,2.3333333333333335,9.068181818181818,8.333333333333334,0.0,0.0,14.863636363636363,15.333333333333334,0.09090909090909091,0.6666666666666666,0.36363636363636365,0.3333333333333333,0.6093868305768618,0.6219896004378763,9.195818181818181,8.333333333333334,0.13636363636363635,0.4444444444444444,1749861000.0,0.30808080808080807,WAT,2025-ev-19,7.0,0.14718382696669874,12.333333333333334,0.05555555555555555,0.25,0.0,0.0,1.0,1.0,1.0,1.0,1.0,0.987124313355026,1.3344436414718157,22.044147,51.7,42.1,6.1,22.47
Alec,Stathakis,WAT,Faceoff,Faceoff,003119,12,2025_game_19,6.072727272727274,6.633333333333333,2.7,0.8181818181818182,1.0,4.636363636363637,6.333333333333333,0.0,0.0,11.0,12.666666666666666,0.0,0.0,0.0,0.0,0.4615870705583624,0.521117608836907,4.909090909090909,6.666666666666667,0.045454545454545456,0.0,1750536000.0,-0.045454545454545456,RED,2025-ev-19,7.0,-0.14718382696669874,11.800000000000002,0.17647058823529413,0.0,0.0,0.0,1.0,1.0,1.0,1.0,1.0,1.0995508982035929,0.8949721939589576,2.6696222,22.8,32.7,44.5,11.77
Justin,Inacio,CHA,Faceoff,Faceoff,002032,10,2025_game_20,7.327272727272728,6.333333333333333,12.5,0.8181818181818182,1.0,4.909090909090909,7.0,0.0,0.0,9.727272727272727,10.0,0.0,0.0,0.0,0.0,0.4107791437310888,0.41732047510079545,4.545454545454546,5.333333333333333,0.09090909090909091,0.0,1750617000.0,-0.09090909090909091,CAN,2025-ev-20,7.0,0.09534924142725898,11.766666666666664,0.29411764705882354,0.0,0.0,0.0,1.0,1.0,1.0,1.0,1.0,1.3473945409429282,1.404103958821127,7.130016,39.2,33.1,27.7,17.29
Zac,Tucci,CAN,Faceoff,Faceoff,002067,21,2025_game_20,12.478947368421053,10.566666666666666,2.8,1.894736842105263,1.3333333333333333,5.7894736842105265,5.0,0.0,0.0,10.631578947368421,11.333333333333334,0.05263157894736842,0.0,0.15789473684210525,0.0,0.4566041741756844,0.4938888888888888,5.526315789473684,5.0,0.09210526315789473,0.16666666666666666,1750546800.0,0.07456140350877193,CHA,2025-ev-20,7.0,-0.09534924142725898,23.466666666666665,0.058823529411764705,0.1111111111111111,0.0,0.0,1.0,1.0,1.0,1.0,1.0,0.8956839589484044,1.0154128296847584,15.757682,48.5,40.4,11.1,21.22
Trevor,Baptiste,ATL,Faceoff,Faceoff,000254,33,2025_game_18,25.86984126984127,18.266666666666666,12.4,1.5714285714285714,1.0,10.317460317460318,8.333333333333334,0.0,0.0,17.07936507936508,15.333333333333334,0.20634920634920634,0.0,0.2222222222222222,0.6666666666666666,0.6611223212797063,0.5634567901234568,11.80504761904762,11.333333333333334,0.1843915343915344,0.0,1750536000.0,-0.1843915343915344,ARC,2025-ev-18,7.0,0.1431314404136445,23.166666666666675,0.17647058823529413,0.0,0.0,0.0,1.0,1.0,1.0,1.0,1.0,0.7602598040075033,0.9286477678653113,22.428736,50.6,43.2,6.2,22.23
Mike,Sisselberger,ARC,Faceoff,Faceoff,003004,7,2025_game_18,14.225,12.733333333333333,6.8,0.9642857142857143,1.3333333333333333,9.035714285714286,6.0,0.0,0.0,14.142857142857142,9.666666666666666,0.07142857142857142,0.3333333333333333,0.10714285714285714,0.0,0.5700134798704877,0.4590835895183722,8.214285714285714,5.333333333333333,0.12797619047619047,0.16666666666666666,1750608000.0,0.03869047619047619,ATL,2025-ev-18,7.0,-0.1431314404136445,7.3999999999999995,0.0,0.2857142857142857,0.0,0.0,1.0,1.0,1.0,1.0,1.0,0.8850112980165704,0.605085551190184,9.793025,45.4,40.2,14.5,20.16
Chayse,Ierlan,RED,Goalie,Goalie,003102,30,2025_game_17,13.2,20.666666666666668,27.0,0.2,0.0,1.0,1.3333333333333333,7.4,10.666666666666666,0.0,0.0,0.0,0.0,0.0,0.0,0.0,0.0,10.0,14.0,0.0,0.0,1749861000.0,0.0,OUT,2025-ev-17,7.0,0.05052345177824413,40.333333333333336,0.05555555555555555,0.1111111111111111,0.0,0.0,1.0,1.0,1.0,1.0,1.0,0.9415584415584416,1.1137946095738593,26.18848,30.5,40.0,29.4,29.16
Chayse,Ierlan,RED,Goalie,Goalie,003102,31,2025_game_19,13.2,20.666666666666668,27.0,0.2,0.0,1.0,1.3333333333333333,7.4,10.666666666666666,0.0,0.0,0.0,0.0,0.0,0.0,0.0,0.0,10.0,14.0,0.0,0.0,1749861000.0,0.0,OUT,2025-ev-17,7.0,0.05052345177824413,40.333333333333336,0.05555555555555555,0.1111111111111111,0.0,0.0,1.0,1.0,1.0,1.0,1.0,0.9415584415584416,1.1137946095738593,26.18848,30.5,40.0,29.4,29.16
Logan,McNaney,OUT,Goalie,Goalie,003169,41,2025_game_17,38.5,38.5,41.0,0.0,0.0,1.0,1.0,15.0,15.0,0.0,0.0,0.0,0.0,0.0,0.0,0.0,0.0,16.0,16.0,0.0,0.0,1750608000.0,0.0,RED,2025-ev-17,7.0,-0.05052345177824413,34.0,0.05555555555555555,0.0,0.0,0.0,1.0,1.0,1.0,1.0,1.0,0.0,1.1346277699962548,16.259838,35.4,39.2,25.4,31.19
Chayse,Ierlan,RED,Goalie,Goalie,003102,30,2025_game_17,13.2,20.666666666666668,27.0,0.2,0.0,1.0,1.3333333333333333,7.4,10.666666666666666,0.0,0.0,0.0,0.0,0.0,0.0,0.0,0.0,10.0,14.0,0.0,0.0,1749861000.0,0.0,WAT,2025-ev-19,7.0,0.14718382696669874,28.666666666666668,0.05555555555555555,0.25,0.0,0.0,1.0,1.0,1.0,1.0,1.0,0.0,1.0970788173029562,30.45776,34.5,43.7,21.8,31.78
Chayse,Ierlan,RED,Goalie,Goalie,003102,31,2025_game_19,13.2,20.666666666666668,27.0,0.2,0.0,1.0,1.3333333333333333,7.4,10.666666666666666,0.0,0.0,0.0,0.0,0.0,0.0,0.0,0.0,10.0,14.0,0.0,0.0,1749861000.0,0.0,WAT,2025-ev-19,7.0,0.14718382696669874,28.666666666666668,0.05555555555555555,0.25,0.0,0.0,1.0,1.0,1.0,1.0,1.0,0.0,1.0970788173029562,30.45776,34.5,43.7,21.8,31.78
Dillon,Ward,WAT,Goalie,Goalie,000418,17,2025_game_19,30.054054054054053,15.0,15.0,0.05405405405405406,0.3333333333333333,1.837837837837838,0.3333333333333333,11.702702702702704,5.666666666666667,0.0,0.0,0.05405405405405406,0.0,0.35135135135135137,0.6666666666666666,0.0,0.0,11.983189189189188,9.0,0.0,0.0,1749852000.0,0.0,RED,2025-ev-19,7.0,-0.14718382696669874,34.0,0.17647058823529413,0.0,0.0,0.0,1.0,1.0,1.0,1.0,1.0,0.8281374900079936,1.1346277699962548,26.485754,42.5,30.6,27.0,32.49
Blaze,Riorden,CHA,Goalie,Goalie,000258,43,2025_game_20,41.98529411764706,34.333333333333336,0.0,0.17647058823529413,0.3333333333333333,2.161764705882353,1.6666666666666667,14.794117647058824,16.0,0.0,0.0,0.17647058823529413,0.0,0.4117647058823529,0.0,0.0,0.0,14.800705882352942,16.0,0.014705882352941176,0.0,1750617000.0,-0.014705882352941176,CAN,2025-ev-20,7.0,0.09534924142725898,25.666666666666668,0.29411764705882354,0.0,0.0,0.0,1.0,1.0,1.0,1.0,1.0,0.9930297723292469,0.9131899194890515,31.03307,34.7,50.8,14.5,33.43
Colin,Kirst,CAN,Goalie,Goalie,002038,17,2025_game_20,30.555555555555557,36.333333333333336,37.0,0.07407407407407407,0.6666666666666666,2.2222222222222223,3.0,12.814814814814815,13.666666666666666,0.0,0.0,0.037037037037037035,0.0,0.14814814814814814,0.3333333333333333,0.0,0.0,17.0,17.0,0.0,0.0,1750546800.0,0.0,CHA,2025-ev-20,7.0,-0.09534924142725898,22.333333333333332,0.058823529411764705,0.1111111111111111,0.0,0.0,1.0,1.0,1.0,1.0,1.0,1.0051948051948052,1.0333497751722212,30.538206,24.1,71.4,4.6,33.21
Liam,Entenmann,ATL,Goalie,Goalie,003079,49,2025_game_18,34.63636363636363,45.666666666666664,62.0,0.09090909090909091,0.3333333333333333,2.5454545454545454,1.3333333333333333,13.545454545454545,17.666666666666668,0.0,0.0,0.09090909090909091,0.3333333333333333,0.18181818181818182,0.0,0.0,0.0,17.545454545454547,20.333333333333332,0.0,0.0,1750536000.0,0.0,ARC,2025-ev-18,7.0,0.1431314404136445,27.333333333333332,0.17647058823529413,0.0,0.0,0.0,1.0,1.0,1.0,1.0,1.0,0.963254593175853,0.829895817638524,27.596102,22.2,64.6,13.2,30.86
Brett,Dobson,ARC,Goalie,Goalie,002026,45,2025_game_18,38.58620689655172,31.666666666666668,32.0,0.06896551724137931,0.0,2.3793103448275863,1.3333333333333333,14.310344827586206,14.0,0.0,0.0,0.034482758620689655,0.0,0.2413793103448276,0.0,0.0,0.0,14.793103448275861,15.333333333333334,0.0,0.0,1750608000.0,0.0,ATL,2025-ev-18,7.0,-0.1431314404136445,32.333333333333336,0.0,0.2857142857142857,0.0,0.0,1.0,1.0,1.0,1.0,1.0,0.9438273969105069,1.108031614097837,36.385777,36.0,49.2,14.7,33.66
